geoid,state,county,tract,tract_name,total_population,total_population_moe,asian_alone,asian_alone_moe,asian_share_pct,chinese_except_taiwanese,chinese_except_taiwanese_moe,taiwanese_alone,taiwanese_alone_moe,chinese_total_estimate,chinese_total_moe,chinese_estimate_lower,chinese_estimate_upper,chinese_relative_moe,chinese_estimate_reliability,chinese_share_pct,chinese_share_of_asian_pct,median_household_income,median_household_income_moe,income_relative_moe,income_top_coded
06037101110,06,037,101110,Census Tract 1011.10; Los Angeles County; California,4294,436,336,168,7.82,25,23,18,29,43,37.013511046643494,5.986488953356506,80.01351104664349,0.8607793266661278,usable_with_caution,1.0,12.8,88438.0,20688.0,0.23392659264117235,False
06037101122,06,037,101122,Census Tract 1011.22; Los Angeles County; California,4124,876,509,179,12.34,49,47,0,14,49,49.040799340956916,0.0,98.04079934095691,1.0008326396113656,high_uncertainty,1.19,9.63,104643.0,40990.0,0.3917127758187361,False
06037101220,06,037,101220,Census Tract 1012.20; Los Angeles County; California,3467,423,484,224,13.96,0,14,0,14,0,19.79898987322333,0.0,19.79898987322333,,zero_estimate,0.0,0.0,92317.0,21248.0,0.23016345851793277,False
06037101221,06,037,101221,Census Tract 1012.21; Los Angeles County; California,3593,599,185,158,5.15,0,14,0,14,0,19.79898987322333,0.0,19.79898987322333,,zero_estimate,0.0,0.0,52204.0,17943.0,0.3437092943069497,False
06037101222,06,037,101222,Census Tract 1012.22; Los Angeles County; California,2290,438,46,50,2.01,10,15,0,14,10,20.518284528683193,0.0,30.518284528683193,2.0518284528683193,high_uncertainty,0.44,21.74,38125.0,37622.0,0.9868065573770491,False
06037101300,06,037,101300,Census Tract 1013; Los Angeles County; California,4253,416,204,87,4.8,7,11,0,14,7,17.804493814764857,0.0,24.804493814764857,2.5434991163949796,high_uncertainty,0.16,3.43,127566.0,22890.0,0.17943652697427215,False
06037101400,06,037,101400,Census Tract 1014; Los Angeles County; California,4006,503,281,236,7.01,0,14,0,14,0,19.79898987322333,0.0,19.79898987322333,,zero_estimate,0.0,0.0,87138.0,22720.0,0.2607358442929606,False
06037102103,06,037,102103,Census Tract 1021.03; Los Angeles County; California,2066,490,155,106,7.5,6,15,0,14,6,20.518284528683193,0.0,26.518284528683193,3.4197140881138655,high_uncertainty,0.29,3.87,76594.0,20040.0,0.2616392928950048,False
06037102104,06,037,102104,Census Tract 1021.04; Los Angeles County; California,4231,615,549,240,12.98,115,139,0,14,115,139.70325694127536,0.0,254.70325694127536,1.2148109299241334,high_uncertainty,2.72,20.95,109460.0,14610.0,0.13347341494609904,False
06037102105,06,037,102105,Census Tract 1021.05; Los Angeles County; California,1519,328,197,104,12.97,0,14,0,14,0,19.79898987322333,0.0,19.79898987322333,,zero_estimate,0.0,0.0,70750.0,39852.0,0.5632791519434629,False
06037102107,06,037,102107,Census Tract 1021.07; Los Angeles County; California,3699,742,151,90,4.08,9,24,0,14,9,27.784887978899608,0.0,36.784887978899604,3.0872097754332897,high_uncertainty,0.24,5.96,106218.0,19510.0,0.1836788491592762,False
06037103101,06,037,103101,Census Tract 1031.01; Los Angeles County; California,2876,354,278,133,9.67,0,14,0,14,0,19.79898987322333,0.0,19.79898987322333,,zero_estimate,0.0,0.0,112083.0,25197.0,0.2248066165252536,False
06037103102,06,037,103102,Census Tract 1031.02; Los Angeles County; California,4475,484,347,187,7.75,0,14,0,14,0,19.79898987322333,0.0,19.79898987322333,,zero_estimate,0.0,0.0,73642.0,26585.0,0.36100323185138916,False
06037103201,06,037,103201,Census Tract 1032.01; Los Angeles County; California,4275,541,401,257,9.38,13,24,0,14,13,27.784887978899608,0.0,40.784887978899604,2.13729907529997,high_uncertainty,0.3,3.24,69347.0,25891.0,0.3733542907407674,False
06037103202,06,037,103202,Census Tract 1032.02; Los Angeles County; California,2146,626,37,34,1.72,13,20,0,14,13,24.413111231467404,0.0,37.413111231467404,1.8779316331898004,high_uncertainty,0.61,35.14,122560.0,10685.0,0.08718178851174935,False
06037103300,06,037,103300,Census Tract 1033; Los Angeles County; California,3781,571,257,131,6.8,11,16,8,16,19,22.627416997969522,0.0,41.62741699796952,1.1909166841036591,high_uncertainty,0.5,7.39,120134.0,32504.0,0.2705645362678343,False
06037103401,06,037,103401,Census Tract 1034.01; Los Angeles County; California,2522,410,285,155,11.3,24,28,0,14,24,31.304951684997057,0.0,55.30495168499706,1.3043729868748775,high_uncertainty,0.95,8.42,101628.0,9109.0,0.08963081040658086,False
06037103402,06,037,103402,Census Tract 1034.02; Los Angeles County; California,3626,599,169,115,4.66,31,40,0,14,31,42.37924020083418,0.0,73.37924020083418,1.3670722645430382,high_uncertainty,0.85,18.34,100059.0,22119.0,0.221059574850838,False
06037104103,06,037,104103,Census Tract 1041.03; Los Angeles County; California,4063,909,221,126,5.44,7,10,0,14,7,17.204650534085253,0.0,24.204650534085253,2.457807219155036,high_uncertainty,0.17,3.17,96607.0,37157.0,0.38462016210005484,False
06037104105,06,037,104105,Census Tract 1041.05; Los Angeles County; California,5766,704,122,109,2.12,6,10,0,19,6,21.470910553583888,0.0,27.470910553583888,3.5784850922639815,high_uncertainty,0.1,4.92,60507.0,9857.0,0.16290677111739138,False
06037104108,06,037,104108,Census Tract 1041.08; Los Angeles County; California,4939,531,191,178,3.87,0,14,0,14,0,19.79898987322333,0.0,19.79898987322333,,zero_estimate,0.0,0.0,74506.0,18518.0,0.24854374144364214,False
06037104124,06,037,104124,Census Tract 1041.24; Los Angeles County; California,3950,522,229,132,5.8,23,32,0,14,23,34.92849839314596,0.0,57.92849839314596,1.5186303649193895,high_uncertainty,0.58,10.04,83958.0,20326.0,0.24209723909573835,False
06037104201,06,037,104201,Census Tract 1042.01; Los Angeles County; California,4337,615,215,273,4.96,0,14,0,14,0,19.79898987322333,0.0,19.79898987322333,,zero_estimate,0.0,0.0,107083.0,32974.0,0.3079293632042434,False
06037104203,06,037,104203,Census Tract 1042.03; Los Angeles County; California,4992,847,55,45,1.1,9,15,0,14,9,20.518284528683193,0.0,29.518284528683193,2.27980939207591,high_uncertainty,0.18,16.36,74008.0,12646.0,0.17087341908982812,False
06037104204,06,037,104204,Census Tract 1042.04; Los Angeles County; California,3577,561,124,73,3.47,13,3,0,14,13,14.317821063276353,0.0,27.317821063276355,1.1013708510212579,high_uncertainty,0.36,10.48,76250.0,24953.0,0.32725245901639344,False
06037104310,06,037,104310,Census Tract 1043.10; Los Angeles County; California,4561,617,14,18,0.31,0,14,0,14,0,19.79898987322333,0.0,19.79898987322333,,zero_estimate,0.0,0.0,92457.0,39384.0,0.4259709919205685,False
06037104321,06,037,104321,Census Tract 1043.21; Los Angeles County; California,2749,583,24,24,0.87,5,7,0,14,5,15.652475842498529,0.0,20.65247584249853,3.1304951684997055,high_uncertainty,0.18,20.83,58047.0,35495.0,0.6114872430961118,False
06037104322,06,037,104322,Census Tract 1043.22; Los Angeles County; California,1778,272,37,53,2.08,17,28,0,14,17,31.304951684997057,0.0,48.30495168499706,1.8414677461762974,high_uncertainty,0.96,45.95,106400.0,31579.0,0.29679511278195486,False
06037104401,06,037,104401,Census Tract 1044.01; Los Angeles County; California,2862,492,0,14,0.0,0,14,0,14,0,19.79898987322333,0.0,19.79898987322333,,zero_estimate,0.0,,77875.0,13272.0,0.17042696629213483,False
06037104403,06,037,104403,Census Tract 1044.03; Los Angeles County; California,2410,377,75,83,3.11,0,14,0,14,0,19.79898987322333,0.0,19.79898987322333,,zero_estimate,0.0,0.0,88571.0,28811.0,0.32528705784060247,False
06037104404,06,037,104404,Census Tract 1044.04; Los Angeles County; California,3477,611,43,45,1.24,22,32,0,14,22,34.92849839314596,0.0,56.92849839314596,1.5876590178702708,high_uncertainty,0.63,51.16,83173.0,19118.0,0.22985824726774315,False
06037104500,06,037,104500,Census Tract 1045; Los Angeles County; California,3472,795,34,30,0.98,7,10,0,14,7,17.204650534085253,0.0,24.204650534085253,2.457807219155036,high_uncertainty,0.2,20.59,75536.0,20307.0,0.26883869942808725,False
06037104610,06,037,104610,Census Tract 1046.10; Los Angeles County; California,3112,553,14,19,0.45,0,14,0,14,0,19.79898987322333,0.0,19.79898987322333,,zero_estimate,0.0,0.0,88171.0,17872.0,0.202697031903914,False
06037104620,06,037,104620,Census Tract 1046.20; Los Angeles County; California,3198,483,6,9,0.19,0,14,0,14,0,19.79898987322333,0.0,19.79898987322333,,zero_estimate,0.0,0.0,91875.0,12483.0,0.13586938775510204,False
06037104701,06,037,104701,Census Tract 1047.01; Los Angeles County; California,4175,462,0,14,0.0,0,14,0,14,0,19.79898987322333,0.0,19.79898987322333,,zero_estimate,0.0,,51000.0,19991.0,0.39198039215686276,False
06037104703,06,037,104703,Census Tract 1047.03; Los Angeles County; California,2493,554,28,35,1.12,0,14,0,14,0,19.79898987322333,0.0,19.79898987322333,,zero_estimate,0.0,0.0,,,,False
06037104704,06,037,104704,Census Tract 1047.04; Los Angeles County; California,4570,718,132,127,2.89,13,20,0,14,13,24.413111231467404,0.0,37.413111231467404,1.8779316331898004,high_uncertainty,0.28,9.85,79340.0,10228.0,0.12891353667759012,False
06037104821,06,037,104821,Census Tract 1048.21; Los Angeles County; California,3194,505,41,43,1.28,0,14,0,14,0,19.79898987322333,0.0,19.79898987322333,,zero_estimate,0.0,0.0,73214.0,23450.0,0.32029393285437213,False
06037104822,06,037,104822,Census Tract 1048.22; Los Angeles County; California,2171,365,95,62,4.38,0,14,0,14,0,19.79898987322333,0.0,19.79898987322333,,zero_estimate,0.0,0.0,51429.0,23218.0,0.4514573489665364,False
06037104823,06,037,104823,Census Tract 1048.23; Los Angeles County; California,3235,704,404,110,12.49,22,37,0,14,22,39.56008088970496,0.0,61.56008088970496,1.7981854949865892,high_uncertainty,0.68,5.45,83906.0,24022.0,0.2862965699711582,False
06037104824,06,037,104824,Census Tract 1048.24; Los Angeles County; California,2576,1091,0,14,0.0,0,14,0,14,0,19.79898987322333,0.0,19.79898987322333,,zero_estimate,0.0,,115625.0,33392.0,0.28879567567567566,False
06037106010,06,037,106010,Census Tract 1060.10; Los Angeles County; California,3653,735,72,53,1.97,0,14,0,14,0,19.79898987322333,0.0,19.79898987322333,,zero_estimate,0.0,0.0,145938.0,22220.0,0.1522564376653099,False
06037106020,06,037,106020,Census Tract 1060.20; Los Angeles County; California,5176,970,250,163,4.83,0,19,0,19,0,26.870057685088806,0.0,26.870057685088806,,zero_estimate,0.0,0.0,124972.0,21563.0,0.1725426495535,False
06037106111,06,037,106111,Census Tract 1061.11; Los Angeles County; California,4920,661,515,290,10.47,85,110,0,14,85,110.8873302050329,0.0,195.8873302050329,1.3045568259415634,high_uncertainty,1.73,16.5,109805.0,29755.0,0.27098037429989524,False
06037106112,06,037,106112,Census Tract 1061.12; Los Angeles County; California,5292,528,358,89,6.76,17,28,0,19,17,33.83784863137726,0.0,50.83784863137726,1.9904616841986624,high_uncertainty,0.32,4.75,114205.0,15404.0,0.13488025918304802,False
06037106113,06,037,106113,Census Tract 1061.13; Los Angeles County; California,4049,456,405,139,10.0,0,14,0,14,0,19.79898987322333,0.0,19.79898987322333,,zero_estimate,0.0,0.0,110032.0,16935.0,0.15390977170277736,False
06037106114,06,037,106114,Census Tract 1061.14; Los Angeles County; California,6808,892,956,790,14.04,18,23,0,19,18,29.832867780352597,0.0,47.8328677803526,1.657381543352922,high_uncertainty,0.26,1.88,86346.0,24961.0,0.2890811386746346,False
06037106403,06,037,106403,Census Tract 1064.03; Los Angeles County; California,3650,331,52,56,1.42,10,12,0,14,10,18.439088914585774,0.0,28.439088914585774,1.8439088914585775,high_uncertainty,0.27,19.23,109417.0,34069.0,0.3113684345211439,False
06037106405,06,037,106405,Census Tract 1064.05; Los Angeles County; California,4137,669,222,127,5.37,0,14,0,14,0,19.79898987322333,0.0,19.79898987322333,,zero_estimate,0.0,0.0,93694.0,12149.0,0.12966678762780967,False
06037106406,06,037,106406,Census Tract 1064.06; Los Angeles County; California,6486,1021,850,377,13.11,0,19,0,19,0,26.870057685088806,0.0,26.870057685088806,,zero_estimate,0.0,0.0,106754.0,14352.0,0.13443992730951534,False
06037106407,06,037,106407,Census Tract 1064.07; Los Angeles County; California,2229,311,62,62,2.78,0,14,0,14,0,19.79898987322333,0.0,19.79898987322333,,zero_estimate,0.0,0.0,32375.0,11093.0,0.34264092664092666,False
06037106408,06,037,106408,Census Tract 1064.08; Los Angeles County; California,3802,487,80,58,2.1,0,14,0,14,0,19.79898987322333,0.0,19.79898987322333,,zero_estimate,0.0,0.0,54552.0,14067.0,0.2578640563132424,False
06037106510,06,037,106510,Census Tract 1065.10; Los Angeles County; California,5724,1036,1214,841,21.21,7,11,0,19,7,21.95449840010015,0.0,28.95449840010015,3.136356914300021,high_uncertainty,0.12,0.58,149135.0,24500.0,0.16428068528514433,False
06037106520,06,037,106520,Census Tract 1065.20; Los Angeles County; California,5270,699,59,64,1.12,41,61,0,19,41,63.89053137985315,0.0,104.89053137985314,1.5583056434110525,high_uncertainty,0.78,69.49,115283.0,44134.0,0.38283181388409393,False
06037106603,06,037,106603,Census Tract 1066.03; Los Angeles County; California,3783,673,681,244,18.0,7,11,0,14,7,17.804493814764857,0.0,24.804493814764857,2.5434991163949796,high_uncertainty,0.19,1.03,169821.0,71168.0,0.41907655708069086,False
06037106604,06,037,106604,Census Tract 1066.04; Los Angeles County; California,4490,490,146,121,3.25,0,14,0,14,0,19.79898987322333,0.0,19.79898987322333,,zero_estimate,0.0,0.0,72386.0,19048.0,0.2631448070068798,False
06037106641,06,037,106641,Census Tract 1066.41; Los Angeles County; California,2280,298,348,81,15.26,18,15,0,14,18,20.518284528683193,0.0,38.518284528683196,1.139904696037955,high_uncertainty,0.79,5.17,123170.0,6675.0,0.0541933912478688,False
06037106642,06,037,106642,Census Tract 1066.42; Los Angeles County; California,3621,630,383,162,10.58,25,30,0,14,25,33.1058907144937,0.0,58.1058907144937,1.3242356285797479,high_uncertainty,0.69,6.53,139500.0,20575.0,0.1474910394265233,False
06037106643,06,037,106643,Census Tract 1066.43; Los Angeles County; California,4082,856,575,272,14.09,97,91,14,26,111,94.64142856064674,16.358571439353256,205.64142856064674,0.852625482528349,usable_with_caution,2.72,19.3,211974.0,49481.0,0.23342957155122798,False
06037106645,06,037,106645,Census Tract 1066.45; Los Angeles County; California,3143,585,486,199,15.46,0,14,0,14,0,19.79898987322333,0.0,19.79898987322333,,zero_estimate,0.0,0.0,159357.0,67837.0,0.4256919997238904,False
06037106646,06,037,106646,Census Tract 1066.46; Los Angeles County; California,3221,343,687,200,21.33,48,53,0,14,48,54.817880294662984,0.0,102.81788029466298,1.1420391728054788,high_uncertainty,1.49,6.99,114107.0,33988.0,0.2978607797944035,False
06037106648,06,037,106648,Census Tract 1066.48; Los Angeles County; California,4517,546,201,261,4.45,0,14,0,14,0,19.79898987322333,0.0,19.79898987322333,,zero_estimate,0.0,0.0,54111.0,35067.0,0.6480567721904973,False
06037106649,06,037,106649,Census Tract 1066.49; Los Angeles County; California,2471,618,385,111,15.58,0,14,0,14,0,19.79898987322333,0.0,19.79898987322333,,zero_estimate,0.0,0.0,110089.0,18362.0,0.16679232257537083,False
06037107010,06,037,107010,Census Tract 1070.10; Los Angeles County; California,2922,313,75,76,2.57,27,36,0,14,27,38.62641583165593,0.0,65.62641583165593,1.4306079937650347,high_uncertainty,0.92,36.0,98281.0,23602.0,0.24014814664075457,False
06037107020,06,037,107020,Census Tract 1070.20; Los Angeles County; California,4953,1097,422,167,8.52,10,31,0,14,10,34.0147027033899,0.0,44.0147027033899,3.40147027033899,high_uncertainty,0.2,2.37,84375.0,31489.0,0.37320296296296296,False
06037108101,06,037,108101,Census Tract 1081.01; Los Angeles County; California,2272,310,522,180,22.98,96,69,45,62,141,92.76313923105448,48.23686076894552,233.76313923105448,0.6578946044755637,usable_with_caution,6.21,27.01,159531.0,38388.0,0.24063034770671532,False
06037108102,06,037,108102,Census Tract 1081.02; Los Angeles County; California,3502,527,1221,437,34.87,126,129,0,14,126,129.75746606650424,0.0,255.75746606650424,1.02982115925797,high_uncertainty,3.6,10.32,133262.0,16514.0,0.12392129789437349,False
06037108103,06,037,108103,Census Tract 1081.03; Los Angeles County; California,3199,375,982,239,30.7,127,90,6,24,133,93.14504817756014,39.85495182243986,226.14504817756014,0.700338708101956,usable_with_caution,4.16,13.54,159677.0,27479.0,0.17209115902728633,False
06037108104,06,037,108104,Census Tract 1081.04; Los Angeles County; California,1723,407,345,108,20.02,62,45,11,12,73,46.57252408878007,26.42747591121993,119.57252408878007,0.6379797820380831,usable_with_caution,4.24,21.16,144375.0,37570.0,0.26022510822510825,False
06037108202,06,037,108202,Census Tract 1082.02; Los Angeles County; California,11154,1495,4412,597,39.56,464,320,0,21,464,320.68832220709254,143.31167779290746,784.6883222070926,0.6911386254463201,usable_with_caution,4.16,10.52,181709.0,33065.0,0.18196677104601314,False
06037108203,06,037,108203,Census Tract 1082.03; Los Angeles County; California,3074,329,1447,331,47.07,216,137,135,121,351,182.7840255602223,168.2159744397777,533.7840255602223,0.5207522095732828,usable_with_caution,11.42,24.26,143000.0,25669.0,0.1795034965034965,False
06037108204,06,037,108204,Census Tract 1082.04; Los Angeles County; California,1849,324,927,169,50.14,105,65,0,14,105,66.49060083951716,38.50939916048284,171.49060083951716,0.633243817519211,usable_with_caution,5.68,11.33,179688.0,43287.0,0.24090089488446642,False
06037109100,06,037,109100,Census Tract 1091; Los Angeles County; California,2783,269,527,237,18.94,27,32,0,14,27,34.92849839314596,0.0,61.92849839314596,1.2936480886350354,high_uncertainty,0.97,5.12,70458.0,11694.0,0.16597121689517158,False
06037109200,06,037,109200,Census Tract 1092; Los Angeles County; California,3094,597,981,603,31.71,0,14,108,122,108,122.80065146407001,0.0,230.80065146407003,1.1370430691117595,high_uncertainty,3.49,11.01,123533.0,11438.0,0.09259064379558499,False
06037109300,06,037,109300,Census Tract 1093; Los Angeles County; California,3156,341,531,150,16.83,3,5,0,14,3,14.866068747318506,0.0,17.866068747318508,4.955356249106169,high_uncertainty,0.1,0.56,121193.0,25440.0,0.20991311379370095,False
06037109400,06,037,109400,Census Tract 1094; Los Angeles County; California,3670,777,213,97,5.8,59,75,0,14,59,76.2954782408499,0.0,135.2954782408499,1.293143698997456,high_uncertainty,1.61,27.7,82083.0,56113.0,0.6836129283773741,False
06037109500,06,037,109500,Census Tract 1095; Los Angeles County; California,3852,749,213,168,5.53,0,14,0,14,0,19.79898987322333,0.0,19.79898987322333,,zero_estimate,0.0,0.0,92188.0,12559.0,0.13623248145094807,False
06037109601,06,037,109601,Census Tract 1096.01; Los Angeles County; California,5141,767,353,226,6.87,0,19,0,19,0,26.870057685088806,0.0,26.870057685088806,,zero_estimate,0.0,0.0,118210.0,22092.0,0.18688774215379408,False
06037109603,06,037,109603,Census Tract 1096.03; Los Angeles County; California,4068,998,414,182,10.18,0,14,0,14,0,19.79898987322333,0.0,19.79898987322333,,zero_estimate,0.0,0.0,84008.0,19641.0,0.2337991619845729,False
06037109604,06,037,109604,Census Tract 1096.04; Los Angeles County; California,3052,495,205,91,6.72,0,14,7,11,7,17.804493814764857,0.0,24.804493814764857,2.5434991163949796,high_uncertainty,0.23,3.41,108188.0,12014.0,0.11104743594483676,False
06037109700,06,037,109700,Census Tract 1097; Los Angeles County; California,4002,645,463,140,11.57,18,21,0,14,18,25.238858928247925,0.0,43.23885892824792,1.402158829347107,high_uncertainty,0.45,3.89,110179.0,17505.0,0.15887782608301038,False
06037109800,06,037,109800,Census Tract 1098; Los Angeles County; California,4444,545,445,236,10.01,44,59,0,14,44,60.63827174318213,0.0,104.63827174318213,1.3781425396177758,high_uncertainty,0.99,9.89,79347.0,31003.0,0.3907268075667637,False
06037111100,06,037,111100,Census Tract 1111; Los Angeles County; California,2989,328,590,180,19.74,26,37,0,14,26,39.56008088970496,0.0,65.56008088970496,1.52154157268096,high_uncertainty,0.87,4.41,108173.0,30872.0,0.2853946918362253,False
06037111201,06,037,111201,Census Tract 1112.01; Los Angeles County; California,3005,667,520,179,17.3,55,51,0,14,55,52.88667128870941,2.113328711290592,107.88667128870941,0.9615758416128983,usable_with_caution,1.83,10.58,122125.0,27483.0,0.22503991811668372,False
06037111202,06,037,111202,Census Tract 1112.02; Los Angeles County; California,6046,1204,954,286,15.78,73,82,6,10,79,82.60750571225353,0.0,161.60750571225353,1.045664629269032,high_uncertainty,1.31,8.28,109630.0,16910.0,0.15424610051993068,False
06037111204,06,037,111204,Census Tract 1112.04; Los Angeles County; California,6274,582,1603,531,25.55,299,125,0,19,299,126.43575443678897,172.56424556321105,425.43575443678895,0.42286205497253837,more_reliable,4.77,18.65,184425.0,15834.0,0.08585603904026026,False
06037111205,06,037,111205,Census Tract 1112.05; Los Angeles County; California,3975,779,1234,244,31.04,52,40,0,14,52,42.37924020083418,9.620759799165818,94.37924020083418,0.8149853884775804,usable_with_caution,1.31,4.21,114464.0,27429.0,0.2396299273133911,False
06037111206,06,037,111206,Census Tract 1112.06; Los Angeles County; California,4177,507,954,307,22.84,102,71,15,23,117,74.63243262818116,42.367567371818836,191.63243262818116,0.6378840395571039,usable_with_caution,2.8,12.26,153355.0,39959.0,0.2605653548955039,False
06037111302,06,037,111302,Census Tract 1113.02; Los Angeles County; California,4893,663,882,246,18.03,105,66,46,76,151,100.65783625729296,50.342163742707044,251.65783625729296,0.6666081871343904,usable_with_caution,3.09,17.12,100975.0,14395.0,0.1425600396137658,False
06037111303,06,037,111303,Census Tract 1113.03; Los Angeles County; California,4424,572,657,106,14.85,60,89,0,14,60,90.09439494219383,0.0,150.09439494219384,1.5015732490365639,high_uncertainty,1.36,9.13,111815.0,30973.0,0.2770021911192595,False
06037111304,06,037,111304,Census Tract 1113.04; Los Angeles County; California,2948,520,740,302,25.1,0,14,37,58,37,59.665735560705194,0.0,96.6657355607052,1.6125874475866269,high_uncertainty,1.26,5.0,45845.0,18467.0,0.4028138292071109,False
06037111401,06,037,111401,Census Tract 1114.01; Los Angeles County; California,2287,344,392,76,17.14,15,18,4,9,19,20.12461179749811,0.0,39.124611797498105,1.0591900946051636,high_uncertainty,0.83,4.85,142500.0,53872.0,0.3780491228070175,False
06037111402,06,037,111402,Census Tract 1114.02; Los Angeles County; California,5888,968,953,573,16.19,8,13,0,19,8,23.021728866442675,0.0,31.021728866442675,2.8777161083053344,high_uncertainty,0.14,0.84,59323.0,7666.0,0.12922475262545724,False
06037113101,06,037,113101,Census Tract 1131.01; Los Angeles County; California,3666,427,590,152,16.09,11,18,27,45,38,48.46648326421054,0.0,86.46648326421054,1.2754337701108036,high_uncertainty,1.04,6.44,137072.0,18077.0,0.1318795961246644,False
06037113102,06,037,113102,Census Tract 1131.02; Los Angeles County; California,2722,269,512,190,18.81,162,104,12,15,174,105.07616285342742,68.92383714657258,279.07616285342743,0.6038859934105024,usable_with_caution,6.39,33.98,200625.0,61619.0,0.3071352024922118,False
06037113211,06,037,113211,Census Tract 1132.11; Los Angeles County; California,4165,588,927,222,22.26,141,101,0,14,141,101.96568050084302,39.03431949915698,242.965680500843,0.723160854615908,usable_with_caution,3.39,15.21,122663.0,31140.0,0.253866284046534,False
06037113212,06,037,113212,Census Tract 1132.12; Los Angeles County; California,2769,323,589,172,21.27,22,37,14,20,36,42.05948168962618,0.0,78.05948168962618,1.1683189358229495,high_uncertainty,1.3,6.11,92431.0,27675.0,0.29941253475565555,False
06037113213,06,037,113213,Census Tract 1132.13; Los Angeles County; California,5002,724,1025,277,20.49,89,103,0,19,89,104.7377677822093,0.0,193.7377677822093,1.1768288514854979,high_uncertainty,1.78,8.68,133241.0,21854.0,0.16401858286863652,False
06037113231,06,037,113231,Census Tract 1132.31; Los Angeles County; California,2305,235,177,84,7.68,66,67,0,14,66,68.4470598345904,0.0,134.4470598345904,1.0370766641604607,high_uncertainty,2.86,37.29,127528.0,10935.0,0.085745875415595,False
06037113232,06,037,113232,Census Tract 1132.32; Los Angeles County; California,5082,621,999,244,19.66,200,165,0,19,200,166.0903368652132,33.9096631347868,366.0903368652132,0.830451684326066,usable_with_caution,3.94,20.02,182422.0,39429.0,0.2161416934360987,False
06037113234,06,037,113234,Census Tract 1132.34; Los Angeles County; California,5411,1228,840,337,15.52,66,61,0,19,66,63.89053137985315,2.109468620146849,129.89053137985314,0.9680383542401992,usable_with_caution,1.22,7.86,65588.0,13099.0,0.1997164115386961,False
06037113235,06,037,113235,Census Tract 1132.35; Los Angeles County; California,1811,343,33,31,1.82,9,15,0,14,9,20.518284528683193,0.0,29.518284528683193,2.27980939207591,high_uncertainty,0.5,27.27,91622.0,22828.0,0.2491541332867652,False
06037113237,06,037,113237,Census Tract 1132.37; Los Angeles County; California,4734,825,1197,759,25.29,59,51,0,14,59,52.88667128870941,6.113328711290592,111.88667128870941,0.8963842591306679,usable_with_caution,1.25,4.93,134926.0,41528.0,0.3077835257845041,False
06037113238,06,037,113238,Census Tract 1132.38; Los Angeles County; California,4171,561,408,202,9.78,25,33,0,14,25,35.84689665786984,0.0,60.84689665786984,1.4338758663147937,high_uncertainty,0.6,6.13,73906.0,22135.0,0.29950207019727765,False
06037113239,06,037,113239,Census Tract 1132.39; Los Angeles County; California,1993,220,168,103,8.43,9,15,0,14,9,20.518284528683193,0.0,29.518284528683193,2.27980939207591,high_uncertainty,0.45,5.36,54880.0,8804.0,0.16042274052478134,False
06037113301,06,037,113301,Census Tract 1133.01; Los Angeles County; California,4300,621,844,293,19.63,229,228,0,14,229,228.42942017174582,0.5705798282541821,457.42942017174585,0.9975083850294577,usable_with_caution,5.33,27.13,135875.0,47259.0,0.3478123275068997,False
06037113303,06,037,113303,Census Tract 1133.03; Los Angeles County; California,4012,267,776,243,19.34,102,89,0,14,102,90.09439494219383,11.90560505780617,192.09439494219384,0.883278381786214,usable_with_caution,2.54,13.14,118036.0,26960.0,0.2284048934223457,False
06037113322,06,037,113322,Census Tract 1133.22; Los Angeles County; California,4919,768,540,289,10.98,51,38,0,14,51,40.496913462633174,10.503086537366826,91.49691346263317,0.7940571267182975,usable_with_caution,1.04,9.44,123250.0,21592.0,0.17518864097363082,False
06037113323,06,037,113323,Census Tract 1133.23; Los Angeles County; California,3416,354,863,268,25.26,26,28,0,14,26,31.304951684997057,0.0,57.30495168499706,1.2040366032691177,high_uncertainty,0.76,3.01,90625.0,33140.0,0.36568275862068966,False
06037113324,06,037,113324,Census Tract 1133.24; Los Angeles County; California,3010,1599,167,111,5.55,38,33,0,14,38,35.84689665786984,2.1531033421301586,73.84689665786985,0.9433393857334169,usable_with_caution,1.26,22.75,104063.0,9109.0,0.08753351335248839,False
06037113423,06,037,113423,Census Tract 1134.23; Los Angeles County; California,2739,706,280,113,10.22,100,70,0,14,100,71.386273190299,28.613726809701006,171.386273190299,0.71386273190299,usable_with_caution,3.65,35.71,113507.0,20808.0,0.18331909045257122,False
06037113424,06,037,113424,Census Tract 1134.24; Los Angeles County; California,3069,535,480,143,15.64,42,39,7,24,49,45.79301256742124,3.2069874325787566,94.79301256742124,0.9345512768861478,usable_with_caution,1.6,10.21,101563.0,30174.0,0.2970963835254965,False
06037113425,06,037,113425,Census Tract 1134.25; Los Angeles County; California,3723,653,323,241,8.68,17,26,0,14,17,29.5296461204668,0.0,46.5296461204668,1.7370380070862823,high_uncertainty,0.46,5.26,73621.0,12667.0,0.17205688594286955,False
06037113426,06,037,113426,Census Tract 1134.26; Los Angeles County; California,2169,312,425,112,19.59,21,20,0,14,21,24.413111231467404,0.0,45.413111231467404,1.1625291062603527,high_uncertainty,0.97,4.94,78581.0,9559.0,0.12164518140517427,False
06037113427,06,037,113427,Census Tract 1134.27; Los Angeles County; California,2402,314,456,205,18.98,56,65,0,14,56,66.49060083951716,0.0,122.49060083951716,1.1873321578485208,high_uncertainty,2.33,12.28,65549.0,4599.0,0.07016125341347694,False
06037113428,06,037,113428,Census Tract 1134.28; Los Angeles County; California,4137,1491,633,194,15.3,84,133,0,14,84,133.73481222179961,0.0,217.73481222179961,1.5920810978785669,high_uncertainty,2.03,13.27,121835.0,31378.0,0.2575450404235236,False
06037115101,06,037,115101,Census Tract 1151.01; Los Angeles County; California,5010,529,962,250,19.2,4,10,23,38,27,39.293765408777,0.0,66.293765408777,1.4553246447695185,high_uncertainty,0.54,2.81,130637.0,52694.0,0.4033619877982501,False
06037115103,06,037,115103,Census Tract 1151.03; Los Angeles County; California,2647,158,701,230,26.48,226,173,16,31,242,175.75551200460256,66.24448799539744,417.75551200460256,0.7262624463000106,usable_with_caution,9.14,34.52,,,,False
06037115104,06,037,115104,Census Tract 1151.04; Los Angeles County; California,4306,709,749,277,17.39,55,47,18,29,73,55.226805085936306,17.773194914063694,128.2268050859363,0.7565315765196754,usable_with_caution,1.7,9.75,76250.0,22377.0,0.2934688524590164,False
06037115202,06,037,115202,Census Tract 1152.02; Los Angeles County; California,6118,1156,883,426,14.43,55,43,18,33,73,54.20332093147061,18.796679068529393,127.20332093147061,0.7425112456365837,usable_with_caution,1.19,8.27,68722.0,25070.0,0.36480311981607055,False
06037115203,06,037,115203,Census Tract 1152.03; Los Angeles County; California,2232,374,388,208,17.38,22,26,31,38,53,46.04345773288535,6.956542267114649,99.04345773288534,0.8687444855261387,usable_with_caution,2.37,13.66,80156.0,30144.0,0.3760666699935126,False
06037115204,06,037,115204,Census Tract 1152.04; Los Angeles County; California,4654,865,903,554,19.4,172,175,0,14,172,175.55910685578235,0.0,347.5591068557824,1.0206924817196648,high_uncertainty,3.7,19.05,111375.0,29113.0,0.26139618406285076,False
06037115301,06,037,115301,Census Tract 1153.01; Los Angeles County; California,4418,673,1252,630,28.34,104,72,0,14,104,73.348483283569,30.651516716431004,177.348483283569,0.705273877726625,usable_with_caution,2.35,8.31,105926.0,21677.0,0.20464286388610917,False
06037115302,06,037,115302,Census Tract 1153.02; Los Angeles County; California,3749,435,410,103,10.94,57,54,0,14,57,55.78530272392541,1.2146972760745882,112.78530272392541,0.9786895214723756,usable_with_caution,1.52,13.9,73547.0,17303.0,0.23526452472568563,False
06037115401,06,037,115401,Census Tract 1154.01; Los Angeles County; California,5755,791,1064,454,18.49,22,36,0,19,22,40.70626487409524,0.0,62.70626487409524,1.850284767004329,high_uncertainty,0.38,2.07,62116.0,9057.0,0.14580784338978686,False
06037115403,06,037,115403,Census Tract 1154.03; Los Angeles County; California,3405,784,406,172,11.92,31,38,0,14,31,40.496913462633174,0.0,71.49691346263317,1.3063520471817154,high_uncertainty,0.91,7.64,72386.0,16721.0,0.23099770673887215,False
06037115404,06,037,115404,Census Tract 1154.04; Los Angeles County; California,2622,459,482,218,18.38,14,15,0,14,14,20.518284528683193,0.0,34.518284528683196,1.4655917520487995,high_uncertainty,0.53,2.9,60774.0,16180.0,0.2662322703787804,False
06037117101,06,037,117101,Census Tract 1171.01; Los Angeles County; California,5209,673,2097,489,40.26,55,54,0,19,55,57.245087125446844,0.0,112.24508712544684,1.0408197659172154,high_uncertainty,1.06,2.62,99375.0,15477.0,0.1557433962264151,False
06037117102,06,037,117102,Census Tract 1171.02; Los Angeles County; California,2256,341,124,60,5.5,3,4,0,14,3,14.560219778561036,0.0,17.560219778561034,4.853406592853679,high_uncertainty,0.13,2.42,82900.0,10777.0,0.13,False
06037117201,06,037,117201,Census Tract 1172.01; Los Angeles County; California,4032,648,457,223,11.33,19,25,0,14,19,28.653097563788805,0.0,47.653097563788805,1.5080577665152002,high_uncertainty,0.47,4.16,56250.0,29481.0,0.5241066666666667,False
06037117202,06,037,117202,Census Tract 1172.02; Los Angeles County; California,2786,440,731,167,26.24,20,20,0,14,20,24.413111231467404,0.0,44.413111231467404,1.2206555615733703,high_uncertainty,0.72,2.74,86146.0,38500.0,0.446915701251364,False
06037117301,06,037,117301,Census Tract 1173.01; Los Angeles County; California,3783,323,551,118,14.57,3,7,0,14,3,15.652475842498529,0.0,18.65247584249853,5.21749194749951,high_uncertainty,0.08,0.54,153321.0,28345.0,0.18487356591725856,False
06037117302,06,037,117302,Census Tract 1173.02; Los Angeles County; California,4698,621,1115,535,23.73,32,35,0,14,32,37.69615364994153,0.0,69.69615364994152,1.1780048015606728,high_uncertainty,0.68,2.87,105991.0,19589.0,0.18481757885103453,False
06037117303,06,037,117303,Census Tract 1173.03; Los Angeles County; California,4219,1072,512,249,12.14,39,49,0,14,39,50.96076922496363,0.0,89.96076922496363,1.3066863903836827,high_uncertainty,0.92,7.62,130724.0,25224.0,0.19295615189253695,False
06037117404,06,037,117404,Census Tract 1174.04; Los Angeles County; California,4924,1303,660,211,13.4,106,127,8,14,114,127.76932339180638,0.0,241.76932339180638,1.1207835385246174,high_uncertainty,2.32,17.27,121366.0,19251.0,0.15861938269367037,False
06037117405,06,037,117405,Census Tract 1174.05; Los Angeles County; California,3358,586,44,38,1.31,0,14,0,14,0,19.79898987322333,0.0,19.79898987322333,,zero_estimate,0.0,0.0,46618.0,12316.0,0.2641897979321292,False
06037117407,06,037,117407,Census Tract 1174.07; Los Angeles County; California,3410,453,48,65,1.41,0,14,0,14,0,19.79898987322333,0.0,19.79898987322333,,zero_estimate,0.0,0.0,56250.0,6215.0,0.11048888888888889,False
06037117408,06,037,117408,Census Tract 1174.08; Los Angeles County; California,2588,321,332,213,12.83,0,14,0,14,0,19.79898987322333,0.0,19.79898987322333,,zero_estimate,0.0,0.0,51836.0,11259.0,0.21720425958793116,False
06037117510,06,037,117510,Census Tract 1175.10; Los Angeles County; California,3788,629,188,151,4.96,0,14,0,14,0,19.79898987322333,0.0,19.79898987322333,,zero_estimate,0.0,0.0,48636.0,9936.0,0.20429311621021465,False
06037117520,06,037,117520,Census Tract 1175.20; Los Angeles County; California,3955,692,202,125,5.11,26,43,0,14,26,45.221676218380054,0.0,71.22167621838005,1.7392952391684635,high_uncertainty,0.66,12.87,58517.0,9999.0,0.1708734213989097,False
06037117530,06,037,117530,Census Tract 1175.30; Los Angeles County; California,5586,721,923,289,16.52,55,51,0,19,55,54.42425929675111,0.5757407032488899,109.4242592967511,0.9895319872136565,usable_with_caution,0.98,5.96,46127.0,8945.0,0.1939211307910768,False
06037119001,06,037,119001,Census Tract 1190.01; Los Angeles County; California,4341,587,935,393,21.54,71,65,0,14,71,66.49060083951716,4.509399160482843,137.49060083951716,0.9364873357678473,usable_with_caution,1.64,7.59,117474.0,28121.0,0.23938062890511944,False
06037119003,06,037,119003,Census Tract 1190.03; Los Angeles County; California,3417,678,208,163,6.09,0,14,0,14,0,19.79898987322333,0.0,19.79898987322333,,zero_estimate,0.0,0.0,99886.0,17131.0,0.17150551628856897,False
06037119004,06,037,119004,Census Tract 1190.04; Los Angeles County; California,2708,1098,118,121,4.36,0,14,0,14,0,19.79898987322333,0.0,19.79898987322333,,zero_estimate,0.0,0.0,92961.0,57906.0,0.6229063800948785,False
06037119201,06,037,119201,Census Tract 1192.01; Los Angeles County; California,3685,783,285,115,7.73,0,14,0,14,0,19.79898987322333,0.0,19.79898987322333,,zero_estimate,0.0,0.0,112138.0,16771.0,0.1495567960905313,False
06037119202,06,037,119202,Census Tract 1192.02; Los Angeles County; California,4240,606,216,243,5.09,3,10,0,14,3,17.204650534085253,0.0,20.204650534085253,5.734883511361751,high_uncertainty,0.07,1.39,82500.0,28430.0,0.3446060606060606,False
06037119310,06,037,119310,Census Tract 1193.10; Los Angeles County; California,3822,582,538,294,14.08,29,50,0,14,29,51.92301994298868,0.0,80.92301994298867,1.7904489635513339,high_uncertainty,0.76,5.39,68429.0,18384.0,0.2686580251063146,False
06037119320,06,037,119320,Census Tract 1193.20; Los Angeles County; California,4160,483,662,188,15.91,0,14,0,14,0,19.79898987322333,0.0,19.79898987322333,,zero_estimate,0.0,0.0,78173.0,46545.0,0.595410179985417,False
06037119340,06,037,119340,Census Tract 1193.40; Los Angeles County; California,3615,483,85,73,2.35,0,14,0,14,0,19.79898987322333,0.0,19.79898987322333,,zero_estimate,0.0,0.0,44569.0,10231.0,0.22955417442617065,False
06037119341,06,037,119341,Census Tract 1193.41; Los Angeles County; California,2625,395,689,177,26.25,0,14,0,14,0,19.79898987322333,0.0,19.79898987322333,,zero_estimate,0.0,0.0,50800.0,5164.0,0.10165354330708662,False
06037119342,06,037,119342,Census Tract 1193.42; Los Angeles County; California,3017,472,443,255,14.68,74,99,0,14,74,99.98499887483122,0.0,173.9849988748312,1.351148633443665,high_uncertainty,2.45,16.7,74671.0,24038.0,0.3219188172115011,False
06037119400,06,037,119400,Census Tract 1194; Los Angeles County; California,4712,786,434,114,9.21,0,14,0,14,0,19.79898987322333,0.0,19.79898987322333,,zero_estimate,0.0,0.0,104732.0,28692.0,0.27395638391322613,False
06037119700,06,037,119700,Census Tract 1197; Los Angeles County; California,4568,805,829,307,18.15,19,29,0,14,19,32.202484376209235,0.0,51.202484376209235,1.6948675987478545,high_uncertainty,0.42,2.29,93500.0,29696.0,0.3176042780748663,False
06037119801,06,037,119801,Census Tract 1198.01; Los Angeles County; California,2601,279,333,144,12.8,0,14,0,14,0,19.79898987322333,0.0,19.79898987322333,,zero_estimate,0.0,0.0,115250.0,38108.0,0.33065509761388284,False
06037119802,06,037,119802,Census Tract 1198.02; Los Angeles County; California,3131,750,565,373,18.05,31,29,0,14,31,32.202484376209235,0.0,63.202484376209235,1.0387898185873947,high_uncertainty,0.99,5.49,84479.0,25713.0,0.304371500609619,False
06037119900,06,037,119900,Census Tract 1199; Los Angeles County; California,4084,643,574,314,14.05,43,70,0,14,43,71.386273190299,0.0,114.386273190299,1.6601458881464881,high_uncertainty,1.05,7.49,85386.0,33333.0,0.39038015599747034,False
06037120010,06,037,120010,Census Tract 1200.10; Los Angeles County; California,2569,323,46,42,1.79,11,18,0,14,11,22.80350850198276,0.0,33.80350850198276,2.073046227452978,high_uncertainty,0.43,23.91,77885.0,33291.0,0.42743788919560893,False
06037120020,06,037,120020,Census Tract 1200.20; Los Angeles County; California,4161,590,756,265,18.17,65,75,0,14,65,76.2954782408499,0.0,141.2954782408499,1.1737765883207678,high_uncertainty,1.56,8.6,48800.0,16265.0,0.33329918032786887,False
06037120030,06,037,120030,Census Tract 1200.30; Los Angeles County; California,2525,301,172,108,6.81,0,14,0,14,0,19.79898987322333,0.0,19.79898987322333,,zero_estimate,0.0,0.0,51983.0,14781.0,0.2843429582748206,False
06037120103,06,037,120103,Census Tract 1201.03; Los Angeles County; California,2793,343,73,50,2.61,0,14,0,14,0,19.79898987322333,0.0,19.79898987322333,,zero_estimate,0.0,0.0,47500.0,17258.0,0.36332631578947366,False
06037120104,06,037,120104,Census Tract 1201.04; Los Angeles County; California,2367,390,409,156,17.28,0,14,0,14,0,19.79898987322333,0.0,19.79898987322333,,zero_estimate,0.0,0.0,55438.0,11552.0,0.20837692557451568,False
06037120105,06,037,120105,Census Tract 1201.05; Los Angeles County; California,2684,391,448,164,16.69,13,15,0,14,13,20.518284528683193,0.0,33.518284528683196,1.5783295791294765,high_uncertainty,0.48,2.9,49118.0,6110.0,0.12439431572946781,False
06037120106,06,037,120106,Census Tract 1201.06; Los Angeles County; California,3974,558,226,127,5.69,0,14,0,14,0,19.79898987322333,0.0,19.79898987322333,,zero_estimate,0.0,0.0,37033.0,7084.0,0.19128885048470284,False
06037120107,06,037,120107,Census Tract 1201.07; Los Angeles County; California,4018,757,304,169,7.57,0,14,0,14,0,19.79898987322333,0.0,19.79898987322333,,zero_estimate,0.0,0.0,39393.0,12670.0,0.3216307465793415,False
06037120108,06,037,120108,Census Tract 1201.08; Los Angeles County; California,4684,594,610,227,13.02,47,75,0,14,47,76.2954782408499,0.0,123.2954782408499,1.6233080476776576,high_uncertainty,1.0,7.7,59726.0,11814.0,0.19780330174463384,False
06037120300,06,037,120300,Census Tract 1203; Los Angeles County; California,5464,761,1487,468,27.21,0,19,0,19,0,26.870057685088806,0.0,26.870057685088806,,zero_estimate,0.0,0.0,59579.0,21851.0,0.3667567431477534,False
06037120400,06,037,120400,Census Tract 1204; Los Angeles County; California,6168,832,1021,360,16.55,0,19,0,19,0,26.870057685088806,0.0,26.870057685088806,,zero_estimate,0.0,0.0,57181.0,14034.0,0.24543117469089382,False
06037121010,06,037,121010,Census Tract 1210.10; Los Angeles County; California,4951,631,309,181,6.24,12,19,0,14,12,23.600847442411894,0.0,35.60084744241189,1.9667372868676578,high_uncertainty,0.24,3.88,81111.0,27848.0,0.343331977167092,False
06037121020,06,037,121020,Census Tract 1210.20; Los Angeles County; California,3671,566,438,217,11.93,43,51,0,14,43,52.88667128870941,0.0,95.88667128870941,1.229922588109521,high_uncertainty,1.17,9.82,75070.0,16923.0,0.22542959904089516,False
06037121101,06,037,121101,Census Tract 1211.01; Los Angeles County; California,3108,501,92,64,2.96,0,14,0,14,0,19.79898987322333,0.0,19.79898987322333,,zero_estimate,0.0,0.0,65536.0,7409.0,0.1130523681640625,False
06037121102,06,037,121102,Census Tract 1211.02; Los Angeles County; California,2436,240,55,45,2.26,20,24,0,14,20,27.784887978899608,0.0,47.784887978899604,1.3892443989449803,high_uncertainty,0.82,36.36,79743.0,20602.0,0.25835496532611013,False
06037121210,06,037,121210,Census Tract 1212.10; Los Angeles County; California,3233,534,290,110,8.97,40,40,0,14,40,42.37924020083418,0.0,82.37924020083418,1.0594810050208545,high_uncertainty,1.24,13.79,75875.0,12581.0,0.1658121911037891,False
06037121221,06,037,121221,Census Tract 1212.21; Los Angeles County; California,2173,327,120,47,5.52,0,14,0,14,0,19.79898987322333,0.0,19.79898987322333,,zero_estimate,0.0,0.0,94792.0,18555.0,0.19574436661321631,False
06037121222,06,037,121222,Census Tract 1212.22; Los Angeles County; California,5396,795,149,98,2.76,0,19,0,19,0,26.870057685088806,0.0,26.870057685088806,,zero_estimate,0.0,0.0,89500.0,21685.0,0.2422905027932961,False
06037121600,06,037,121600,Census Tract 1216; Los Angeles County; California,2580,357,787,302,30.5,47,52,0,14,47,53.85164807134504,0.0,100.85164807134504,1.1457797461988306,high_uncertainty,1.82,5.97,116025.0,23678.0,0.20407670760611937,False
06037121801,06,037,121801,Census Tract 1218.01; Los Angeles County; California,4126,669,274,190,6.64,0,14,0,14,0,19.79898987322333,0.0,19.79898987322333,,zero_estimate,0.0,0.0,56346.0,15598.0,0.27682532921591596,False
06037121802,06,037,121802,Census Tract 1218.02; Los Angeles County; California,3442,393,99,73,2.88,0,14,0,14,0,19.79898987322333,0.0,19.79898987322333,,zero_estimate,0.0,0.0,105781.0,27406.0,0.2590824439171496,False
06037121900,06,037,121900,Census Tract 1219; Los Angeles County; California,2797,548,176,123,6.29,31,42,0,14,31,44.27188724235731,0.0,75.27188724235731,1.4281253949147519,high_uncertainty,1.11,17.61,56115.0,17156.0,0.30572930588969083,False
06037122000,06,037,122000,Census Tract 1220; Los Angeles County; California,5131,793,655,176,12.77,20,24,0,19,20,30.610455730027933,0.0,50.61045573002794,1.5305227865013966,high_uncertainty,0.39,3.05,101444.0,8299.0,0.08180868262292497,False
06037122120,06,037,122120,Census Tract 1221.20; Los Angeles County; California,4394,599,129,111,2.94,0,14,0,14,0,19.79898987322333,0.0,19.79898987322333,,zero_estimate,0.0,0.0,65104.0,19506.0,0.29961292700909314,False
06037122121,06,037,122121,Census Tract 1221.21; Los Angeles County; California,2507,409,321,221,12.8,5,11,0,14,5,17.804493814764857,0.0,22.804493814764857,3.5608987629529714,high_uncertainty,0.2,1.56,61583.0,36174.0,0.5874023675364954,False
06037122122,06,037,122122,Census Tract 1221.22; Los Angeles County; California,2446,584,29,35,1.19,0,14,0,14,0,19.79898987322333,0.0,19.79898987322333,,zero_estimate,0.0,0.0,47524.0,6206.0,0.1305866509553068,False
06037122200,06,037,122200,Census Tract 1222; Los Angeles County; California,3729,450,149,114,4.0,7,10,0,14,7,17.204650534085253,0.0,24.204650534085253,2.457807219155036,high_uncertainty,0.19,4.7,77316.0,7063.0,0.091352372083398,False
06037122410,06,037,122410,Census Tract 1224.10; Los Angeles County; California,3967,552,478,254,12.05,0,14,0,14,0,19.79898987322333,0.0,19.79898987322333,,zero_estimate,0.0,0.0,74479.0,12721.0,0.17079982276883418,False
06037122420,06,037,122420,Census Tract 1224.20; Los Angeles County; California,4757,759,157,127,3.3,62,68,0,14,62,69.42621983083913,0.0,131.42621983083913,1.1197777392070827,high_uncertainty,1.3,39.49,62949.0,11693.0,0.18575354652178747,False
06037123010,06,037,123010,Census Tract 1230.10; Los Angeles County; California,4078,625,72,69,1.77,0,14,0,14,0,19.79898987322333,0.0,19.79898987322333,,zero_estimate,0.0,0.0,58619.0,12102.0,0.20645183302342243,False
06037123020,06,037,123020,Census Tract 1230.20; Los Angeles County; California,2836,438,94,65,3.31,0,14,0,14,0,19.79898987322333,0.0,19.79898987322333,,zero_estimate,0.0,0.0,87036.0,4368.0,0.05018612987729215,False
06037123103,06,037,123103,Census Tract 1231.03; Los Angeles County; California,4134,613,283,155,6.85,10,15,0,14,10,20.518284528683193,0.0,30.518284528683193,2.0518284528683193,high_uncertainty,0.24,3.53,79125.0,18077.0,0.22846129541864138,False
06037123104,06,037,123104,Census Tract 1231.04; Los Angeles County; California,4713,628,687,600,14.58,12,20,0,14,12,24.413111231467404,0.0,36.413111231467404,2.034425935955617,high_uncertainty,0.25,1.75,74831.0,12167.0,0.1625930429902046,False
06037123203,06,037,123203,Census Tract 1232.03; Los Angeles County; California,2643,280,167,194,6.32,0,14,0,14,0,19.79898987322333,0.0,19.79898987322333,,zero_estimate,0.0,0.0,60375.0,21457.0,0.35539544513457555,False
06037123204,06,037,123204,Census Tract 1232.04; Los Angeles County; California,3183,713,165,119,5.18,0,14,17,33,17,35.84689665786984,0.0,52.84689665786984,2.1086409798746963,high_uncertainty,0.53,10.3,67019.0,11931.0,0.17802414240737702,False
06037123205,06,037,123205,Census Tract 1232.05; Los Angeles County; California,2744,691,45,33,1.64,7,11,0,14,7,17.804493814764857,0.0,24.804493814764857,2.5434991163949796,high_uncertainty,0.26,15.56,60625.0,21762.0,0.35896082474226804,False
06037123206,06,037,123206,Census Tract 1232.06; Los Angeles County; California,2480,231,6,9,0.24,0,14,0,14,0,19.79898987322333,0.0,19.79898987322333,,zero_estimate,0.0,0.0,71346.0,22258.0,0.31197264037227035,False
06037123301,06,037,123301,Census Tract 1233.01; Los Angeles County; California,3842,488,962,157,25.04,35,50,0,14,35,51.92301994298868,0.0,86.92301994298867,1.4835148555139623,high_uncertainty,0.91,3.64,71250.0,13987.0,0.19630877192982457,False
06037123303,06,037,123303,Census Tract 1233.03; Los Angeles County; California,2932,361,69,49,2.35,0,14,0,14,0,19.79898987322333,0.0,19.79898987322333,,zero_estimate,0.0,0.0,67115.0,15113.0,0.22518066006108917,False
06037123304,06,037,123304,Census Tract 1233.04; Los Angeles County; California,4269,642,257,265,6.02,11,17,0,14,11,22.02271554554524,0.0,33.02271554554524,2.002065049595022,high_uncertainty,0.26,4.28,50101.0,12829.0,0.25606275323845834,False
06037123410,06,037,123410,Census Tract 1234.10; Los Angeles County; California,3254,500,179,116,5.5,42,69,0,14,42,70.40596565632774,0.0,112.40596565632774,1.676332515626851,high_uncertainty,1.29,23.46,43636.0,10104.0,0.23155192959941334,False
06037123420,06,037,123420,Census Tract 1234.20; Los Angeles County; California,4136,768,200,132,4.84,36,50,0,14,36,51.92301994298868,0.0,87.92301994298867,1.4423061095274634,high_uncertainty,0.87,18.0,56250.0,9660.0,0.17173333333333332,False
06037123510,06,037,123510,Census Tract 1235.10; Los Angeles County; California,4742,591,431,301,9.09,20,38,0,14,20,40.496913462633174,0.0,60.496913462633174,2.024845673131659,high_uncertainty,0.42,4.64,44120.0,7828.0,0.17742520398912057,False
06037123520,06,037,123520,Census Tract 1235.20; Los Angeles County; California,2484,390,183,122,7.37,72,98,0,14,72,98.99494936611666,0.0,170.99494936611666,1.3749298523071758,high_uncertainty,2.9,39.34,65417.0,10005.0,0.15294189583747345,False
06037123601,06,037,123601,Census Tract 1236.01; Los Angeles County; California,5563,699,196,162,3.52,18,25,0,19,18,31.400636936215164,0.0,49.400636936215164,1.7444798297897313,high_uncertainty,0.32,9.18,86607.0,28351.0,0.327352292539864,False
06037123602,06,037,123602,Census Tract 1236.02; Los Angeles County; California,3192,463,145,146,4.54,7,12,0,14,7,18.439088914585774,0.0,25.439088914585774,2.634155559226539,high_uncertainty,0.22,4.83,73580.0,18037.0,0.24513454743136723,False
06037123700,06,037,123700,Census Tract 1237; Los Angeles County; California,4012,565,194,210,4.84,11,14,11,18,22,22.80350850198276,0.0,44.80350850198276,1.036523113726489,high_uncertainty,0.55,11.34,95114.0,22795.0,0.2396597766890258,False
06037123800,06,037,123800,Census Tract 1238; Los Angeles County; California,5814,781,253,190,4.35,56,51,0,19,56,54.42425929675111,1.57574070324889,110.4242592967511,0.9718617731562699,usable_with_caution,0.96,22.13,91790.0,17557.0,0.19127355921124306,False
06037123901,06,037,123901,Census Tract 1239.01; Los Angeles County; California,4289,751,69,66,1.61,0,14,10,17,10,22.02271554554524,0.0,32.02271554554524,2.2022715545545237,high_uncertainty,0.23,14.49,54295.0,11421.0,0.2103508610369279,False
06037123902,06,037,123902,Census Tract 1239.02; Los Angeles County; California,2664,394,261,168,9.8,49,52,0,14,49,53.85164807134504,0.0,102.85164807134504,1.0990132259458172,high_uncertainty,1.84,18.77,100135.0,22078.0,0.22048234882908074,False
06037124000,06,037,124000,Census Tract 1240; Los Angeles County; California,4291,602,234,132,5.45,16,30,0,14,16,33.1058907144937,0.0,49.1058907144937,2.069118169655856,high_uncertainty,0.37,6.84,84464.0,22840.0,0.2704110627012692,False
06037124102,06,037,124102,Census Tract 1241.02; Los Angeles County; California,3715,736,791,676,21.29,0,14,17,23,17,26.92582403567252,0.0,43.92582403567252,1.5838720020983834,high_uncertainty,0.46,2.15,78090.0,15611.0,0.19991035984120886,False
06037124103,06,037,124103,Census Tract 1241.03; Los Angeles County; California,1727,280,161,126,9.32,0,14,0,14,0,19.79898987322333,0.0,19.79898987322333,,zero_estimate,0.0,0.0,62802.0,7074.0,0.11263972484952708,False
06037124104,06,037,124104,Census Tract 1241.04; Los Angeles County; California,2780,492,63,42,2.27,10,15,0,14,10,20.518284528683193,0.0,30.518284528683193,2.0518284528683193,high_uncertainty,0.36,15.87,56250.0,8862.0,0.15754666666666667,False
06037124105,06,037,124105,Census Tract 1241.05; Los Angeles County; California,2199,247,92,50,4.18,8,12,8,13,16,17.69180601295413,0.0,33.69180601295413,1.1057378758096332,high_uncertainty,0.73,17.39,63477.0,15125.0,0.23827528081037225,False
06037124201,06,037,124201,Census Tract 1242.01; Los Angeles County; California,3560,861,305,249,8.57,0,14,0,14,0,19.79898987322333,0.0,19.79898987322333,,zero_estimate,0.0,0.0,76587.0,14581.0,0.19038479115254547,False
06037124203,06,037,124203,Census Tract 1242.03; Los Angeles County; California,2109,254,81,60,3.84,7,8,0,14,7,16.1245154965971,0.0,23.1245154965971,2.3035022137995855,high_uncertainty,0.33,8.64,82083.0,13568.0,0.16529610272529024,False
06037124204,06,037,124204,Census Tract 1242.04; Los Angeles County; California,2324,427,82,80,3.53,6,10,0,14,6,17.204650534085253,0.0,23.204650534085253,2.8674417556808756,high_uncertainty,0.26,7.32,60164.0,23239.0,0.3862608869091151,False
06037124300,06,037,124300,Census Tract 1243; Los Angeles County; California,3052,405,193,129,6.32,0,14,0,14,0,19.79898987322333,0.0,19.79898987322333,,zero_estimate,0.0,0.0,84318.0,34991.0,0.4149884959320667,False
06037124400,06,037,124400,Census Tract 1244; Los Angeles County; California,4397,894,259,150,5.89,58,68,0,14,58,69.42621983083913,0.0,127.42621983083913,1.1970037901868815,high_uncertainty,1.32,22.39,89250.0,25182.0,0.2821512605042017,False
06037124500,06,037,124500,Census Tract 1245; Los Angeles County; California,2791,377,310,215,11.11,17,21,9,15,26,25.80697580112788,0.19302419887211997,51.80697580112788,0.9925759923510723,usable_with_caution,0.93,8.39,80495.0,15540.0,0.19305546928380646,False
06037124600,06,037,124600,Census Tract 1246; Los Angeles County; California,2996,441,212,115,7.08,15,20,0,14,15,24.413111231467404,0.0,39.413111231467404,1.6275407487644935,high_uncertainty,0.5,7.08,103750.0,11446.0,0.11032289156626505,False
06037124700,06,037,124700,Census Tract 1247; Los Angeles County; California,5070,862,419,343,8.26,16,31,15,28,31,41.773197148410844,0.0,72.77319714841084,1.3475224886584143,high_uncertainty,0.61,7.4,111994.0,36347.0,0.32454417200921476,False
06037124902,06,037,124902,Census Tract 1249.02; Los Angeles County; California,3074,647,601,405,19.55,83,108,0,14,83,108.90362712049586,0.0,191.90362712049586,1.3120918930180223,high_uncertainty,2.7,13.81,75378.0,13183.0,0.1748918782668683,False
06037124903,06,037,124903,Census Tract 1249.03; Los Angeles County; California,3848,403,484,271,12.58,10,16,17,26,27,30.528675044947494,0.0,57.52867504494749,1.1306916683313888,high_uncertainty,0.7,5.58,86600.0,23640.0,0.27297921478060044,False
06037125101,06,037,125101,Census Tract 1251.01; Los Angeles County; California,4478,734,381,211,8.51,85,88,0,14,85,89.10667763978185,0.0,174.10667763978185,1.0483138545856687,high_uncertainty,1.9,22.31,78135.0,5507.0,0.0704805784859538,False
06037125102,06,037,125102,Census Tract 1251.02; Los Angeles County; California,2155,264,79,68,3.67,0,14,0,14,0,19.79898987322333,0.0,19.79898987322333,,zero_estimate,0.0,0.0,120375.0,46191.0,0.38372585669781933,False
06037125200,06,037,125200,Census Tract 1252; Los Angeles County; California,4151,541,220,104,5.3,45,41,13,19,58,45.18849411078001,12.811505889219987,103.18849411078001,0.7791119674272416,usable_with_caution,1.4,26.36,86109.0,16004.0,0.18585745973127082,False
06037125310,06,037,125310,Census Tract 1253.10; Los Angeles County; California,4373,650,351,216,8.03,56,52,0,14,56,53.85164807134504,2.148351928654961,109.85164807134504,0.96163657270259,usable_with_caution,1.28,15.95,72833.0,33335.0,0.45769088188046625,False
06037125321,06,037,125321,Census Tract 1253.21; Los Angeles County; California,2776,547,307,163,11.06,40,42,33,54,73,68.41052550594829,4.589474494051714,141.41052550594827,0.9371304863828532,usable_with_caution,2.63,23.78,69053.0,18857.0,0.27308009789581916,False
06037125322,06,037,125322,Census Tract 1253.22; Los Angeles County; California,2542,461,163,104,6.41,0,14,14,22,14,26.076809620810597,0.0,40.07680962081059,1.8626292586293283,high_uncertainty,0.55,8.59,52780.0,17737.0,0.33605532398635846,False
06037125402,06,037,125402,Census Tract 1254.02; Los Angeles County; California,4099,585,365,374,8.9,0,14,0,14,0,19.79898987322333,0.0,19.79898987322333,,zero_estimate,0.0,0.0,83182.0,21826.0,0.26238849751148086,False
06037125403,06,037,125403,Census Tract 1254.03; Los Angeles County; California,2726,480,297,131,10.9,42,44,0,14,42,46.17358552246078,0.0,88.17358552246078,1.0993710838681139,high_uncertainty,1.54,14.14,93750.0,8494.0,0.09060266666666666,False
06037125404,06,037,125404,Census Tract 1254.04; Los Angeles County; California,2973,504,214,187,7.2,111,161,0,14,111,161.60754932861275,0.0,272.6075493286128,1.4559238678253401,high_uncertainty,3.73,51.87,81976.0,8302.0,0.10127354347613936,False
06037125501,06,037,125501,Census Tract 1255.01; Los Angeles County; California,2911,396,276,131,9.48,56,56,0,14,56,57.723478758647246,0.0,113.72347875864725,1.0307764064044151,high_uncertainty,1.92,20.29,67171.0,21482.0,0.3198106325646484,False
06037125502,06,037,125502,Census Tract 1255.02; Los Angeles County; California,3751,543,248,114,6.61,47,57,8,13,55,58.463663928973865,0.0,113.46366392897386,1.0629757077995248,high_uncertainty,1.47,22.18,95662.0,14837.0,0.15509815809830443,False
06037125600,06,037,125600,Census Tract 1256; Los Angeles County; California,3043,465,276,194,9.07,38,38,0,14,38,40.496913462633174,0.0,78.49691346263317,1.0657082490166625,high_uncertainty,1.25,13.77,104647.0,11070.0,0.10578420786071269,False
06037127102,06,037,127102,Census Tract 1271.02; Los Angeles County; California,5315,646,323,199,6.08,63,74,0,19,63,76.40026177965623,0.0,139.40026177965623,1.2127025679310512,high_uncertainty,1.19,19.5,79653.0,20844.0,0.26168505894316596,False
06037127103,06,037,127103,Census Tract 1271.03; Los Angeles County; California,3468,551,336,186,9.69,0,14,0,14,0,19.79898987322333,0.0,19.79898987322333,,zero_estimate,0.0,0.0,51558.0,8251.0,0.16003336048721828,False
06037127104,06,037,127104,Census Tract 1271.04; Los Angeles County; California,4482,1026,317,229,7.07,21,32,0,14,21,34.92849839314596,0.0,55.92849839314596,1.6632618282450455,high_uncertainty,0.47,6.62,66703.0,10469.0,0.15694946254291411,False
06037127210,06,037,127210,Census Tract 1272.10; Los Angeles County; California,5608,647,611,336,10.9,54,59,0,19,54,61.98386886924694,0.0,115.98386886924695,1.1478494235045729,high_uncertainty,0.96,8.84,67852.0,12155.0,0.17913989270765784,False
06037127220,06,037,127220,Census Tract 1272.20; Los Angeles County; California,4792,733,647,311,13.5,135,142,0,14,135,142.68847185389575,0.0,277.68847185389575,1.0569516433621908,high_uncertainty,2.82,20.87,54778.0,6073.0,0.11086567600131439,False
06037127300,06,037,127300,Census Tract 1273; Los Angeles County; California,3740,676,296,108,7.91,31,34,0,14,31,36.76955262170047,0.0,67.76955262170047,1.1861146007000152,high_uncertainty,0.83,10.47,76750.0,14768.0,0.1924169381107492,False
06037127400,06,037,127400,Census Tract 1274; Los Angeles County; California,5620,679,283,222,5.04,0,19,15,23,15,29.832867780352597,0.0,44.8328677803526,1.9888578520235065,high_uncertainty,0.27,5.3,64614.0,14070.0,0.21775466617141795,False
06037127520,06,037,127520,Census Tract 1275.20; Los Angeles County; California,4443,776,260,89,5.85,25,42,0,14,25,44.27188724235731,0.0,69.27188724235731,1.7708754896942924,high_uncertainty,0.56,9.62,53187.0,3583.0,0.06736608569763287,False
06037127603,06,037,127603,Census Tract 1276.03; Los Angeles County; California,2677,290,168,93,6.28,6,10,0,14,6,17.204650534085253,0.0,23.204650534085253,2.8674417556808756,high_uncertainty,0.22,3.57,62414.0,15625.0,0.2503444739962188,False
06037127604,06,037,127604,Census Tract 1276.04; Los Angeles County; California,3021,400,173,96,5.73,7,11,0,14,7,17.804493814764857,0.0,24.804493814764857,2.5434991163949796,high_uncertainty,0.23,4.05,48807.0,22372.0,0.45837687216997564,False
06037127605,06,037,127605,Census Tract 1276.05; Los Angeles County; California,3561,697,86,78,2.42,31,39,0,14,31,41.43669871020132,0.0,72.43669871020131,1.3366677003290748,high_uncertainty,0.87,36.05,69540.0,17967.0,0.2583692838654012,False
06037127606,06,037,127606,Census Tract 1276.06; Los Angeles County; California,3436,498,482,240,14.03,30,41,0,14,30,43.32435804486894,0.0,73.32435804486894,1.444145268162298,high_uncertainty,0.87,6.22,75688.0,11445.0,0.15121287390339289,False
06037127711,06,037,127711,Census Tract 1277.11; Los Angeles County; California,2958,362,384,193,12.98,21,30,0,14,21,33.1058907144937,0.0,54.1058907144937,1.5764709864044617,high_uncertainty,0.71,5.47,97813.0,8554.0,0.08745258810178606,False
06037127712,06,037,127712,Census Tract 1277.12; Los Angeles County; California,4520,900,203,132,4.49,0,14,0,14,0,19.79898987322333,0.0,19.79898987322333,,zero_estimate,0.0,0.0,75256.0,15034.0,0.19977144679493994,False
06037127803,06,037,127803,Census Tract 1278.03; Los Angeles County; California,5006,799,691,600,13.8,30,38,0,19,30,42.485291572496,0.0,72.48529157249601,1.4161763857498668,high_uncertainty,0.6,4.34,69468.0,10650.0,0.15330799792710312,False
06037127804,06,037,127804,Census Tract 1278.04; Los Angeles County; California,4501,1123,737,301,16.37,3,7,9,13,12,14.7648230602334,0.0,26.7648230602334,1.2304019216861166,high_uncertainty,0.27,1.63,66563.0,16183.0,0.24312305635262835,False
06037127805,06,037,127805,Census Tract 1278.05; Los Angeles County; California,3287,545,142,121,4.32,0,14,0,14,0,19.79898987322333,0.0,19.79898987322333,,zero_estimate,0.0,0.0,63333.0,24810.0,0.3917389038889678,False
06037127806,06,037,127806,Census Tract 1278.06; Los Angeles County; California,3697,525,225,126,6.09,53,44,0,14,53,46.17358552246078,6.826414477539217,99.17358552246078,0.8711997268388827,usable_with_caution,1.43,23.56,75625.0,33906.0,0.44834380165289256,False
06037127910,06,037,127910,Census Tract 1279.10; Los Angeles County; California,5103,572,433,189,8.49,0,19,0,19,0,26.870057685088806,0.0,26.870057685088806,,zero_estimate,0.0,0.0,65986.0,13747.0,0.20833207043918406,False
06037127920,06,037,127920,Census Tract 1279.20; Los Angeles County; California,4190,767,217,173,5.18,114,119,0,14,114,119.82069938036582,0.0,233.82069938036582,1.051058766494437,high_uncertainty,2.72,52.53,74375.0,11129.0,0.14963361344537815,False
06037128101,06,037,128101,Census Tract 1281.01; Los Angeles County; California,3083,418,118,98,3.83,10,19,0,14,10,23.600847442411894,0.0,33.60084744241189,2.360084744241189,high_uncertainty,0.32,8.47,95990.0,21781.0,0.22690905302635692,False
06037128102,06,037,128102,Census Tract 1281.02; Los Angeles County; California,4864,679,226,136,4.65,26,34,0,14,26,36.76955262170047,0.0,62.76955262170047,1.414213562373095,high_uncertainty,0.53,11.5,54750.0,9962.0,0.18195433789954338,False
06037128210,06,037,128210,Census Tract 1282.10; Los Angeles County; California,4701,827,88,80,1.87,0,14,0,14,0,19.79898987322333,0.0,19.79898987322333,,zero_estimate,0.0,0.0,48871.0,16478.0,0.3371733748030529,False
06037128220,06,037,128220,Census Tract 1282.20; Los Angeles County; California,3228,401,250,147,7.74,20,21,0,14,20,25.238858928247925,0.0,45.23885892824792,1.2619429464123963,high_uncertainty,0.62,8.0,63996.0,18469.0,0.28859616226014123,False
06037128302,06,037,128302,Census Tract 1283.02; Los Angeles County; California,4159,675,345,259,8.3,0,14,0,14,0,19.79898987322333,0.0,19.79898987322333,,zero_estimate,0.0,0.0,58929.0,13647.0,0.23158377029985236,False
06037128303,06,037,128303,Census Tract 1283.03; Los Angeles County; California,3453,651,84,69,2.43,0,14,0,14,0,19.79898987322333,0.0,19.79898987322333,,zero_estimate,0.0,0.0,45486.0,14937.0,0.3283867563645957,False
06037128400,06,037,128400,Census Tract 1284; Los Angeles County; California,4285,511,282,146,6.58,23,28,0,14,23,31.304951684997057,0.0,54.30495168499706,1.3610848558694373,high_uncertainty,0.54,8.16,137250.0,14032.0,0.1022367941712204,False
06037128500,06,037,128500,Census Tract 1285; Los Angeles County; California,4341,476,222,118,5.11,32,39,0,14,32,41.43669871020132,0.0,73.43669871020131,1.2948968346937912,high_uncertainty,0.74,14.41,92368.0,42618.0,0.4613935562099428,False
06037128601,06,037,128601,Census Tract 1286.01; Los Angeles County; California,5042,894,202,173,4.01,155,164,0,19,155,165.0969412193939,0.0,320.0969412193939,1.0651415562541542,high_uncertainty,3.07,76.73,67452.0,15060.0,0.22326988080412738,False
06037128602,06,037,128602,Census Tract 1286.02; Los Angeles County; California,2725,425,117,82,4.29,37,52,0,14,37,53.85164807134504,0.0,90.85164807134504,1.4554499478741902,high_uncertainty,1.36,31.62,108693.0,31274.0,0.2877278205588216,False
06037128703,06,037,128703,Census Tract 1287.03; Los Angeles County; California,3429,780,100,80,2.92,53,57,0,14,53,58.69412236331676,0.0,111.69412236331675,1.1074362710059766,high_uncertainty,1.55,53.0,69604.0,35782.0,0.5140796505947934,False
06037128704,06,037,128704,Census Tract 1287.04; Los Angeles County; California,2564,247,237,137,9.24,103,123,0,14,103,123.79418403139947,0.0,226.79418403139948,1.2018852818582473,high_uncertainty,4.02,43.46,155469.0,32702.0,0.21034418437116081,False
06037128801,06,037,128801,Census Tract 1288.01; Los Angeles County; California,3827,581,401,199,10.48,68,61,0,14,68,62.5859409132754,5.414059086724599,130.5859409132754,0.9203814840187559,usable_with_caution,1.78,16.96,88571.0,17936.0,0.20250420566551128,False
06037128802,06,037,128802,Census Tract 1288.02; Los Angeles County; California,4457,696,755,265,16.94,296,255,0,14,296,255.38402455909414,40.615975440905856,551.3840245590941,0.8627838667536964,usable_with_caution,6.64,39.21,90503.0,28243.0,0.31206700330375786,False
06037128910,06,037,128910,Census Tract 1289.10; Los Angeles County; California,4495,642,471,209,10.48,42,36,9,13,51,38.27531841800928,12.724681581990723,89.27531841800928,0.7504964395688094,usable_with_caution,1.13,10.83,107625.0,20569.0,0.19111730545876887,False
06037131021,06,037,131021,Census Tract 1310.21; Los Angeles County; California,3202,673,393,183,12.27,0,14,0,14,0,19.79898987322333,0.0,19.79898987322333,,zero_estimate,0.0,0.0,62121.0,17717.0,0.2852014616635276,False
06037131022,06,037,131022,Census Tract 1310.22; Los Angeles County; California,2874,438,568,250,19.76,0,14,0,14,0,19.79898987322333,0.0,19.79898987322333,,zero_estimate,0.0,0.0,45784.0,20039.0,0.43768565437707496,False
06037131023,06,037,131023,Census Tract 1310.23; Los Angeles County; California,2615,317,539,203,20.61,37,50,0,14,37,51.92301994298868,0.0,88.92301994298867,1.4033248633240185,high_uncertainty,1.41,6.86,90352.0,14615.0,0.16175624225252347,False
06037131024,06,037,131024,Census Tract 1310.24; Los Angeles County; California,3679,1013,384,172,10.44,96,129,0,14,96,129.75746606650424,0.0,225.75746606650424,1.3516402715260858,high_uncertainty,2.61,25.0,96198.0,31513.0,0.32758477307220524,False
06037131100,06,037,131100,Census Tract 1311; Los Angeles County; California,3051,423,271,161,8.88,42,33,0,14,42,35.84689665786984,6.153103342130159,77.84689665786985,0.8534975394730915,usable_with_caution,1.38,15.5,103819.0,19351.0,0.1863917009410609,False
06037131200,06,037,131200,Census Tract 1312; Los Angeles County; California,3585,628,331,162,9.23,0,14,0,14,0,19.79898987322333,0.0,19.79898987322333,,zero_estimate,0.0,0.0,133958.0,33531.0,0.25030979859358904,False
06037131300,06,037,131300,Census Tract 1313; Los Angeles County; California,4668,737,603,422,12.92,27,44,0,14,27,46.17358552246078,0.0,73.17358552246078,1.7101327971281772,high_uncertainty,0.58,4.48,122989.0,24358.0,0.19805023213458114,False
06037131400,06,037,131400,Census Tract 1314; Los Angeles County; California,5932,921,740,229,12.47,46,46,0,19,46,49.76946855251722,0.0,95.76946855251722,1.081944968532983,high_uncertainty,0.78,6.22,100725.0,16385.0,0.1626706378754033,False
06037131600,06,037,131600,Census Tract 1316; Los Angeles County; California,5289,829,692,132,13.08,11,18,0,19,11,26.1725046566048,0.0,37.1725046566048,2.3793186051458908,high_uncertainty,0.21,1.59,92973.0,16016.0,0.17226506620201565,False
06037131701,06,037,131701,Census Tract 1317.01; Los Angeles County; California,4896,685,1216,609,24.84,58,52,59,88,117,102.2154587134451,14.784541286554898,219.21545871344512,0.8736363992602145,usable_with_caution,2.39,9.62,72321.0,23424.0,0.32388932675156595,False
06037131702,06,037,131702,Census Tract 1317.02; Los Angeles County; California,3344,578,285,208,8.52,35,43,0,14,35,45.221676218380054,0.0,80.22167621838005,1.2920478919537157,high_uncertainty,1.05,12.28,79745.0,9500.0,0.1191297260016302,False
06037131801,06,037,131801,Census Tract 1318.01; Los Angeles County; California,3127,531,606,353,19.38,20,24,0,14,20,27.784887978899608,0.0,47.784887978899604,1.3892443989449803,high_uncertainty,0.64,3.3,59955.0,19356.0,0.322842131598699,False
06037131802,06,037,131802,Census Tract 1318.02; Los Angeles County; California,2264,516,336,148,14.84,0,14,0,14,0,19.79898987322333,0.0,19.79898987322333,,zero_estimate,0.0,0.0,99345.0,10029.0,0.10095123056016911,False
06037131900,06,037,131900,Census Tract 1319; Los Angeles County; California,4038,740,379,132,9.39,148,91,13,25,161,94.37160589923221,66.62839410076779,255.3716058992322,0.586159042852374,usable_with_caution,3.99,42.48,136875.0,20932.0,0.15292785388127855,False
06037132001,06,037,132001,Census Tract 1320.01; Los Angeles County; California,2716,307,329,157,12.11,79,68,0,14,79,69.42621983083913,9.57378016916087,148.42621983083913,0.8788129092511282,usable_with_caution,2.91,24.01,127039.0,22415.0,0.17644188005258227,False
06037132002,06,037,132002,Census Tract 1320.02; Los Angeles County; California,3501,751,147,98,4.2,70,73,0,14,70,74.33034373659252,0.0,144.3303437365925,1.0618620533798933,high_uncertainty,2.0,47.62,108944.0,21850.0,0.20056175649875166,False
06037132101,06,037,132101,Census Tract 1321.01; Los Angeles County; California,4290,1220,248,135,5.78,57,54,0,14,57,55.78530272392541,1.2146972760745882,112.78530272392541,0.9786895214723756,usable_with_caution,1.33,22.98,64821.0,23421.0,0.3613180913592817,False
06037132102,06,037,132102,Census Tract 1321.02; Los Angeles County; California,5143,796,924,490,17.97,36,40,0,19,36,44.28317965096906,0.0,80.28317965096906,1.2300883236380296,high_uncertainty,0.7,3.9,80469.0,11767.0,0.1462302253041544,False
06037132301,06,037,132301,Census Tract 1323.01; Los Angeles County; California,3604,634,692,306,19.2,129,153,0,14,129,153.63918770938616,0.0,282.6391877093862,1.1910014551115207,high_uncertainty,3.58,18.64,51181.0,19761.0,0.3861003106621598,False
06037132302,06,037,132302,Census Tract 1323.02; Los Angeles County; California,2904,753,508,605,17.49,13,18,0,14,13,22.80350850198276,0.0,35.80350850198276,1.7541160386140584,high_uncertainty,0.45,2.56,76156.0,28220.0,0.3705551762172383,False
06037132501,06,037,132501,Census Tract 1325.01; Los Angeles County; California,5052,897,388,172,7.68,4,6,0,19,4,19.924858845171276,0.0,23.924858845171276,4.981214711292819,high_uncertainty,0.08,1.03,86696.0,21190.0,0.24441727415336348,False
06037132502,06,037,132502,Census Tract 1325.02; Los Angeles County; California,3495,450,229,120,6.55,24,36,0,14,24,38.62641583165593,0.0,62.62641583165593,1.6094339929856638,high_uncertainty,0.69,10.48,73558.0,14423.0,0.1960765654313603,False
06037132700,06,037,132700,Census Tract 1327; Los Angeles County; California,5150,636,237,136,4.6,27,43,0,19,27,47.01063709417264,0.0,74.01063709417264,1.741134707191579,high_uncertainty,0.52,11.39,93661.0,32752.0,0.3496866358462968,False
06037132900,06,037,132900,Census Tract 1329; Los Angeles County; California,4026,723,329,172,8.17,30,37,0,14,30,39.56008088970496,0.0,69.56008088970496,1.3186693629901654,high_uncertainty,0.75,9.12,126292.0,41248.0,0.3266081778734995,False
06037133000,06,037,133000,Census Tract 1330; Los Angeles County; California,3979,555,359,128,9.02,78,134,0,14,78,134.72935834479432,0.0,212.72935834479432,1.7272994659589016,high_uncertainty,1.96,21.73,98042.0,30472.0,0.31080557312172336,False
06037133101,06,037,133101,Census Tract 1331.01; Los Angeles County; California,1718,161,211,118,12.28,0,14,0,14,0,19.79898987322333,0.0,19.79898987322333,,zero_estimate,0.0,0.0,113993.0,11191.0,0.09817269481459388,False
06037133102,06,037,133102,Census Tract 1331.02; Los Angeles County; California,3629,639,645,405,17.77,0,14,0,14,0,19.79898987322333,0.0,19.79898987322333,,zero_estimate,0.0,0.0,56088.0,35838.0,0.6389602053915276,False
06037134001,06,037,134001,Census Tract 1340.01; Los Angeles County; California,3694,340,272,87,7.36,0,14,0,14,0,19.79898987322333,0.0,19.79898987322333,,zero_estimate,0.0,0.0,92632.0,14089.0,0.15209646774332844,False
06037134002,06,037,134002,Census Tract 1340.02; Los Angeles County; California,4020,712,418,216,10.4,8,13,0,14,8,19.1049731745428,0.0,27.1049731745428,2.38812164681785,high_uncertainty,0.2,1.91,81023.0,26469.0,0.3266850153660072,False
06037134101,06,037,134101,Census Tract 1341.01; Los Angeles County; California,4515,593,1559,413,34.53,11,18,0,14,11,22.80350850198276,0.0,33.80350850198276,2.073046227452978,high_uncertainty,0.24,0.71,90227.0,20365.0,0.22570849080652133,False
06037134103,06,037,134103,Census Tract 1341.03; Los Angeles County; California,4132,941,777,270,18.8,28,35,0,14,28,37.69615364994153,0.0,65.69615364994152,1.346291201783626,high_uncertainty,0.68,3.6,78672.0,29767.0,0.37836841570063046,False
06037134104,06,037,134104,Census Tract 1341.04; Los Angeles County; California,4220,530,1408,441,33.36,20,24,0,14,20,27.784887978899608,0.0,47.784887978899604,1.3892443989449803,high_uncertainty,0.47,1.42,75313.0,22216.0,0.2949822739766043,False
06037134201,06,037,134201,Census Tract 1342.01; Los Angeles County; California,4149,675,1038,530,25.02,14,23,40,52,54,56.859475903318,0.0,110.859475903318,1.0529532574688518,high_uncertainty,1.3,5.2,120833.0,40455.0,0.33480092358875474,False
06037134302,06,037,134302,Census Tract 1343.02; Los Angeles County; California,4172,637,794,363,19.03,66,77,0,14,66,78.26237921249263,0.0,144.26237921249265,1.1857936244317067,high_uncertainty,1.58,8.31,131250.0,48394.0,0.3687161904761905,False
06037134303,06,037,134303,Census Tract 1343.03; Los Angeles County; California,5398,586,719,227,13.32,16,18,0,19,16,26.1725046566048,0.0,42.1725046566048,1.6357815410378,high_uncertainty,0.3,2.23,106840.0,40408.0,0.37821040808685885,False
06037134304,06,037,134304,Census Tract 1343.04; Los Angeles County; California,2895,255,490,135,16.93,14,18,0,14,14,22.80350850198276,0.0,36.80350850198276,1.6288220358559113,high_uncertainty,0.48,2.86,84205.0,34050.0,0.40437028680007125,False
06037134305,06,037,134305,Census Tract 1343.05; Los Angeles County; California,3659,691,265,192,7.24,0,14,0,14,0,19.79898987322333,0.0,19.79898987322333,,zero_estimate,0.0,0.0,60197.0,19501.0,0.32395302091466355,False
06037134306,06,037,134306,Census Tract 1343.06; Los Angeles County; California,3560,663,769,385,21.6,182,187,0,14,182,187.52333188166213,0.0,369.5233318816621,1.0303479773717699,high_uncertainty,5.11,23.67,52038.0,12518.0,0.2405549790537684,False
06037134421,06,037,134421,Census Tract 1344.21; Los Angeles County; California,4238,601,724,251,17.08,218,129,0,14,218,129.75746606650424,88.24253393349576,347.7574660665042,0.5952177342500194,usable_with_caution,5.14,30.11,165109.0,34308.0,0.20779000539037848,False
06037134422,06,037,134422,Census Tract 1344.22; Los Angeles County; California,4956,612,982,275,19.81,99,91,0,14,99,92.07062506576133,6.929374934238666,191.07062506576133,0.9300063137955691,usable_with_caution,2.0,10.08,158839.0,17032.0,0.10722807370985715,False
06037134423,06,037,134423,Census Tract 1344.23; Los Angeles County; California,3560,443,514,100,14.44,85,73,0,14,85,74.33034373659252,10.669656263407475,159.3303437365925,0.8744746321952062,usable_with_caution,2.39,16.54,124464.0,43911.0,0.35280080987273427,False
06037134424,06,037,134424,Census Tract 1344.24; Los Angeles County; California,2748,319,577,132,21.0,274,165,72,72,346,180.02499826412998,165.97500173587002,526.02499826413,0.5203034631911271,usable_with_caution,12.59,59.97,157980.0,17212.0,0.10895050006329915,False
06037134520,06,037,134520,Census Tract 1345.20; Los Angeles County; California,5092,682,471,202,9.25,15,23,0,19,15,29.832867780352597,0.0,44.8328677803526,1.9888578520235065,high_uncertainty,0.29,3.18,54976.0,9657.0,0.17565846915017463,False
06037134521,06,037,134521,Census Tract 1345.21; Los Angeles County; California,2601,278,55,58,2.11,18,28,0,14,18,31.304951684997057,0.0,49.30495168499706,1.7391639824998366,high_uncertainty,0.69,32.73,52679.0,14982.0,0.2844017540196283,False
06037134522,06,037,134522,Census Tract 1345.22; Los Angeles County; California,4146,808,330,248,7.96,10,30,0,14,10,33.1058907144937,0.0,43.1058907144937,3.3105890714493698,high_uncertainty,0.24,3.03,69318.0,19101.0,0.27555613260624945,False
06037134710,06,037,134710,Census Tract 1347.10; Los Angeles County; California,5198,654,528,296,10.16,2,4,0,19,2,19.4164878389476,0.0,21.4164878389476,9.7082439194738,high_uncertainty,0.04,0.38,62813.0,10480.0,0.16684444302930923,False
06037134720,06,037,134720,Census Tract 1347.20; Los Angeles County; California,5498,584,963,360,17.52,0,19,0,19,0,26.870057685088806,0.0,26.870057685088806,,zero_estimate,0.0,0.0,102604.0,26037.0,0.25376203656777513,False
06037134801,06,037,134801,Census Tract 1348.01; Los Angeles County; California,2898,570,496,273,17.12,17,25,0,14,17,28.653097563788805,0.0,45.653097563788805,1.6854763272816944,high_uncertainty,0.59,3.43,98804.0,26447.0,0.26767134933808345,False
06037134802,06,037,134802,Census Tract 1348.02; Los Angeles County; California,3025,468,728,355,24.07,0,14,0,14,0,19.79898987322333,0.0,19.79898987322333,,zero_estimate,0.0,0.0,83813.0,19456.0,0.2321358261844821,False
06037134901,06,037,134901,Census Tract 1349.01; Los Angeles County; California,2291,479,292,284,12.75,25,30,0,14,25,33.1058907144937,0.0,58.1058907144937,1.3242356285797479,high_uncertainty,1.09,8.56,84688.0,11442.0,0.1351076894010958,False
06037134904,06,037,134904,Census Tract 1349.04; Los Angeles County; California,4581,1059,1127,893,24.6,132,191,14,24,146,192.50194804209124,0.0,338.50194804209127,1.3185064934389812,high_uncertainty,3.19,12.95,104375.0,29194.0,0.27970299401197607,False
06037134905,06,037,134905,Census Tract 1349.05; Los Angeles County; California,6371,1001,927,497,14.55,420,414,11,19,431,414.43576100524916,16.564238994750838,845.4357610052491,0.9615678909634552,usable_with_caution,6.77,46.49,97106.0,21634.0,0.2227874693633761,False
06037134906,06,037,134906,Census Tract 1349.06; Los Angeles County; California,2888,422,233,160,8.07,0,14,0,14,0,19.79898987322333,0.0,19.79898987322333,,zero_estimate,0.0,0.0,67216.0,13274.0,0.1974827422042371,False
06037134907,06,037,134907,Census Tract 1349.07; Los Angeles County; California,4209,1011,223,131,5.3,7,14,0,14,7,19.79898987322333,0.0,26.79898987322333,2.8284271247461903,high_uncertainty,0.17,3.14,92759.0,31085.0,0.335115730010026,False
06037135102,06,037,135102,Census Tract 1351.02; Los Angeles County; California,4117,559,411,216,9.98,7,14,0,14,7,19.79898987322333,0.0,26.79898987322333,2.8284271247461903,high_uncertainty,0.17,1.7,170694.0,37215.0,0.21802172308341242,False
06037135111,06,037,135111,Census Tract 1351.11; Los Angeles County; California,3963,1174,266,149,6.71,19,30,0,14,19,33.1058907144937,0.0,52.1058907144937,1.7424153007628262,high_uncertainty,0.48,7.14,106023.0,22080.0,0.20825669901813756,False
06037135113,06,037,135113,Census Tract 1351.13; Los Angeles County; California,3014,631,674,320,22.36,0,14,0,14,0,19.79898987322333,0.0,19.79898987322333,,zero_estimate,0.0,0.0,117841.0,41911.0,0.35565719910727167,False
06037135115,06,037,135115,Census Tract 1351.15; Los Angeles County; California,4309,528,1957,609,45.42,8,28,0,14,8,31.304951684997057,0.0,39.30495168499706,3.913118960624632,high_uncertainty,0.19,0.41,118162.0,42335.0,0.35827931145376685,False
06037135116,06,037,135116,Census Tract 1351.16; Los Angeles County; California,1536,318,178,88,11.59,23,31,0,14,23,34.0147027033899,0.0,57.0147027033899,1.4789001175386913,high_uncertainty,1.5,12.92,67056.0,44054.0,0.6569732760677642,False
06037135201,06,037,135201,Census Tract 1352.01; Los Angeles County; California,2861,499,309,88,10.8,85,64,0,14,85,65.5133574166368,19.486642583363206,150.51335741663678,0.7707453813721976,usable_with_caution,2.97,27.51,143125.0,36323.0,0.25378515283842795,False
06037135202,06,037,135202,Census Tract 1352.02; Los Angeles County; California,4578,725,673,220,14.7,204,157,0,14,204,157.62296786953354,46.37703213046646,361.62296786953357,0.7726616072035958,usable_with_caution,4.46,30.31,128816.0,24606.0,0.19101664389516831,False
06037135204,06,037,135204,Census Tract 1352.04; Los Angeles County; California,4915,764,594,303,12.09,73,82,46,75,119,111.12605455067681,7.8739454493231875,230.12605455067683,0.9338323911821581,usable_with_caution,2.42,20.03,140085.0,30417.0,0.21713245529499947,False
06037135205,06,037,135205,Census Tract 1352.05; Los Angeles County; California,2067,283,374,195,18.09,25,29,0,14,25,32.202484376209235,0.0,57.202484376209235,1.2880993750483694,high_uncertainty,1.21,6.68,156389.0,41970.0,0.2683692587074539,False
06037137000,06,037,137000,Census Tract 1370; Los Angeles County; California,4562,593,483,170,10.59,47,43,0,14,47,45.221676218380054,1.778323781619946,92.22167621838005,0.9621633237953203,usable_with_caution,1.03,9.73,126250.0,31544.0,0.24985346534653466,False
06037137103,06,037,137103,Census Tract 1371.03; Los Angeles County; California,4860,669,852,366,17.53,136,135,0,14,136,135.72398461583714,0.27601538416286076,271.72398461583714,0.9979704751164495,usable_with_caution,2.8,15.96,86029.0,14002.0,0.1627590696160597,False
06037137104,06,037,137104,Census Tract 1371.04; Los Angeles County; California,2350,328,110,115,4.68,37,38,0,14,37,40.496913462633174,0.0,77.49691346263317,1.0945111746657614,high_uncertainty,1.57,33.64,106599.0,15298.0,0.1435097890224111,False
06037137202,06,037,137202,Census Tract 1372.02; Los Angeles County; California,3293,553,616,378,18.71,13,23,0,14,13,26.92582403567252,0.0,39.92582403567252,2.071217233513271,high_uncertainty,0.39,2.11,75714.0,19948.0,0.26346514515149116,False
06037137203,06,037,137203,Census Tract 1372.03; Los Angeles County; California,2534,627,171,131,6.75,25,31,0,14,25,34.0147027033899,0.0,59.0147027033899,1.360588108135596,high_uncertainty,0.99,14.62,129732.0,42112.0,0.3246076526994111,False
06037137301,06,037,137301,Census Tract 1373.01; Los Angeles County; California,2244,432,143,90,6.37,61,71,0,14,61,72.3671196055225,0.0,133.3671196055225,1.1863462230413526,high_uncertainty,2.72,42.66,196893.0,39089.0,0.1985291503506981,False
06037137302,06,037,137302,Census Tract 1373.02; Los Angeles County; California,4669,431,261,83,5.59,13,17,78,92,91,93.55746896961247,0.0,184.55746896961247,1.028104054611126,high_uncertainty,1.95,34.87,181786.0,20222.0,0.11124068960205956,False
06037137401,06,037,137401,Census Tract 1374.01; Los Angeles County; California,4829,543,266,122,5.51,8,13,0,14,8,19.1049731745428,0.0,27.1049731745428,2.38812164681785,high_uncertainty,0.17,3.01,143142.0,15779.0,0.11023319500915175,False
06037137402,06,037,137402,Census Tract 1374.02; Los Angeles County; California,5713,991,247,177,4.32,49,97,0,19,49,98.84331034521254,0.0,147.84331034521256,2.017210415208419,high_uncertainty,0.86,19.84,121201.0,12764.0,0.10531266243677857,False
06037137501,06,037,137501,Census Tract 1375.01; Los Angeles County; California,5304,788,1059,727,19.97,0,19,0,19,0,26.870057685088806,0.0,26.870057685088806,,zero_estimate,0.0,0.0,95858.0,18297.0,0.19087608754616203,False
06037137502,06,037,137502,Census Tract 1375.02; Los Angeles County; California,4580,573,397,225,8.67,107,145,0,14,107,145.67429423202984,0.0,252.67429423202984,1.3614420021685032,high_uncertainty,2.34,26.95,134388.0,29540.0,0.2198112926749412,False
06037137504,06,037,137504,Census Tract 1375.04; Los Angeles County; California,1858,306,185,112,9.96,16,18,4,8,20,19.697715603592208,0.30228439640779214,39.69771560359221,0.9848857801796104,usable_with_caution,1.08,10.81,242188.0,45127.0,0.18633045402744974,False
06037138000,06,037,138000,Census Tract 1380; Los Angeles County; California,4499,519,242,149,5.38,36,51,0,14,36,52.88667128870941,0.0,88.88667128870941,1.4690742024641503,high_uncertainty,0.8,14.88,156094.0,36117.0,0.23137980960190654,False
06037139001,06,037,139001,Census Tract 1390.01; Los Angeles County; California,5592,674,356,186,6.37,83,91,0,19,83,92.9623579735368,0.0,175.9623579735368,1.1200284093197204,high_uncertainty,1.48,23.31,127755.0,35059.0,0.2744237016163751,False
06037139200,06,037,139200,Census Tract 1392; Los Angeles County; California,5616,693,321,214,5.72,48,51,26,45,74,68.01470429252781,5.98529570747219,142.01470429252782,0.9191176255747001,usable_with_caution,1.32,23.05,97015.0,8801.0,0.09071793021697676,False
06037139301,06,037,139301,Census Tract 1393.01; Los Angeles County; California,4067,751,269,127,6.61,54,38,6,10,60,39.293765408777,20.706234591223,99.293765408777,0.6548960901462834,usable_with_caution,1.48,22.3,165515.0,34984.0,0.21136452889466212,False
06037139302,06,037,139302,Census Tract 1393.02; Los Angeles County; California,5394,804,959,540,17.78,0,19,0,19,0,26.870057685088806,0.0,26.870057685088806,,zero_estimate,0.0,0.0,82806.0,8219.0,0.09925609255367969,False
06037139303,06,037,139303,Census Tract 1393.03; Los Angeles County; California,4715,500,559,239,11.86,160,192,0,14,160,192.50974001333023,0.0,352.5097400133302,1.203185875083314,high_uncertainty,3.39,28.62,69263.0,12244.0,0.17677547897145662,False
06037139401,06,037,139401,Census Tract 1394.01; Los Angeles County; California,2606,320,125,71,4.8,6,10,0,14,6,17.204650534085253,0.0,23.204650534085253,2.8674417556808756,high_uncertainty,0.23,4.8,84575.0,10372.0,0.12263671297664795,False
06037139402,06,037,139402,Census Tract 1394.02; Los Angeles County; California,2749,400,182,101,6.62,9,14,0,14,9,19.79898987322333,0.0,28.79898987322333,2.199887763691481,high_uncertainty,0.33,4.95,198043.0,83734.0,0.4228071681402524,False
06037139502,06,037,139502,Census Tract 1395.02; Los Angeles County; California,3336,450,84,90,2.52,2,5,0,14,2,14.866068747318506,0.0,16.866068747318508,7.433034373659253,high_uncertainty,0.06,2.38,132738.0,21064.0,0.1586885443505251,False
06037139504,06,037,139504,Census Tract 1395.04; Los Angeles County; California,3541,469,67,39,1.89,10,17,0,14,10,22.02271554554524,0.0,32.02271554554524,2.2022715545545237,high_uncertainty,0.28,14.93,78198.0,14007.0,0.17912222818997928,False
06037139505,06,037,139505,Census Tract 1395.05; Los Angeles County; California,2656,465,176,100,6.63,11,18,0,14,11,22.80350850198276,0.0,33.80350850198276,2.073046227452978,high_uncertainty,0.41,6.25,49500.0,31483.0,0.636020202020202,False
06037139506,06,037,139506,Census Tract 1395.06; Los Angeles County; California,3196,712,165,158,5.16,30,45,0,14,30,47.12748667179272,0.0,77.12748667179272,1.5709162223930906,high_uncertainty,0.94,18.18,72849.0,18637.0,0.25583055361089374,False
06037139600,06,037,139600,Census Tract 1396; Los Angeles County; California,5047,608,422,235,8.36,132,172,0,19,132,173.04623659588788,0.0,305.0462365958879,1.3109563378476354,high_uncertainty,2.62,31.28,89473.0,18187.0,0.20326802499077934,False
06037139701,06,037,139701,Census Tract 1397.01; Los Angeles County; California,5166,710,306,77,5.92,63,106,0,19,63,107.68936809174804,0.0,170.68936809174804,1.7093550490753657,high_uncertainty,1.22,20.59,162188.0,60013.0,0.37002120995388066,False
06037139703,06,037,139703,Census Tract 1397.03; Los Angeles County; California,2663,381,190,87,7.13,60,44,21,25,81,50.60632371551998,30.393676284480023,131.60632371551998,0.6247694285866664,usable_with_caution,3.04,42.63,223750.0,61762.0,0.2760312849162011,False
06037139704,06,037,139704,Census Tract 1397.04; Los Angeles County; California,2752,624,94,87,3.42,47,50,0,14,47,51.92301994298868,0.0,98.92301994298867,1.104745105169972,high_uncertainty,1.71,50.0,141546.0,35486.0,0.25070295169061646,False
06037139705,06,037,139705,Census Tract 1397.05; Los Angeles County; California,3777,642,341,191,9.03,132,144,0,14,132,144.6789549312546,0.0,276.67895493125457,1.0960526888731408,high_uncertainty,3.49,38.71,250001.0,,,True
06037139801,06,037,139801,Census Tract 1398.01; Los Angeles County; California,3631,581,385,247,10.6,163,101,9,15,172,102.1077861869505,69.8922138130495,274.10778618695053,0.5936499196915727,usable_with_caution,4.74,44.68,232434.0,15994.0,0.06881093127511466,False
06037139802,06,037,139802,Census Tract 1398.02; Los Angeles County; California,3528,528,385,228,10.91,135,118,0,14,135,118.82760622010359,16.17239377989641,253.82760622010358,0.8802044905192858,usable_with_caution,3.83,35.06,228990.0,23760.0,0.10375998951919298,False
06037141101,06,037,141101,Census Tract 1411.01; Los Angeles County; California,4947,631,377,280,7.62,12,21,0,14,12,25.238858928247925,0.0,37.23885892824792,2.1032382440206603,high_uncertainty,0.24,3.18,73318.0,20051.0,0.27347990943560924,False
06037141102,06,037,141102,Census Tract 1411.02; Los Angeles County; California,2649,414,117,85,4.42,0,14,0,14,0,19.79898987322333,0.0,19.79898987322333,,zero_estimate,0.0,0.0,95288.0,45737.0,0.4799869868189069,False
06037141201,06,037,141201,Census Tract 1412.01; Los Angeles County; California,3978,313,229,134,5.76,38,38,0,14,38,40.496913462633174,0.0,78.49691346263317,1.0657082490166625,high_uncertainty,0.96,16.59,77207.0,37343.0,0.4836737601512816,False
06037141202,06,037,141202,Census Tract 1412.02; Los Angeles County; California,3132,539,291,192,9.29,47,56,0,14,47,57.723478758647246,0.0,104.72347875864725,1.2281591225244095,high_uncertainty,1.5,16.15,114621.0,29643.0,0.2586175308189599,False
06037141303,06,037,141303,Census Tract 1413.03; Los Angeles County; California,3236,354,321,126,9.92,76,68,0,14,76,69.42621983083913,6.5737801691608695,145.42621983083913,0.9135028925110412,usable_with_caution,2.35,23.68,103990.0,21433.0,0.20610635638042119,False
06037141304,06,037,141304,Census Tract 1413.04; Los Angeles County; California,3028,618,160,107,5.28,18,21,0,14,18,25.238858928247925,0.0,43.23885892824792,1.402158829347107,high_uncertainty,0.59,11.25,101941.0,29882.0,0.29313034009868455,False
06037141305,06,037,141305,Census Tract 1413.05; Los Angeles County; California,3127,435,277,131,8.86,19,28,24,38,43,47.20169488482379,0.0,90.20169488482378,1.0977138345307857,high_uncertainty,1.38,15.52,119448.0,26814.0,0.22448262005224032,False
06037141306,06,037,141306,Census Tract 1413.06; Los Angeles County; California,3291,575,209,103,6.35,17,25,0,14,17,28.653097563788805,0.0,45.653097563788805,1.6854763272816944,high_uncertainty,0.52,8.13,109222.0,13806.0,0.1264031056014356,False
06037141400,06,037,141400,Census Tract 1414; Los Angeles County; California,5217,637,486,234,9.32,89,106,0,19,89,107.68936809174804,0.0,196.68936809174804,1.2099928999072813,high_uncertainty,1.71,18.31,118441.0,30800.0,0.26004508573889107,False
06037141500,06,037,141500,Census Tract 1415; Los Angeles County; California,2807,663,143,114,5.09,101,100,0,14,101,100.9752444909147,0.024755509085295557,201.9752444909147,0.9997548959496505,usable_with_caution,3.6,70.63,206607.0,109350.0,0.5292657073574467,False
06037141600,06,037,141600,Census Tract 1416; Los Angeles County; California,3854,493,350,122,9.08,84,63,0,14,84,64.53681120105021,19.463188798949787,148.53681120105023,0.768295371441074,usable_with_caution,2.18,24.0,202825.0,46788.0,0.2306816220880069,False
06037141700,06,037,141700,Census Tract 1417; Los Angeles County; California,3234,495,92,58,2.84,34,42,0,14,34,44.27188724235731,0.0,78.27188724235731,1.302114330657568,high_uncertainty,1.05,36.96,234120.0,40952.0,0.1749188450367333,False
06037143101,06,037,143101,Census Tract 1431.01; Los Angeles County; California,1972,470,176,130,8.92,121,122,0,14,121,122.80065146407001,0.0,243.80065146407003,1.01488141705843,high_uncertainty,6.14,68.75,105375.0,9011.0,0.08551364175563464,False
06037143102,06,037,143102,Census Tract 1431.02; Los Angeles County; California,2449,399,60,46,2.45,0,14,0,14,0,19.79898987322333,0.0,19.79898987322333,,zero_estimate,0.0,0.0,101333.0,24183.0,0.23864881134477417,False
06037143200,06,037,143200,Census Tract 1432; Los Angeles County; California,4367,655,477,379,10.92,79,108,0,14,79,108.90362712049586,0.0,187.90362712049586,1.378526925575897,high_uncertainty,1.81,16.56,95867.0,24081.0,0.25119175524424464,False
06037143301,06,037,143301,Census Tract 1433.01; Los Angeles County; California,4122,1213,248,166,6.02,0,14,0,14,0,19.79898987322333,0.0,19.79898987322333,,zero_estimate,0.0,0.0,97386.0,40102.0,0.4117840346661738,False
06037143302,06,037,143302,Census Tract 1433.02; Los Angeles County; California,3629,505,304,187,8.38,25,25,15,27,40,36.796738985948195,3.2032610140518045,76.7967389859482,0.9199184746487049,usable_with_caution,1.1,13.16,127500.0,34036.0,0.2669490196078431,False
06037143401,06,037,143401,Census Tract 1434.01; Los Angeles County; California,5216,646,440,270,8.44,176,208,0,19,176,208.86598574205422,0.0,384.86598574205425,1.1867385553525809,high_uncertainty,3.37,40.0,131161.0,38133.0,0.2907342883936536,False
06037143402,06,037,143402,Census Tract 1434.02; Los Angeles County; California,1987,499,85,48,4.28,26,22,0,14,26,26.076809620810597,0.0,52.07680962081059,1.002954216185023,high_uncertainty,1.31,30.59,110179.0,31106.0,0.28232240263571096,False
06037143500,06,037,143500,Census Tract 1435; Los Angeles County; California,5377,686,136,72,2.53,22,40,0,19,22,44.28317965096906,0.0,66.28317965096906,2.0128718023167753,high_uncertainty,0.41,16.18,178875.0,48636.0,0.2718993710691824,False
06037143602,06,037,143602,Census Tract 1436.02; Los Angeles County; California,4930,1002,309,148,6.27,83,69,9,15,92,70.61161377563892,21.388386224361085,162.61161377563892,0.7675175410395534,usable_with_caution,1.87,29.77,102388.0,21308.0,0.20811032542876118,False
06037143603,06,037,143603,Census Tract 1436.03; Los Angeles County; California,2522,291,323,151,12.81,18,27,0,14,18,30.4138126514911,0.0,48.4138126514911,1.6896562584161723,high_uncertainty,0.71,5.57,96458.0,18658.0,0.19343133799166476,False
06037143605,06,037,143605,Census Tract 1436.05; Los Angeles County; California,1825,290,237,170,12.99,56,69,0,14,56,70.40596565632774,0.0,126.40596565632774,1.2572493867201382,high_uncertainty,3.07,23.63,96500.0,24381.0,0.25265284974093266,False
06037143606,06,037,143606,Census Tract 1436.06; Los Angeles County; California,1719,258,286,118,16.64,29,34,0,14,29,36.76955262170047,0.0,65.76955262170047,1.2679156076448437,high_uncertainty,1.69,10.14,89176.0,19204.0,0.2153494213689782,False
06037143700,06,037,143700,Census Tract 1437; Los Angeles County; California,3633,411,202,96,5.56,42,48,0,14,42,50.0,0.0,92.0,1.1904761904761905,high_uncertainty,1.16,20.79,151125.0,56478.0,0.37371712158808934,False
06037143801,06,037,143801,Census Tract 1438.01; Los Angeles County; California,3276,637,441,305,13.46,0,14,184,247,184,247.39644298170498,0.0,431.396442981705,1.3445458857701358,high_uncertainty,5.62,41.72,165880.0,40008.0,0.24118639980708947,False
06037143802,06,037,143802,Census Tract 1438.02; Los Angeles County; California,2235,402,297,211,13.29,122,197,7,11,129,197.3068675946177,0.0,326.3068675946177,1.5295106015086644,high_uncertainty,5.77,43.43,161706.0,20043.0,0.12394716337056139,False
06037143901,06,037,143901,Census Tract 1439.01; Los Angeles County; California,4189,589,240,80,5.73,10,15,0,14,10,20.518284528683193,0.0,30.518284528683193,2.0518284528683193,high_uncertainty,0.24,4.17,212027.0,24959.0,0.11771613992557552,False
06037143902,06,037,143902,Census Tract 1439.02; Los Angeles County; California,3083,419,225,157,7.3,50,74,0,14,50,75.31268153505093,0.0,125.31268153505093,1.5062536307010186,high_uncertainty,1.62,22.22,160000.0,34602.0,0.2162625,False
06037181000,06,037,181000,Census Tract 1810; Los Angeles County; California,5831,821,1320,268,22.64,305,203,0,19,305,203.8872237291979,101.1127762708021,508.8872237291979,0.6684827007514685,usable_with_caution,5.23,23.11,151875.0,46661.0,0.3072329218106996,False
06037181300,06,037,181300,Census Tract 1813; Los Angeles County; California,4166,531,995,468,23.88,225,179,0,14,225,179.5466513193716,45.45334868062841,404.54665131937156,0.7979851169749849,usable_with_caution,5.4,22.61,152219.0,23510.0,0.15444852482278823,False
06037181400,06,037,181400,Census Tract 1814; Los Angeles County; California,4247,597,1166,252,27.45,56,36,0,14,56,38.62641583165593,17.373584168344067,94.62641583165593,0.6897574255652845,usable_with_caution,1.32,4.8,106075.0,11003.0,0.10372849399010134,False
06037181500,06,037,181500,Census Tract 1815; Los Angeles County; California,3846,524,831,300,21.61,111,107,15,24,126,109.65856099730654,16.341439002693463,235.65856099730655,0.870306039661163,usable_with_caution,3.28,15.16,127847.0,29846.0,0.23345092180497,False
06037181600,06,037,181600,Census Tract 1816; Los Angeles County; California,4251,425,1025,291,24.11,246,123,0,14,246,123.79418403139947,122.20581596860053,369.7941840313995,0.5032283903715425,usable_with_caution,5.79,24.0,94091.0,54095.0,0.5749221498336716,False
06037183101,06,037,183101,Census Tract 1831.01; Los Angeles County; California,3247,360,441,183,13.58,89,77,16,26,105,81.27115109311545,23.72884890688455,186.27115109311546,0.7740109627915757,usable_with_caution,3.23,23.81,120521.0,49814.0,0.41332215962363406,False
06037183103,06,037,183103,Census Tract 1831.03; Los Angeles County; California,4318,823,428,170,9.91,107,78,0,14,107,79.2464510246358,27.753548975364197,186.2464510246358,0.7406210376134187,usable_with_caution,2.48,25.0,93506.0,22946.0,0.24539601736786945,False
06037183104,06,037,183104,Census Tract 1831.04; Los Angeles County; California,2078,191,397,138,19.1,108,55,0,14,108,56.753854494650845,51.246145505349155,164.75385449465085,0.5254986527282486,usable_with_caution,5.2,27.2,94444.0,24059.0,0.2547435517343611,False
06037183220,06,037,183220,Census Tract 1832.20; Los Angeles County; California,2956,338,698,327,23.61,139,122,0,14,139,122.80065146407001,16.199348535929985,261.80065146407003,0.8834579242019426,usable_with_caution,4.7,19.91,136854.0,12706.0,0.09284346822160842,False
06037183221,06,037,183221,Census Tract 1832.21; Los Angeles County; California,3133,592,337,175,10.76,32,38,5,8,37,38.8329756778952,0.0,75.8329756778952,1.0495398831863567,high_uncertainty,1.18,10.98,102250.0,48086.0,0.47027872860635694,False
06037183222,06,037,183222,Census Tract 1832.22; Los Angeles County; California,3485,557,528,197,15.15,108,123,0,14,108,123.79418403139947,0.0,231.79418403139948,1.1462424447351802,high_uncertainty,3.1,20.45,99464.0,45990.0,0.4623783479449851,False
06037183300,06,037,183300,Census Tract 1833; Los Angeles County; California,2812,417,413,228,14.69,74,60,0,14,74,61.61168720299745,12.388312797002548,135.61168720299744,0.8325903676080737,usable_with_caution,2.63,17.92,97361.0,26839.0,0.2756647939113197,False
06037183401,06,037,183401,Census Tract 1834.01; Los Angeles County; California,2276,419,542,338,23.81,55,51,14,18,69,54.08326913195984,14.916730868040162,123.08326913195984,0.7838154946660846,usable_with_caution,3.03,12.73,109688.0,11858.0,0.10810662971336883,False
06037183402,06,037,183402,Census Tract 1834.02; Los Angeles County; California,3183,382,651,112,20.45,6,13,0,14,6,19.1049731745428,0.0,25.1049731745428,3.1841621957571333,high_uncertainty,0.19,0.92,102196.0,20883.0,0.20434263571959763,False
06037183510,06,037,183510,Census Tract 1835.10; Los Angeles County; California,2377,332,316,240,13.29,157,225,0,14,157,225.43513479491168,0.0,382.4351347949117,1.4358925783115393,high_uncertainty,6.6,49.68,102813.0,20692.0,0.20125859570287805,False
06037183520,06,037,183520,Census Tract 1835.20; Los Angeles County; California,3649,644,74,65,2.03,7,11,0,14,7,17.804493814764857,0.0,24.804493814764857,2.5434991163949796,high_uncertainty,0.19,9.46,69436.0,3487.0,0.05021890661904488,False
06037183610,06,037,183610,Census Tract 1836.10; Los Angeles County; California,2694,293,241,83,8.95,81,46,0,14,81,48.08326112068523,32.91673887931477,129.08326112068522,0.5936205076627806,usable_with_caution,3.01,33.61,80688.0,17325.0,0.21471594289113624,False
06037183620,06,037,183620,Census Tract 1836.20; Los Angeles County; California,2967,392,356,164,12.0,119,81,0,14,119,82.20097323024831,36.79902676975169,201.2009732302483,0.6907644809264564,usable_with_caution,4.01,33.43,112476.0,20543.0,0.1826434083715637,False
06037183701,06,037,183701,Census Tract 1837.01; Los Angeles County; California,3351,490,172,108,5.13,8,14,9,14,17,19.79898987322333,0.0,36.798989873223334,1.1646464631307842,high_uncertainty,0.51,9.88,71946.0,12761.0,0.17736913796458456,False
06037183702,06,037,183702,Census Tract 1837.02; Los Angeles County; California,2905,460,283,119,9.74,43,37,0,14,43,39.56008088970496,3.439919110295037,82.56008088970496,0.9200018811559294,usable_with_caution,1.48,15.19,93654.0,20310.0,0.21686206675635852,False
06037183810,06,037,183810,Census Tract 1838.10; Los Angeles County; California,4359,628,98,75,2.25,28,47,0,14,28,49.040799340956916,0.0,77.04079934095691,1.7514571193198898,high_uncertainty,0.64,28.57,73500.0,22562.0,0.3069659863945578,False
06037183820,06,037,183820,Census Tract 1838.20; Los Angeles County; California,3707,551,290,222,7.82,9,14,0,14,9,19.79898987322333,0.0,28.79898987322333,2.199887763691481,high_uncertainty,0.24,3.1,78426.0,25139.0,0.32054420727819855,False
06037185101,06,037,185101,Census Tract 1851.01; Los Angeles County; California,2427,367,123,79,5.07,11,17,0,14,11,22.02271554554524,0.0,33.02271554554524,2.002065049595022,high_uncertainty,0.45,8.94,85967.0,32871.0,0.3823676527039445,False
06037185102,06,037,185102,Census Tract 1851.02; Los Angeles County; California,3515,832,295,121,8.39,60,50,24,28,84,57.30619512757761,26.69380487242239,141.3061951275776,0.6822166086616382,usable_with_caution,2.39,28.47,137750.0,91637.0,0.6652413793103449,False
06037185202,06,037,185202,Census Tract 1852.02; Los Angeles County; California,4198,883,290,116,6.91,62,43,0,14,62,45.221676218380054,16.778323781619946,107.22167621838005,0.7293818744900009,usable_with_caution,1.48,21.38,134875.0,28701.0,0.21279703429101018,False
06037185203,06,037,185203,Census Tract 1852.03; Los Angeles County; California,2365,288,240,110,10.15,104,66,6,9,110,66.61080993352356,43.389190066476445,176.61080993352357,0.6055528175774869,usable_with_caution,4.65,45.83,88667.0,21846.0,0.24638253239649474,False
06037185204,06,037,185204,Census Tract 1852.04; Los Angeles County; California,1800,216,385,94,21.39,121,112,13,20,134,113.77170122662314,20.228298773376864,247.77170122662312,0.8490425464673368,usable_with_caution,7.44,34.81,128523.0,52486.0,0.4083782669249862,False
06037185310,06,037,185310,Census Tract 1853.10; Los Angeles County; California,2908,480,220,184,7.57,71,46,0,14,71,48.08326112068523,22.91673887931477,119.08326112068522,0.6772290298688061,usable_with_caution,2.44,32.27,93958.0,23112.0,0.24598224738713043,False
06037185320,06,037,185320,Census Tract 1853.20; Los Angeles County; California,2692,444,181,86,6.72,48,41,0,14,48,43.32435804486894,4.675641955131063,91.32435804486894,0.9025907926014362,usable_with_caution,1.78,26.52,61618.0,11402.0,0.18504333149404395,False
06037186100,06,037,186100,Census Tract 1861; Los Angeles County; California,4711,577,668,341,14.18,50,43,0,14,50,45.221676218380054,4.778323781619946,95.22167621838005,0.904433524367601,usable_with_caution,1.06,7.49,105069.0,7756.0,0.07381815759167785,False
06037186201,06,037,186201,Census Tract 1862.01; Los Angeles County; California,3187,900,1126,307,35.33,36,33,0,14,36,35.84689665786984,0.15310334213015864,71.84689665786985,0.9957471293852733,usable_with_caution,1.13,3.2,83562.0,11945.0,0.14294775137024007,False
06037186202,06,037,186202,Census Tract 1862.02; Los Angeles County; California,1738,287,551,262,31.7,12,14,0,14,12,19.79898987322333,0.0,31.79898987322333,1.6499158227686108,high_uncertainty,0.69,2.18,99188.0,12476.0,0.12578134451748196,False
06037186203,06,037,186203,Census Tract 1862.03; Los Angeles County; California,2509,271,310,110,12.36,87,57,0,14,87,58.69412236331676,28.305877636683242,145.69412236331675,0.6746450846358248,usable_with_caution,3.47,28.06,177623.0,27534.0,0.1550137088102329,False
06037186301,06,037,186301,Census Tract 1863.01; Los Angeles County; California,2663,275,370,173,13.89,16,24,0,14,16,27.784887978899608,0.0,43.784887978899604,1.7365554986812255,high_uncertainty,0.6,4.32,69614.0,7842.0,0.11264975435975522,False
06037186302,06,037,186302,Census Tract 1863.02; Los Angeles County; California,4958,687,1083,329,21.84,141,90,0,14,141,91.0823802938856,49.917619706114394,232.0823802938856,0.6459743283254298,usable_with_caution,2.84,13.02,102719.0,24666.0,0.24013084239527255,False
06037186401,06,037,186401,Census Tract 1864.01; Los Angeles County; California,2555,433,442,120,17.3,225,98,0,14,225,98.99494936611666,126.00505063388334,323.99494936611666,0.43997755273829625,more_reliable,8.81,50.9,57011.0,9484.0,0.16635386153549314,False
06037186403,06,037,186403,Census Tract 1864.03; Los Angeles County; California,2658,446,374,135,14.07,22,22,0,14,22,26.076809620810597,0.0,48.07680962081059,1.1853095282186634,high_uncertainty,0.83,5.88,105048.0,19870.0,0.1891516259233874,False
06037186404,06,037,186404,Census Tract 1864.04; Los Angeles County; California,2441,466,186,101,7.62,55,45,0,14,55,47.12748667179272,7.872513328207283,102.12748667179272,0.8568633940325948,usable_with_caution,2.25,29.57,79643.0,22359.0,0.2807403036048366,False
06037187101,06,037,187101,Census Tract 1871.01; Los Angeles County; California,3026,559,599,185,19.8,99,94,0,14,99,95.03683496413377,3.9631650358662256,194.0368349641338,0.9599680299407451,usable_with_caution,3.27,16.53,91829.0,24115.0,0.2626076729573446,False
06037187102,06,037,187102,Census Tract 1871.02; Los Angeles County; California,4615,875,1232,587,26.7,179,119,7,12,186,119.60351165413162,66.39648834586838,305.60351165413164,0.6430296325490947,usable_with_caution,4.03,15.1,91944.0,33819.0,0.3678217175672148,False
06037187200,06,037,187200,Census Tract 1872; Los Angeles County; California,2872,549,536,173,18.66,52,41,0,14,52,43.32435804486894,8.675641955131063,95.32435804486894,0.8331607316320949,usable_with_caution,1.81,9.7,96912.0,6316.0,0.06517252765395411,False
06037187300,06,037,187300,Census Tract 1873; Los Angeles County; California,3681,477,526,131,14.29,183,123,0,14,183,123.79418403139947,59.20581596860053,306.7941840313995,0.6764709509912539,usable_with_caution,4.97,34.79,126528.0,36825.0,0.29104229893778455,False
06037188100,06,037,188100,Census Tract 1881; Los Angeles County; California,3954,543,485,283,12.27,80,47,0,14,80,49.040799340956916,30.959200659043084,129.0407993409569,0.6130099917619615,usable_with_caution,2.02,16.49,93675.0,18732.0,0.19996797437950362,False
06037188201,06,037,188201,Census Tract 1882.01; Los Angeles County; California,2994,310,326,196,10.89,68,71,0,14,68,72.3671196055225,0.0,140.3671196055225,1.0642223471400367,high_uncertainty,2.27,20.86,92500.0,25596.0,0.27671351351351353,False
06037188202,06,037,188202,Census Tract 1882.02; Los Angeles County; California,3093,527,522,284,16.88,101,60,5,9,106,60.67124524847005,45.32875475152995,166.67124524847006,0.5723702381931137,usable_with_caution,3.43,20.31,200962.0,25113.0,0.12496392352783113,False
06037188300,06,037,188300,Census Tract 1883; Los Angeles County; California,3285,452,988,295,30.08,160,150,0,14,160,150.65191668213185,9.348083317868145,310.65191668213185,0.941574479263324,usable_with_caution,4.87,16.19,123234.0,28627.0,0.23229790479900028,False
06037189101,06,037,189101,Census Tract 1891.01; Los Angeles County; California,2382,255,342,162,14.36,63,53,0,14,63,54.817880294662984,8.182119705337016,117.81788029466298,0.8701250840422696,usable_with_caution,2.64,18.42,106295.0,12722.0,0.11968578014017593,False
06037189102,06,037,189102,Census Tract 1891.02; Los Angeles County; California,3704,412,623,308,16.82,62,42,37,30,99,51.61395160225576,47.38604839774424,150.61395160225575,0.521353046487432,usable_with_caution,2.67,15.89,126071.0,17292.0,0.1371608062123724,False
06037189201,06,037,189201,Census Tract 1892.01; Los Angeles County; California,3061,394,191,167,6.24,8,12,0,14,8,18.439088914585774,0.0,26.439088914585774,2.3048861143232218,high_uncertainty,0.26,4.19,66771.0,31129.0,0.4662053885668928,False
06037189202,06,037,189202,Census Tract 1892.02; Los Angeles County; California,3119,472,260,127,8.34,41,49,0,14,41,50.96076922496363,0.0,91.96076922496363,1.2429455908527713,high_uncertainty,1.31,15.77,152857.0,61880.0,0.4048228082456152,False
06037189300,06,037,189300,Census Tract 1893; Los Angeles County; California,2920,492,358,220,12.26,83,65,25,40,108,76.32168761236873,31.678312387631266,184.32168761236875,0.7066822927071179,usable_with_caution,3.7,30.17,188814.0,21643.0,0.11462603408645546,False
06037189400,06,037,189400,Census Tract 1894; Los Angeles County; California,2977,484,99,50,3.33,13,16,0,14,13,21.2602916254693,0.0,34.2602916254693,1.6354070481130232,high_uncertainty,0.44,13.13,118750.0,28560.0,0.24050526315789475,False
06037189501,06,037,189501,Census Tract 1895.01; Los Angeles County; California,2245,437,64,42,2.85,10,16,0,14,10,21.2602916254693,0.0,31.2602916254693,2.12602916254693,high_uncertainty,0.45,15.62,90137.0,26298.0,0.2917558827118719,False
06037189502,06,037,189502,Census Tract 1895.02; Los Angeles County; California,2053,260,199,100,9.69,20,33,0,14,20,35.84689665786984,0.0,55.84689665786984,1.7923448328934921,high_uncertainty,0.97,10.05,68250.0,14781.0,0.21657142857142858,False
06037189600,06,037,189600,Census Tract 1896; Los Angeles County; California,3296,590,322,247,9.77,12,21,0,14,12,25.238858928247925,0.0,37.23885892824792,2.1032382440206603,high_uncertainty,0.36,3.73,85259.0,20682.0,0.24257849611184742,False
06037189702,06,037,189702,Census Tract 1897.02; Los Angeles County; California,2459,434,29,33,1.18,0,14,0,14,0,19.79898987322333,0.0,19.79898987322333,,zero_estimate,0.0,0.0,81646.0,24101.0,0.29518898660069076,False
06037189703,06,037,189703,Census Tract 1897.03; Los Angeles County; California,1842,220,319,169,17.32,28,27,0,14,28,30.4138126514911,0.0,58.4138126514911,1.0862075946961107,high_uncertainty,1.52,8.78,126466.0,14657.0,0.1158967627662771,False
06037189704,06,037,189704,Census Tract 1897.04; Los Angeles County; California,2169,575,124,103,5.72,11,27,0,14,11,30.4138126514911,0.0,41.4138126514911,2.7648920592264634,high_uncertainty,0.51,8.87,120833.0,36706.0,0.30377463110243064,False
06037189801,06,037,189801,Census Tract 1898.01; Los Angeles County; California,2429,325,44,36,1.81,22,25,0,14,22,28.653097563788805,0.0,50.653097563788805,1.302413525626764,high_uncertainty,0.91,50.0,96043.0,12957.0,0.13490832231396355,False
06037189802,06,037,189802,Census Tract 1898.02; Los Angeles County; California,1934,304,70,56,3.62,11,22,0,14,11,26.076809620810597,0.0,37.07680962081059,2.370619056437327,high_uncertainty,0.57,15.71,123056.0,55499.0,0.45100604602782474,False
06037189903,06,037,189903,Census Tract 1899.03; Los Angeles County; California,2212,275,170,125,7.69,43,42,0,14,43,44.27188724235731,0.0,87.27188724235731,1.029578773078077,high_uncertainty,1.94,25.29,101135.0,9298.0,0.09193652049241113,False
06037189904,06,037,189904,Census Tract 1899.04; Los Angeles County; California,2434,362,188,138,7.72,10,17,0,14,10,22.02271554554524,0.0,32.02271554554524,2.2022715545545237,high_uncertainty,0.41,5.32,73279.0,10394.0,0.14184145526003358,False
06037189905,06,037,189905,Census Tract 1899.05; Los Angeles County; California,2446,597,99,49,4.05,24,24,0,14,24,27.784887978899608,0.0,51.784887978899604,1.1577036657874837,high_uncertainty,0.98,24.24,80291.0,15888.0,0.19788021073345705,False
06037189906,06,037,189906,Census Tract 1899.06; Los Angeles County; California,2324,239,324,139,13.94,72,62,15,23,87,66.12866246946176,20.87133753053824,153.12866246946174,0.760099568614503,usable_with_caution,3.74,26.85,93878.0,22560.0,0.2403118941605062,False
06037189907,06,037,189907,Census Tract 1899.07; Los Angeles County; California,2681,883,276,148,10.29,14,22,0,14,14,26.076809620810597,0.0,40.07680962081059,1.8626292586293283,high_uncertainty,0.52,5.07,95576.0,12933.0,0.13531639742194693,False
06037190101,06,037,190101,Census Tract 1901.01; Los Angeles County; California,1600,309,66,43,4.12,8,12,0,14,8,18.439088914585774,0.0,26.439088914585774,2.3048861143232218,high_uncertainty,0.5,12.12,44000.0,17453.0,0.3966590909090909,False
06037190102,06,037,190102,Census Tract 1901.02; Los Angeles County; California,2629,535,412,217,15.67,146,100,0,14,146,100.9752444909147,45.024755509085296,246.9752444909147,0.6916112636364021,usable_with_caution,5.55,35.44,78250.0,33055.0,0.42242811501597444,False
06037190201,06,037,190201,Census Tract 1902.01; Los Angeles County; California,3674,779,370,207,10.07,52,38,10,20,62,42.941821107167776,19.058178892832224,104.94182110716778,0.6926100178575447,usable_with_caution,1.69,16.76,52241.0,11082.0,0.2121322333033441,False
06037190202,06,037,190202,Census Tract 1902.02; Los Angeles County; California,3001,420,345,242,11.5,26,42,20,32,46,52.80151512977634,0.0,98.80151512977633,1.1478590245603553,high_uncertainty,1.53,13.33,44386.0,14427.0,0.3250349209210111,False
06037190302,06,037,190302,Census Tract 1903.02; Los Angeles County; California,2491,536,296,209,11.88,21,24,0,14,21,27.784887978899608,0.0,48.784887978899604,1.3230899037571242,high_uncertainty,0.84,7.09,90373.0,40092.0,0.4436280747568411,False
06037190303,06,037,190303,Census Tract 1903.03; Los Angeles County; California,2798,462,285,207,10.19,0,14,7,11,7,17.804493814764857,0.0,24.804493814764857,2.5434991163949796,high_uncertainty,0.25,2.46,54479.0,37465.0,0.6876961765083793,False
06037190401,06,037,190401,Census Tract 1904.01; Los Angeles County; California,2827,482,214,136,7.57,69,58,5,9,74,58.69412236331676,15.305877636683242,132.69412236331675,0.7931638157204968,usable_with_caution,2.62,34.58,70107.0,18245.0,0.2602450539889027,False
06037190402,06,037,190402,Census Tract 1904.02; Los Angeles County; California,2244,310,286,159,12.75,31,35,10,20,41,40.311288741492746,0.6887112585072543,81.31128874149275,0.9832021644266523,usable_with_caution,1.83,14.34,55987.0,15204.0,0.2715630414203297,False
06037190510,06,037,190510,Census Tract 1905.10; Los Angeles County; California,4003,596,555,273,13.86,51,68,0,14,51,69.42621983083913,0.0,120.42621983083913,1.3612984280556693,high_uncertainty,1.27,9.19,60638.0,23916.0,0.39440614796002504,False
06037190520,06,037,190520,Census Tract 1905.20; Los Angeles County; California,3434,503,752,322,21.9,0,14,0,14,0,19.79898987322333,0.0,19.79898987322333,,zero_estimate,0.0,0.0,55987.0,9309.0,0.16627074142211584,False
06037190701,06,037,190701,Census Tract 1907.01; Los Angeles County; California,1748,354,337,256,19.28,206,250,0,14,206,250.39169315294788,0.0,456.3916931529479,1.2154936560822713,high_uncertainty,11.78,61.13,48836.0,22853.0,0.467953968383979,False
06037190702,06,037,190702,Census Tract 1907.02; Los Angeles County; California,1322,239,206,94,15.58,26,40,14,21,40,45.17742799230607,0.0,85.17742799230606,1.1294356998076518,high_uncertainty,3.03,19.42,68229.0,17768.0,0.26041712468305267,False
06037190801,06,037,190801,Census Tract 1908.01; Los Angeles County; California,2857,349,329,181,11.52,16,26,10,15,26,30.01666203960727,0.0,56.01666203960727,1.1544870015233566,high_uncertainty,0.91,7.9,50781.0,25908.0,0.510190819400957,False
06037190802,06,037,190802,Census Tract 1908.02; Los Angeles County; California,2797,441,262,112,9.37,47,57,24,22,71,61.09828148156051,9.901718518439488,132.09828148156052,0.860539175796627,usable_with_caution,2.54,27.1,69000.0,25087.0,0.3635797101449275,False
06037190901,06,037,190901,Census Tract 1909.01; Los Angeles County; California,3673,455,188,125,5.12,3,7,0,14,3,15.652475842498529,0.0,18.65247584249853,5.21749194749951,high_uncertainty,0.08,1.6,40577.0,11774.0,0.2901643788353008,False
06037190902,06,037,190902,Census Tract 1909.02; Los Angeles County; California,3873,572,205,128,5.29,56,45,0,14,56,47.12748667179272,8.872513328207283,103.12748667179272,0.8415622619962985,usable_with_caution,1.45,27.32,61270.0,16518.0,0.26959360208911376,False
06037191000,06,037,191000,Census Tract 1910; Los Angeles County; California,5426,698,878,393,16.18,396,273,17,27,413,274.33191575170395,138.66808424829605,687.331915751704,0.6642419267595737,usable_with_caution,7.61,47.04,68623.0,6664.0,0.09711029829648951,False
06037191110,06,037,191110,Census Tract 1911.10; Los Angeles County; California,3828,518,327,136,8.54,10,15,0,14,10,20.518284528683193,0.0,30.518284528683193,2.0518284528683193,high_uncertainty,0.26,3.06,54583.0,28473.0,0.5216459337156257,False
06037191120,06,037,191120,Census Tract 1911.20; Los Angeles County; California,3843,580,373,151,9.71,67,60,0,14,67,61.61168720299745,5.388312797002548,128.61168720299744,0.9195774209402605,usable_with_caution,1.74,17.96,53558.0,17066.0,0.3186452070652377,False
06037191201,06,037,191201,Census Tract 1912.01; Los Angeles County; California,5973,664,510,204,8.54,67,86,0,19,67,88.07383266328314,0.0,155.07383266328316,1.3145348158698977,high_uncertainty,1.12,13.14,50250.0,12483.0,0.24841791044776118,False
06037191203,06,037,191203,Census Tract 1912.03; Los Angeles County; California,1945,337,560,323,28.79,122,109,0,14,122,109.89540481748998,12.104595182510025,231.89540481748998,0.9007820067007375,usable_with_caution,6.27,21.79,41810.0,22685.0,0.5425735469983257,False
06037191204,06,037,191204,Census Tract 1912.04; Los Angeles County; California,1568,220,241,107,15.37,0,14,0,14,0,19.79898987322333,0.0,19.79898987322333,,zero_estimate,0.0,0.0,60134.0,12253.0,0.2037615990953537,False
06037191301,06,037,191301,Census Tract 1913.01; Los Angeles County; California,1993,376,450,305,22.58,5,8,0,14,5,16.1245154965971,0.0,21.1245154965971,3.2249030993194197,high_uncertainty,0.25,1.11,71250.0,16634.0,0.233459649122807,False
06037191302,06,037,191302,Census Tract 1913.02; Los Angeles County; California,1780,283,354,178,19.89,12,21,33,25,45,32.64965543462902,12.350344565370982,77.64965543462901,0.7255478985473115,usable_with_caution,2.53,12.71,49730.0,20936.0,0.4209933641664991,False
06037191410,06,037,191410,Census Tract 1914.10; Los Angeles County; California,3313,323,445,152,13.43,32,47,0,14,32,49.040799340956916,0.0,81.04079934095691,1.5325249794049036,high_uncertainty,0.97,7.19,51875.0,10451.0,0.20146506024096386,False
06037191420,06,037,191420,Census Tract 1914.20; Los Angeles County; California,2853,1058,422,243,14.79,188,174,0,14,188,174.56230979223437,13.437690207765627,362.5623097922344,0.9285229244267785,usable_with_caution,6.59,44.55,75597.0,13724.0,0.1815415955659616,False
06037191500,06,037,191500,Census Tract 1915; Los Angeles County; California,5173,776,798,288,15.43,45,59,0,19,45,61.98386886924694,0.0,106.98386886924695,1.3774193082054875,high_uncertainty,0.87,5.64,66367.0,14967.0,0.22551870658610454,False
06037191610,06,037,191610,Census Tract 1916.10; Los Angeles County; California,3663,508,607,274,16.57,16,25,0,14,16,28.653097563788805,0.0,44.653097563788805,1.7908185977368003,high_uncertainty,0.44,2.64,53641.0,9993.0,0.18629406610615015,False
06037191620,06,037,191620,Census Tract 1916.20; Los Angeles County; California,2838,538,535,486,18.85,10,18,0,14,10,22.80350850198276,0.0,32.80350850198276,2.2803508501982757,high_uncertainty,0.35,1.87,61369.0,15797.0,0.25741009304371915,False
06037191710,06,037,191710,Census Tract 1917.10; Los Angeles County; California,2519,531,198,165,7.86,0,14,0,14,0,19.79898987322333,0.0,19.79898987322333,,zero_estimate,0.0,0.0,31563.0,9136.0,0.28945284035104396,False
06037191720,06,037,191720,Census Tract 1917.20; Los Angeles County; California,3462,495,338,203,9.76,0,14,0,14,0,19.79898987322333,0.0,19.79898987322333,,zero_estimate,0.0,0.0,38453.0,11453.0,0.2978441213949497,False
06037191810,06,037,191810,Census Tract 1918.10; Los Angeles County; California,2795,505,108,60,3.86,8,13,0,14,8,19.1049731745428,0.0,27.1049731745428,2.38812164681785,high_uncertainty,0.29,7.41,71214.0,18686.0,0.2623922262476479,False
06037191820,06,037,191820,Census Tract 1918.20; Los Angeles County; California,3776,447,554,258,14.67,24,26,0,14,24,29.5296461204668,0.0,53.5296461204668,1.2304019216861166,high_uncertainty,0.64,4.33,86164.0,20701.0,0.24025114897172833,False
06037191901,06,037,191901,Census Tract 1919.01; Los Angeles County; California,4328,750,372,158,8.6,58,68,22,36,80,76.94153624668537,3.0584637533146264,156.94153624668536,0.9617692030835672,usable_with_caution,1.85,21.51,77604.0,20164.0,0.25983196742435954,False
06037191902,06,037,191902,Census Tract 1919.02; Los Angeles County; California,2845,405,341,174,11.99,37,59,0,14,37,60.63827174318213,0.0,97.63827174318213,1.6388722092751926,high_uncertainty,1.3,10.85,93523.0,27417.0,0.29315783283256525,False
06037192001,06,037,192001,Census Tract 1920.01; Los Angeles County; California,2364,276,241,150,10.19,30,28,9,14,39,31.304951684997057,7.695048315002943,70.30495168499706,0.8026910688460784,usable_with_caution,1.65,16.18,89102.0,32306.0,0.362573230679446,False
06037192002,06,037,192002,Census Tract 1920.02; Los Angeles County; California,2680,308,188,118,7.01,40,44,0,14,40,46.17358552246078,0.0,86.17358552246078,1.1543396380615196,high_uncertainty,1.49,21.28,133828.0,45408.0,0.33930119257554475,False
06037192300,06,037,192300,Census Tract 1923; Los Angeles County; California,2606,437,386,191,14.81,36,36,40,39,76,53.075418038862395,22.924581961137605,129.07541803886238,0.698360763669242,usable_with_caution,2.92,19.69,83219.0,22847.0,0.2745406697989642,False
06037192410,06,037,192410,Census Tract 1924.10; Los Angeles County; California,4334,748,919,300,21.2,151,117,34,35,185,122.12288892750614,62.87711107249386,307.12288892750615,0.6601237239324657,usable_with_caution,4.27,20.13,131250.0,43407.0,0.33072,False
06037192420,06,037,192420,Census Tract 1924.20; Los Angeles County; California,3114,350,1166,327,37.44,80,58,0,14,80,59.665735560705194,20.334264439294806,139.6657355607052,0.745821694508815,usable_with_caution,2.57,6.86,96667.0,12785.0,0.13225816462701853,False
06037192510,06,037,192510,Census Tract 1925.10; Los Angeles County; California,4005,693,1316,506,32.86,16,26,0,14,16,29.5296461204668,0.0,45.5296461204668,1.845602882529175,high_uncertainty,0.4,1.22,64049.0,19106.0,0.2983028618713797,False
06037192520,06,037,192520,Census Tract 1925.20; Los Angeles County; California,4836,538,984,380,20.35,29,40,0,14,29,42.37924020083418,0.0,71.37924020083418,1.4613531103735924,high_uncertainty,0.6,2.95,65479.0,9251.0,0.14128193772049055,False
06037192610,06,037,192610,Census Tract 1926.10; Los Angeles County; California,4070,550,667,256,16.39,1,2,0,14,1,14.142135623730951,0.0,15.142135623730951,14.142135623730951,high_uncertainty,0.02,0.15,51881.0,4085.0,0.07873788091979723,False
06037192620,06,037,192620,Census Tract 1926.20; Los Angeles County; California,3661,593,786,272,21.47,23,36,0,14,23,38.62641583165593,0.0,61.62641583165593,1.6794093839850406,high_uncertainty,0.63,2.93,53176.0,9133.0,0.1717504137204754,False
06037192700,06,037,192700,Census Tract 1927; Los Angeles County; California,3018,554,404,177,13.39,39,48,0,14,39,50.0,0.0,89.0,1.2820512820512822,high_uncertainty,1.29,9.65,60357.0,14004.0,0.2320194840697848,False
06037194101,06,037,194101,Census Tract 1941.01; Los Angeles County; California,3153,498,312,229,9.9,111,113,0,14,111,113.86395390991831,0.0,224.8639539099183,1.0258013865758406,high_uncertainty,3.52,35.58,101100.0,23184.0,0.22931750741839763,False
06037194102,06,037,194102,Census Tract 1941.02; Los Angeles County; California,2733,314,440,270,16.1,28,34,0,14,28,36.76955262170047,0.0,64.76955262170047,1.313198307917874,high_uncertainty,1.02,6.36,198158.0,49050.0,0.24752974898818114,False
06037194200,06,037,194200,Census Tract 1942; Los Angeles County; California,3389,565,370,264,10.92,159,132,0,14,159,132.74034804836094,26.259651951639057,291.74034804836094,0.8348449562789997,usable_with_caution,4.69,42.97,143466.0,80594.0,0.5617637628427642,False
06037194300,06,037,194300,Census Tract 1943; Los Angeles County; California,2918,616,0,14,0.0,0,14,0,14,0,19.79898987322333,0.0,19.79898987322333,,zero_estimate,0.0,,228824.0,38270.0,0.1672464426808377,False
06037194401,06,037,194401,Census Tract 1944.01; Los Angeles County; California,2579,331,365,181,14.15,124,97,0,14,124,98.00510190801293,25.994898091987068,222.00510190801293,0.7903637250646204,usable_with_caution,4.81,33.97,88750.0,21782.0,0.24543098591549295,False
06037194402,06,037,194402,Census Tract 1944.02; Los Angeles County; California,3397,458,542,207,15.96,58,59,0,14,58,60.63827174318213,0.0,118.63827174318213,1.0454874438479678,high_uncertainty,1.71,10.7,112529.0,20547.0,0.18259293159985426,False
06037194500,06,037,194500,Census Tract 1945; Los Angeles County; California,2120,232,220,147,10.38,19,21,0,14,19,25.238858928247925,0.0,44.23885892824792,1.328360996223575,high_uncertainty,0.9,8.64,128816.0,53927.0,0.4186358837411502,False
06037195100,06,037,195100,Census Tract 1951; Los Angeles County; California,4871,565,617,159,12.67,220,107,0,14,220,107.91200118615167,112.08799881384833,327.91200118615166,0.4905090963006894,more_reliable,4.52,35.66,168333.0,30944.0,0.18382610658634968,False
06037195201,06,037,195201,Census Tract 1952.01; Los Angeles County; California,2980,333,287,175,9.63,90,95,0,14,90,96.0260381354974,0.0,186.0260381354974,1.0669559792833045,high_uncertainty,3.02,31.36,128314.0,12061.0,0.09399597861496017,False
06037195202,06,037,195202,Census Tract 1952.02; Los Angeles County; California,3280,409,166,82,5.06,17,27,0,14,17,30.4138126514911,0.0,47.4138126514911,1.789047803028888,high_uncertainty,0.52,10.24,162571.0,16849.0,0.10364087075800726,False
06037195300,06,037,195300,Census Tract 1953; Los Angeles County; California,2990,409,352,110,11.77,90,70,0,14,90,71.386273190299,18.613726809701006,161.386273190299,0.7931808132255443,usable_with_caution,3.01,25.57,95511.0,31656.0,0.33143826365549517,False
06037195400,06,037,195400,Census Tract 1954; Los Angeles County; California,4306,574,311,133,7.22,61,56,17,27,78,62.16912416947821,15.83087583052179,140.1691241694782,0.7970400534548489,usable_with_caution,1.81,25.08,132500.0,49013.0,0.36990943396226417,False
06037195500,06,037,195500,Census Tract 1955; Los Angeles County; California,5111,744,890,403,17.41,211,169,68,64,279,180.71247881648904,98.28752118351096,459.712478816489,0.6477149778368783,usable_with_caution,5.46,31.35,123750.0,40479.0,0.3271030303030303,False
06037195600,06,037,195600,Census Tract 1956; Los Angeles County; California,2868,508,236,96,8.23,97,105,0,14,97,105.92922165295089,0.0,202.9292216529509,1.0920538314737205,high_uncertainty,3.38,41.1,103239.0,39306.0,0.3807282131752535,False
06037195710,06,037,195710,Census Tract 1957.10; Los Angeles County; California,3971,440,580,198,14.61,67,56,13,21,80,59.80802621722272,20.191973782777282,139.80802621722273,0.747600327715284,usable_with_caution,2.01,13.79,64069.0,13656.0,0.21314520282820085,False
06037195720,06,037,195720,Census Tract 1957.20; Los Angeles County; California,1745,219,194,73,11.12,32,28,0,14,32,31.304951684997057,0.6950483150029427,63.30495168499706,0.978279740156158,usable_with_caution,1.83,16.49,75066.0,15091.0,0.20103642128260465,False
06037195802,06,037,195802,Census Tract 1958.02; Los Angeles County; California,2864,380,790,256,27.58,40,59,0,14,40,60.63827174318213,0.0,100.63827174318213,1.5159567935795533,high_uncertainty,1.4,5.06,106845.0,31294.0,0.2928915719032243,False
06037195803,06,037,195803,Census Tract 1958.03; Los Angeles County; California,2182,232,181,83,8.3,43,48,21,23,64,53.225933528685054,10.774066471314946,117.22593352868506,0.831655211385704,usable_with_caution,2.93,35.36,100481.0,31330.0,0.3118002408415521,False
06037195804,06,037,195804,Census Tract 1958.04; Los Angeles County; California,2475,383,266,142,10.75,0,14,0,14,0,19.79898987322333,0.0,19.79898987322333,,zero_estimate,0.0,0.0,73750.0,40473.0,0.5487864406779661,False
06037195901,06,037,195901,Census Tract 1959.01; Los Angeles County; California,2446,377,450,231,18.4,69,88,0,14,69,89.10667763978185,0.0,158.10667763978185,1.2914011252142297,high_uncertainty,2.82,15.33,91209.0,7816.0,0.08569329781052308,False
06037195902,06,037,195902,Census Tract 1959.02; Los Angeles County; California,1839,384,195,144,10.6,118,81,39,68,157,105.75916035975324,51.24083964024676,262.75916035975325,0.6736252252213583,usable_with_caution,8.54,80.51,135606.0,25453.0,0.18769818444611594,False
06037195903,06,037,195903,Census Tract 1959.03; Los Angeles County; California,2035,234,295,120,14.5,17,15,5,8,22,17.0,5.0,39.0,0.7727272727272727,usable_with_caution,1.08,7.46,94861.0,9050.0,0.09540274717744911,False
06037197200,06,037,197200,Census Tract 1972; Los Angeles County; California,3505,480,1518,446,43.31,419,205,6,9,425,205.19746587129188,219.80253412870812,630.1974658712919,0.4828175667559809,more_reliable,12.13,28.0,100392.0,23202.0,0.23111403299067654,False
06037197300,06,037,197300,Census Tract 1973; Los Angeles County; California,3792,477,388,176,10.23,73,79,0,14,73,80.23091673413684,0.0,153.23091673413683,1.0990536538922855,high_uncertainty,1.93,18.81,108696.0,15515.0,0.14273754323986163,False
06037197410,06,037,197410,Census Tract 1974.10; Los Angeles County; California,4014,564,476,211,11.86,159,111,18,28,177,114.47707194019246,62.52292805980754,291.47707194019245,0.6467631183061721,usable_with_caution,4.41,37.18,103385.0,14198.0,0.1373313343328336,False
06037197420,06,037,197420,Census Tract 1974.20; Los Angeles County; California,3445,414,351,166,10.19,101,107,19,30,120,111.12605455067681,8.873945449323188,231.12605455067683,0.9260504545889734,usable_with_caution,3.48,34.19,99375.0,25596.0,0.25756981132075474,False
06037197500,06,037,197500,Census Tract 1975; Los Angeles County; California,3790,460,400,180,10.55,159,141,0,14,159,141.69333082400175,17.306669175998252,300.69333082400175,0.8911530240503255,usable_with_caution,4.2,39.75,81914.0,15332.0,0.18717191200527383,False
06037197600,06,037,197600,Census Tract 1976; Los Angeles County; California,2352,483,232,127,9.86,65,70,18,22,83,73.37574531137656,9.624254688623438,156.37574531137656,0.8840451242334526,usable_with_caution,3.53,35.78,78591.0,27531.0,0.35030728709394204,False
06037197700,06,037,197700,Census Tract 1977; Los Angeles County; California,4690,527,1819,475,38.78,894,406,10,19,904,406.4443381325418,497.5556618674582,1310.4443381325418,0.44960656873068783,more_reliable,19.28,49.7,62965.0,17921.0,0.2846184388152148,False
06037199001,06,037,199001,Census Tract 1990.01; Los Angeles County; California,2390,427,1060,402,44.35,456,286,0,14,456,286.34245231889736,169.65754768110264,742.3424523188974,0.6279439743835469,usable_with_caution,19.08,43.02,51324.0,14765.0,0.2876821759800483,False
06037199002,06,037,199002,Census Tract 1990.02; Los Angeles County; California,2697,487,459,198,17.02,143,113,0,14,143,113.86395390991831,29.13604609008169,256.86395390991834,0.7962514259434846,usable_with_caution,5.3,31.15,66071.0,20713.0,0.31349608754218944,False
06037199110,06,037,199110,Census Tract 1991.10; Los Angeles County; California,2335,580,204,120,8.74,55,44,3,5,58,44.28317965096906,13.71682034903094,102.28317965096906,0.763503097430501,usable_with_caution,2.48,28.43,83333.0,24055.0,0.28866115464461856,False
06037199120,06,037,199120,Census Tract 1991.20; Los Angeles County; California,3454,425,961,266,27.82,599,209,0,14,599,209.46837470128995,389.5316252987101,808.4683747012899,0.34969678581183633,more_reliable,17.34,62.33,44120.0,10891.0,0.24684950135992748,False
06037199201,06,037,199201,Census Tract 1992.01; Los Angeles County; California,3268,493,1226,358,37.52,678,279,22,35,700,281.18677067031444,418.81322932968556,981.1867706703144,0.40169538667187776,more_reliable,21.42,57.1,58597.0,25980.0,0.44336740788777584,False
06037199202,06,037,199202,Census Tract 1992.02; Los Angeles County; California,2501,386,362,148,14.47,142,104,0,14,142,104.93807697875924,37.06192302124076,246.93807697875923,0.7390005421039383,usable_with_caution,5.68,39.23,98447.0,23944.0,0.24321716253415543,False
06037199300,06,037,199300,Census Tract 1993; Los Angeles County; California,3687,578,789,449,21.4,265,152,5,9,270,152.26621424334422,117.73378575665578,422.2662142433442,0.5639489416420156,usable_with_caution,7.32,34.22,104201.0,4775.0,0.045824896114240746,False
06037199400,06,037,199400,Census Tract 1994; Los Angeles County; California,4243,844,1103,706,26.0,902,689,0,14,902,689.142220445098,212.85777955490198,1591.142220445098,0.7640157654601973,usable_with_caution,21.26,81.78,52212.0,21720.0,0.41599632268444037,False
06037199700,06,037,199700,Census Tract 1997; Los Angeles County; California,3500,559,589,282,16.83,194,119,0,14,194,119.82069938036582,74.17930061963418,313.8206993803658,0.6176324710328135,usable_with_caution,5.54,32.94,55435.0,17034.0,0.30727879498511773,False
06037199801,06,037,199801,Census Tract 1998.01; Los Angeles County; California,3520,638,1003,422,28.49,529,257,10,16,539,257.4975728040946,281.5024271959054,796.4975728040946,0.4777320460187284,more_reliable,15.31,53.74,90104.0,40140.0,0.44548521708248245,False
06037199802,06,037,199802,Census Tract 1998.02; Los Angeles County; California,1905,263,854,287,44.83,683,260,0,14,683,260.37665025881256,422.62334974118744,943.3766502588126,0.38122496377571385,more_reliable,35.85,79.98,65625.0,13035.0,0.19862857142857143,False
06037199900,06,037,199900,Census Tract 1999; Los Angeles County; California,2414,396,435,194,18.02,265,127,0,14,265,127.76932339180638,137.23067660819362,392.7693233918064,0.48214839015775995,more_reliable,10.98,60.92,41121.0,10428.0,0.25359305464361276,False
06037201110,06,037,201110,Census Tract 2011.10; Los Angeles County; California,2476,301,168,109,6.79,90,89,0,14,90,90.09439494219383,0.0,180.09439494219384,1.0010488326910425,high_uncertainty,3.63,53.57,101305.0,3435.0,0.03390750703321652,False
06037201120,06,037,201120,Census Tract 2011.20; Los Angeles County; California,3892,527,292,210,7.5,114,87,0,14,114,88.11923740024082,25.88076259975918,202.11923740024082,0.7729757666687791,usable_with_caution,2.93,39.04,84067.0,14747.0,0.17541960579061938,False
06037201200,06,037,201200,Census Tract 2012; Los Angeles County; California,2513,387,136,120,5.41,102,100,0,14,102,100.9752444909147,1.0247555090852956,202.9752444909147,0.9899533773619089,usable_with_caution,4.06,75.0,86786.0,17231.0,0.19854584840872952,False
06037201301,06,037,201301,Census Tract 2013.01; Los Angeles County; California,3215,745,363,240,11.29,97,117,0,14,97,117.83462988442744,0.0,214.83462988442744,1.2147899988085304,high_uncertainty,3.02,26.72,81174.0,22092.0,0.2721561090989726,False
06037201302,06,037,201302,Census Tract 2013.02; Los Angeles County; California,4108,546,1569,422,38.19,159,88,95,108,254,139.31259813814398,114.68740186185602,393.312598138144,0.5484747958194645,usable_with_caution,6.18,16.19,122684.0,29932.0,0.24397639463988785,False
06037201401,06,037,201401,Census Tract 2014.01; Los Angeles County; California,4131,644,417,122,10.09,324,114,17,24,341,116.49892703368559,224.5010729663144,457.4989270336856,0.34163908221022166,more_reliable,8.25,81.77,54100.0,11438.0,0.21142329020332717,False
06037201402,06,037,201402,Census Tract 2014.02; Los Angeles County; California,4143,698,605,155,14.6,396,137,0,14,396,137.71347065556077,258.28652934443926,533.7134706555607,0.34776128953424434,more_reliable,9.56,65.45,93021.0,34042.0,0.3659603745390826,False
06037201501,06,037,201501,Census Tract 2015.01; Los Angeles County; California,5137,614,709,320,13.8,481,280,0,19,481,280.6439024814186,200.3560975185814,761.6439024814185,0.5834592567181259,usable_with_caution,9.36,67.84,92813.0,26553.0,0.2860913880598623,False
06037201503,06,037,201503,Census Tract 2015.03; Los Angeles County; California,3141,449,249,126,7.93,191,118,0,14,191,118.82760622010359,72.17239377989641,309.8276062201036,0.6221340639795999,usable_with_caution,6.08,76.71,65486.0,17446.0,0.26640808722475035,False
06037201504,06,037,201504,Census Tract 2015.04; Los Angeles County; California,2237,395,317,214,14.17,168,197,0,14,168,197.4968354176846,0.0,365.49683541768457,1.1755764012957417,high_uncertainty,7.51,53.0,117702.0,30260.0,0.2570899389984877,False
06037201601,06,037,201601,Census Tract 2016.01; Los Angeles County; California,2098,361,196,92,9.34,170,91,21,33,191,96.79876032264049,94.20123967735951,287.7987603226405,0.5067997922651335,usable_with_caution,9.1,97.45,65938.0,29966.0,0.4544572173860293,False
06037201602,06,037,201602,Census Tract 2016.02; Los Angeles County; California,2577,619,279,86,10.83,102,54,0,14,102,55.78530272392541,46.21469727607459,157.7853027239254,0.546914732587504,usable_with_caution,3.96,36.56,74609.0,27418.0,0.367489176908952,False
06037201700,06,037,201700,Census Tract 2017; Los Angeles County; California,5135,543,956,256,18.62,341,211,24,31,365,213.2650932525058,151.7349067474942,578.2650932525058,0.5842879267191939,usable_with_caution,7.11,38.18,85000.0,18599.0,0.21881176470588234,False
06037203100,06,037,203100,Census Tract 2031; Los Angeles County; California,4348,728,81,69,1.86,28,30,0,14,28,33.1058907144937,0.0,61.1058907144937,1.1823532398033463,high_uncertainty,0.64,34.57,60583.0,20086.0,0.33154515293069015,False
06037203200,06,037,203200,Census Tract 2032; Los Angeles County; California,4748,975,67,63,1.41,23,26,0,14,23,29.5296461204668,0.0,52.5296461204668,1.2838976574116001,high_uncertainty,0.48,34.33,60570.0,9309.0,0.15368994551758297,False
06037203300,06,037,203300,Census Tract 2033; Los Angeles County; California,2151,297,450,137,20.92,215,87,0,14,215,88.11923740024082,126.88076259975918,303.1192374002408,0.409856918140655,more_reliable,10.0,47.78,45536.0,20196.0,0.4435172171468728,False
06037203500,06,037,203500,Census Tract 2035; Los Angeles County; California,2904,427,395,187,13.6,16,26,0,14,16,29.5296461204668,0.0,45.5296461204668,1.845602882529175,high_uncertainty,0.55,4.05,64725.0,8034.0,0.12412514484356894,False
06037203601,06,037,203601,Census Tract 2036.01; Los Angeles County; California,2697,474,110,105,4.08,0,14,0,14,0,19.79898987322333,0.0,19.79898987322333,,zero_estimate,0.0,0.0,55167.0,27826.0,0.5043957438323635,False
06037203602,06,037,203602,Census Tract 2036.02; Los Angeles County; California,2065,315,122,156,5.91,0,14,0,14,0,19.79898987322333,0.0,19.79898987322333,,zero_estimate,0.0,0.0,77500.0,17429.0,0.22489032258064517,False
06037203710,06,037,203710,Census Tract 2037.10; Los Angeles County; California,3322,567,23,20,0.69,16,17,0,14,16,22.02271554554524,0.0,38.02271554554524,1.3764197215965774,high_uncertainty,0.48,69.57,87440.0,14057.0,0.16076166514181153,False
06037203720,06,037,203720,Census Tract 2037.20; Los Angeles County; California,3363,488,54,45,1.61,0,14,0,14,0,19.79898987322333,0.0,19.79898987322333,,zero_estimate,0.0,0.0,58490.0,38401.0,0.6565395794152846,False
06037203800,06,037,203800,Census Tract 2038; Los Angeles County; California,4938,893,100,93,2.03,0,14,0,14,0,19.79898987322333,0.0,19.79898987322333,,zero_estimate,0.0,0.0,68750.0,12571.0,0.1828509090909091,False
06037203900,06,037,203900,Census Tract 2039; Los Angeles County; California,2575,528,201,104,7.81,0,14,0,14,0,19.79898987322333,0.0,19.79898987322333,,zero_estimate,0.0,0.0,71563.0,21383.0,0.29879965904168354,False
06037204110,06,037,204110,Census Tract 2041.10; Los Angeles County; California,2526,505,53,42,2.1,0,14,0,14,0,19.79898987322333,0.0,19.79898987322333,,zero_estimate,0.0,0.0,72011.0,23428.0,0.32533918429128883,False
06037204120,06,037,204120,Census Tract 2041.20; Los Angeles County; California,2475,576,19,25,0.77,19,25,0,14,19,28.653097563788805,0.0,47.653097563788805,1.5080577665152002,high_uncertainty,0.77,100.0,88190.0,23656.0,0.2682390293684091,False
06037204200,06,037,204200,Census Tract 2042; Los Angeles County; California,3383,552,104,134,3.07,0,14,0,14,0,19.79898987322333,0.0,19.79898987322333,,zero_estimate,0.0,0.0,50069.0,9749.0,0.19471129840819668,False
06037204300,06,037,204300,Census Tract 2043; Los Angeles County; California,4281,929,79,54,1.85,24,21,13,20,37,29.0,8.0,66.0,0.7837837837837838,usable_with_caution,0.86,46.84,61029.0,15055.0,0.24668600173687918,False
06037204410,06,037,204410,Census Tract 2044.10; Los Angeles County; California,2309,456,35,23,1.52,0,14,0,14,0,19.79898987322333,0.0,19.79898987322333,,zero_estimate,0.0,0.0,51250.0,49475.0,0.9653658536585366,False
06037204420,06,037,204420,Census Tract 2044.20; Los Angeles County; California,2884,314,29,34,1.01,29,34,0,14,29,36.76955262170047,0.0,65.76955262170047,1.2679156076448437,high_uncertainty,1.01,100.0,55957.0,5440.0,0.09721750629947996,False
06037204600,06,037,204600,Census Tract 2046; Los Angeles County; California,3735,804,99,112,2.65,0,14,0,14,0,19.79898987322333,0.0,19.79898987322333,,zero_estimate,0.0,0.0,51429.0,8482.0,0.16492640339108286,False
06037204700,06,037,204700,Census Tract 2047; Los Angeles County; California,4777,712,7,14,0.15,0,14,0,14,0,19.79898987322333,0.0,19.79898987322333,,zero_estimate,0.0,0.0,78821.0,20961.0,0.2659316679565091,False
06037204810,06,037,204810,Census Tract 2048.10; Los Angeles County; California,5402,810,41,27,0.76,8,18,0,19,8,26.1725046566048,0.0,34.1725046566048,3.2715630820756,high_uncertainty,0.15,19.51,57283.0,10288.0,0.17959953214740848,False
06037204820,06,037,204820,Census Tract 2048.20; Los Angeles County; California,2037,345,56,61,2.75,0,14,0,14,0,19.79898987322333,0.0,19.79898987322333,,zero_estimate,0.0,0.0,70714.0,21772.0,0.30788811267924315,False
06037204910,06,037,204910,Census Tract 2049.10; Los Angeles County; California,3098,604,0,14,0.0,0,14,0,14,0,19.79898987322333,0.0,19.79898987322333,,zero_estimate,0.0,,51994.0,8130.0,0.15636419586875408,False
06037204920,06,037,204920,Census Tract 2049.20; Los Angeles County; California,2274,358,0,14,0.0,0,14,0,14,0,19.79898987322333,0.0,19.79898987322333,,zero_estimate,0.0,,75972.0,13350.0,0.17572263465487284,False
06037205110,06,037,205110,Census Tract 2051.10; Los Angeles County; California,3501,438,14,20,0.4,0,14,0,14,0,19.79898987322333,0.0,19.79898987322333,,zero_estimate,0.0,0.0,54939.0,9352.0,0.17022515881250114,False
06037205120,06,037,205120,Census Tract 2051.20; Los Angeles County; California,3252,673,62,99,1.91,0,14,0,14,0,19.79898987322333,0.0,19.79898987322333,,zero_estimate,0.0,0.0,32406.0,16912.0,0.5218786644448559,False
06037206010,06,037,206010,Census Tract 2060.10; Los Angeles County; California,3392,593,1159,256,34.17,754,227,0,14,754,227.43130831088317,526.5686916891168,981.4313083108832,0.30163303489507054,more_reliable,22.23,65.06,70304.0,32411.0,0.46101217569412833,False
06037206020,06,037,206020,Census Tract 2060.20; Los Angeles County; California,7629,304,258,85,3.38,59,39,5,8,64,39.81205847478876,24.187941525211237,103.81205847478876,0.6220634136685744,usable_with_caution,0.84,24.81,155658.0,29954.0,0.19243469657839624,False
06037206050,06,037,206050,Census Tract 2060.50; Los Angeles County; California,2340,545,145,65,6.2,0,14,0,14,0,19.79898987322333,0.0,19.79898987322333,,zero_estimate,0.0,0.0,35924.0,24328.0,0.6772074379245073,False
06037206051,06,037,206051,Census Tract 2060.51; Los Angeles County; California,1751,401,269,149,15.36,108,87,12,18,120,88.84255736976509,31.15744263023491,208.84255736976507,0.7403546447480424,usable_with_caution,6.85,44.61,161667.0,57535.0,0.3558858641528574,False
06037206052,06,037,206052,Census Tract 2060.52; Los Angeles County; California,3160,474,1392,358,44.05,445,242,77,85,522,256.49366463910957,265.50633536089043,778.4936646391095,0.4913671736381409,more_reliable,16.52,37.5,110714.0,39211.0,0.3541647849413805,False
06037206053,06,037,206053,Census Tract 2060.53; Los Angeles County; California,3066,464,303,156,9.88,61,51,0,14,61,52.88667128870941,8.113328711290592,113.88667128870941,0.8669946112903182,usable_with_caution,1.99,20.13,48657.0,18169.0,0.37340978687547527,False
06037206054,06,037,206054,Census Tract 2060.54; Los Angeles County; California,2174,413,397,205,18.26,108,107,0,14,108,107.91200118615167,0.08799881384832986,215.91200118615166,0.999185196168071,usable_with_caution,4.97,27.2,87292.0,39059.0,0.44745222929936307,False
06037206201,06,037,206201,Census Tract 2062.01; Los Angeles County; California,2191,376,872,199,39.8,323,168,59,47,382,174.4505660638566,207.5494339361434,556.4505660638566,0.4566768745127136,more_reliable,17.43,43.81,47333.0,17833.0,0.3767561743392559,False
06037206202,06,037,206202,Census Tract 2062.02; Los Angeles County; California,1702,240,993,236,58.34,49,42,13,21,62,46.95742752749558,15.042572472504418,108.95742752749558,0.757377863346703,usable_with_caution,3.64,6.24,24182.0,6581.0,0.27214457034157635,False
06037206301,06,037,206301,Census Tract 2063.01; Los Angeles County; California,1929,289,47,74,2.44,8,17,0,14,8,22.02271554554524,0.0,30.02271554554524,2.752839443193155,high_uncertainty,0.41,17.02,14385.0,795.0,0.05526590198123045,False
06037206302,06,037,206302,Census Tract 2063.02; Los Angeles County; California,1289,250,20,33,1.55,0,14,0,14,0,19.79898987322333,0.0,19.79898987322333,,zero_estimate,0.0,0.0,9375.0,2781.0,0.29664,False
06037206303,06,037,206303,Census Tract 2063.03; Los Angeles County; California,2137,187,56,98,2.62,0,14,0,14,0,19.79898987322333,0.0,19.79898987322333,,zero_estimate,0.0,0.0,6803.0,5924.0,0.8707922975158019,False
06037207101,06,037,207101,Census Tract 2071.01; Los Angeles County; California,4264,696,2032,716,47.65,871,436,0,14,871,436.22471273415954,434.77528726584046,1307.2247127341595,0.5008320467671177,usable_with_caution,20.43,42.86,65729.0,16774.0,0.25519937926942443,False
06037207102,06,037,207102,Census Tract 2071.02; Los Angeles County; California,3331,405,2253,459,67.64,1578,357,0,14,1578,357.2744043448957,1220.7255956551044,1935.2744043448956,0.22640963519955368,more_reliable,47.37,70.04,46952.0,24870.0,0.5296898960640655,False
06037207103,06,037,207103,Census Tract 2071.03; Los Angeles County; California,2024,235,1317,212,65.07,963,200,5,8,968,200.15993605114886,767.8400639488511,1168.1599360511489,0.20677679344126948,more_reliable,47.83,73.5,56652.0,16179.0,0.2855856809997882,False
06037207303,06,037,207303,Census Tract 2073.03; Los Angeles County; California,2688,450,563,139,20.94,61,56,38,57,99,79.90619500389191,19.09380499610809,178.90619500389192,0.807133282867595,usable_with_caution,3.68,17.58,31969.0,7818.0,0.24454940723826207,False
06037207304,06,037,207304,Census Tract 2073.04; Los Angeles County; California,2522,479,66,78,2.62,0,14,0,14,0,19.79898987322333,0.0,19.79898987322333,,zero_estimate,0.0,0.0,14342.0,2318.0,0.16162320457397852,False
06037207305,06,037,207305,Census Tract 2073.05; Los Angeles County; California,1051,209,252,208,23.98,78,59,0,14,78,60.63827174318213,17.36172825681787,138.63827174318214,0.7774137402972068,usable_with_caution,7.42,30.95,68348.0,6900.0,0.10095394159302394,False
06037207306,06,037,207306,Census Tract 2073.06; Los Angeles County; California,2193,282,386,237,17.6,70,53,15,22,85,57.38466694161429,27.61533305838571,142.38466694161428,0.6751137287248741,usable_with_caution,3.88,22.02,49729.0,21946.0,0.44131191055520924,False
06037207307,06,037,207307,Census Tract 2073.07; Los Angeles County; California,1432,271,130,100,9.08,46,58,0,14,46,59.665735560705194,0.0,105.6657355607052,1.2970812078414173,high_uncertainty,3.21,35.38,,,,False
06037207308,06,037,207308,Census Tract 2073.08; Los Angeles County; California,1074,243,159,135,14.8,17,27,0,14,17,30.4138126514911,0.0,47.4138126514911,1.789047803028888,high_uncertainty,1.58,10.69,90156.0,26379.0,0.29259283907892986,False
06037207400,06,037,207400,Census Tract 2074; Los Angeles County; California,2598,502,600,256,23.09,234,155,11,16,245,155.82361823549087,89.17638176450913,400.82361823549087,0.636014768308126,usable_with_caution,9.43,40.83,78482.0,29379.0,0.37434061313422184,False
06037207501,06,037,207501,Census Tract 2075.01; Los Angeles County; California,2074,377,644,223,31.05,168,113,43,69,211,132.4009063413087,78.59909365869129,343.4009063413087,0.6274924471152071,usable_with_caution,10.17,32.76,115667.0,30812.0,0.2663853994657076,False
06037207502,06,037,207502,Census Tract 2075.02; Los Angeles County; California,4518,529,2187,410,48.41,369,213,84,93,453,232.41772737895877,220.58227262104123,685.4177273789587,0.5130634158475911,usable_with_caution,10.03,20.71,24515.0,18916.0,0.7716092188456047,False
06037207711,06,037,207711,Census Tract 2077.11; Los Angeles County; California,3495,518,1440,498,41.2,629,450,48,45,677,452.2444029504401,224.75559704955992,1129.24440295044,0.6680124120390548,usable_with_caution,19.37,47.01,145357.0,45636.0,0.3139580481160178,False
06037207712,06,037,207712,Census Tract 2077.12; Los Angeles County; California,4967,699,1875,532,37.75,434,302,47,71,481,310.2337828154761,170.7662171845239,791.2337828154762,0.6449766794500543,usable_with_caution,9.68,25.65,63484.0,31771.0,0.5004568080146179,False
06037207901,06,037,207901,Census Tract 2079.01; Los Angeles County; California,4049,469,1531,447,37.81,1007,380,0,14,1007,380.2578072834271,626.7421927165728,1387.2578072834272,0.3776145057432245,more_reliable,24.87,65.77,71563.0,44043.0,0.6154437348909353,False
06037207902,06,037,207902,Census Tract 2079.02; Los Angeles County; California,7082,982,2629,763,37.12,929,483,87,113,1016,496.04233690280915,519.9576630971908,1512.0423369028092,0.488230646557883,more_reliable,14.35,38.65,104090.0,14286.0,0.13724661350754155,False
06037208001,06,037,208001,Census Tract 2080.01; Los Angeles County; California,3070,552,733,378,23.88,14,21,0,14,14,25.238858928247925,0.0,39.23885892824792,1.8027756377319946,high_uncertainty,0.46,1.91,90175.0,19202.0,0.21294150263376768,False
06037208002,06,037,208002,Census Tract 2080.02; Los Angeles County; California,3983,833,329,214,8.26,0,14,0,14,0,19.79898987322333,0.0,19.79898987322333,,zero_estimate,0.0,0.0,56223.0,29120.0,0.5179374988883553,False
06037208301,06,037,208301,Census Tract 2083.01; Los Angeles County; California,1653,324,57,64,3.45,0,14,0,14,0,19.79898987322333,0.0,19.79898987322333,,zero_estimate,0.0,0.0,42586.0,10347.0,0.2429671723101489,False
06037208302,06,037,208302,Census Tract 2083.02; Los Angeles County; California,4577,656,686,246,14.99,13,21,0,14,13,25.238858928247925,0.0,38.23885892824792,1.941450686788302,high_uncertainty,0.28,1.9,60156.0,12371.0,0.20564864685151937,False
06037208401,06,037,208401,Census Tract 2084.01; Los Angeles County; California,3782,580,1005,332,26.57,0,14,0,14,0,19.79898987322333,0.0,19.79898987322333,,zero_estimate,0.0,0.0,35329.0,11293.0,0.31965241020125107,False
06037208402,06,037,208402,Census Tract 2084.02; Los Angeles County; California,2608,446,408,137,15.64,17,25,0,14,17,28.653097563788805,0.0,45.653097563788805,1.6854763272816944,high_uncertainty,0.65,4.17,80595.0,20069.0,0.24901048452137228,False
06037208501,06,037,208501,Census Tract 2085.01; Los Angeles County; California,2605,442,1058,308,40.61,30,34,6,9,36,35.17101079013795,0.8289892098620513,71.17101079013796,0.9769725219482763,usable_with_caution,1.38,3.4,89539.0,18103.0,0.20218005561822222,False
06037208502,06,037,208502,Census Tract 2085.02; Los Angeles County; California,3242,376,734,350,22.64,0,14,0,14,0,19.79898987322333,0.0,19.79898987322333,,zero_estimate,0.0,0.0,33417.0,11143.0,0.3334530328874525,False
06037208610,06,037,208610,Census Tract 2086.10; Los Angeles County; California,4020,588,1277,224,31.77,15,23,0,14,15,26.92582403567252,0.0,41.92582403567252,1.7950549357115013,high_uncertainty,0.37,1.17,66210.0,10459.0,0.15796707446005134,False
06037208620,06,037,208620,Census Tract 2086.20; Los Angeles County; California,4204,590,1207,258,28.71,34,102,0,14,34,102.95630140987001,0.0,136.95630140987,3.028126512055,high_uncertainty,0.81,2.82,62254.0,13979.0,0.22454782022038744,False
06037208710,06,037,208710,Census Tract 2087.10; Los Angeles County; California,4519,775,2395,639,53.0,112,113,12,20,124,114.75626344561765,9.243736554382352,238.75626344561766,0.9254537374646584,usable_with_caution,2.74,5.18,65467.0,5813.0,0.0887928269204332,False
06037208720,06,037,208720,Census Tract 2087.20; Los Angeles County; California,3267,530,397,215,12.15,0,14,0,14,0,19.79898987322333,0.0,19.79898987322333,,zero_estimate,0.0,0.0,35897.0,3897.0,0.10856060395019082,False
06037208801,06,037,208801,Census Tract 2088.01; Los Angeles County; California,3525,503,722,217,20.48,77,100,0,14,77,100.9752444909147,0.0,177.9752444909147,1.3113668115703208,high_uncertainty,2.18,10.66,37404.0,10614.0,0.2837664420917549,False
06037208802,06,037,208802,Census Tract 2088.02; Los Angeles County; California,3519,686,932,590,26.48,0,14,0,14,0,19.79898987322333,0.0,19.79898987322333,,zero_estimate,0.0,0.0,37321.0,21497.0,0.5760027866348705,False
06037208902,06,037,208902,Census Tract 2089.02; Los Angeles County; California,2373,349,103,76,4.34,0,14,5,20,5,24.413111231467404,0.0,29.413111231467404,4.882622246293481,high_uncertainty,0.21,4.85,39561.0,7107.0,0.17964662167285964,False
06037208903,06,037,208903,Census Tract 2089.03; Los Angeles County; California,4340,842,188,121,4.33,1,5,0,14,1,14.866068747318506,0.0,15.866068747318506,14.866068747318506,high_uncertainty,0.02,0.53,48828.0,18324.0,0.3752764807077906,False
06037208904,06,037,208904,Census Tract 2089.04; Los Angeles County; California,3859,719,493,185,12.78,23,30,0,14,23,33.1058907144937,0.0,56.1058907144937,1.4393865528040737,high_uncertainty,0.6,4.67,31463.0,9534.0,0.30302259797222136,False
06037209103,06,037,209103,Census Tract 2091.03; Los Angeles County; California,3004,511,73,85,2.43,0,14,0,14,0,19.79898987322333,0.0,19.79898987322333,,zero_estimate,0.0,0.0,38556.0,9461.0,0.24538333852059344,False
06037209104,06,037,209104,Census Tract 2091.04; Los Angeles County; California,2566,261,262,143,10.21,13,30,0,14,13,33.1058907144937,0.0,46.1058907144937,2.5466069780379765,high_uncertainty,0.51,4.96,41771.0,19777.0,0.47346245002513704,False
06037209105,06,037,209105,Census Tract 2091.05; Los Angeles County; California,2995,697,333,279,11.12,0,14,0,14,0,19.79898987322333,0.0,19.79898987322333,,zero_estimate,0.0,0.0,33234.0,11778.0,0.35439610037912983,False
06037209106,06,037,209106,Census Tract 2091.06; Los Angeles County; California,2879,462,417,175,14.48,33,35,0,14,33,37.69615364994153,0.0,70.69615364994152,1.1423076863618644,high_uncertainty,1.15,7.91,39647.0,37849.0,0.9546497843468611,False
06037209201,06,037,209201,Census Tract 2092.01; Los Angeles County; California,3494,407,1003,301,28.71,337,215,0,14,337,215.45533179756774,121.54466820243226,552.4553317975677,0.6393333287761654,usable_with_caution,9.65,33.6,79966.0,11598.0,0.1450366405722432,False
06037209202,06,037,209202,Census Tract 2092.02; Los Angeles County; California,1312,282,269,223,20.5,0,14,0,14,0,19.79898987322333,0.0,19.79898987322333,,zero_estimate,0.0,0.0,50192.0,14751.0,0.2938914568058655,False
06037209300,06,037,209300,Census Tract 2093; Los Angeles County; California,4917,728,461,197,9.38,91,102,0,14,91,102.95630140987001,0.0,193.95630140987,1.131387927580989,high_uncertainty,1.85,19.74,31642.0,8945.0,0.2826938878705518,False
06037209401,06,037,209401,Census Tract 2094.01; Los Angeles County; California,4391,520,442,306,10.07,9,24,4,9,13,25.632011235952593,0.0,38.63201123595259,1.9716931719963533,high_uncertainty,0.3,2.94,33676.0,12265.0,0.36420596270340894,False
06037209402,06,037,209402,Census Tract 2094.02; Los Angeles County; California,4013,769,106,118,2.64,15,25,0,14,15,28.653097563788805,0.0,43.653097563788805,1.910206504252587,high_uncertainty,0.37,14.15,49072.0,16800.0,0.34235409194652755,False
06037209403,06,037,209403,Census Tract 2094.03; Los Angeles County; California,4136,900,569,176,13.76,0,14,0,14,0,19.79898987322333,0.0,19.79898987322333,,zero_estimate,0.0,0.0,26650.0,11876.0,0.44562851782363977,False
06037209510,06,037,209510,Census Tract 2095.10; Los Angeles County; California,2957,521,675,263,22.83,6,10,43,46,49,47.07440918375928,1.925590816240721,96.07440918375929,0.9607022282399853,usable_with_caution,1.66,7.26,43911.0,7443.0,0.16950194712031155,False
06037209520,06,037,209520,Census Tract 2095.20; Los Angeles County; California,2228,376,154,124,6.91,0,14,0,14,0,19.79898987322333,0.0,19.79898987322333,,zero_estimate,0.0,0.0,44099.0,3907.0,0.08859611329055081,False
06037209810,06,037,209810,Census Tract 2098.10; Los Angeles County; California,2601,345,233,152,8.96,10,23,0,14,10,26.92582403567252,0.0,36.92582403567252,2.692582403567252,high_uncertainty,0.38,4.29,35822.0,7420.0,0.20713527999553347,False
06037209820,06,037,209820,Census Tract 2098.20; Los Angeles County; California,2548,433,115,94,4.51,1,1,0,14,1,14.035668847618199,0.0,15.035668847618199,14.035668847618199,high_uncertainty,0.04,0.87,59091.0,20808.0,0.3521348428694725,False
06037210010,06,037,210010,Census Tract 2100.10; Los Angeles County; California,3012,821,553,177,18.36,143,135,0,14,143,135.72398461583714,7.276015384162861,278.72398461583714,0.9491187735373227,usable_with_caution,4.75,25.86,27320.0,6943.0,0.25413616398243044,False
06037211000,06,037,211000,Census Tract 2110; Los Angeles County; California,5054,592,1461,305,28.91,260,166,69,63,329,177.55280904564702,151.44719095435298,506.552809045647,0.5396741916281065,usable_with_caution,6.51,22.52,195603.0,73859.0,0.37759645813203274,False
06037211121,06,037,211121,Census Tract 2111.21; Los Angeles County; California,2531,517,870,411,34.37,60,48,0,14,60,50.0,10.0,110.0,0.8333333333333334,usable_with_caution,2.37,6.9,73095.0,24102.0,0.32973527601067104,False
06037211122,06,037,211122,Census Tract 2111.22; Los Angeles County; California,2228,372,479,147,21.5,57,62,0,14,57,63.56099432828282,0.0,120.56099432828282,1.1151051636540845,high_uncertainty,2.56,11.9,48544.0,9680.0,0.1994067237969677,False
06037211123,06,037,211123,Census Tract 2111.23; Los Angeles County; California,1964,312,1383,280,70.42,422,175,0,14,422,175.55910685578235,246.44089314421765,597.5591068557824,0.41601684089047947,more_reliable,21.49,30.51,81505.0,37459.0,0.45959143610821424,False
06037211124,06,037,211124,Census Tract 2111.24; Los Angeles County; California,4171,926,2420,930,58.02,256,260,52,54,308,265.5484889808262,42.45151101917378,573.5484889808263,0.8621704187689163,usable_with_caution,7.38,12.73,70197.0,22978.0,0.32733592603672523,False
06037211201,06,037,211201,Census Tract 2112.01; Los Angeles County; California,2549,314,375,125,14.71,8,13,0,14,8,19.1049731745428,0.0,27.1049731745428,2.38812164681785,high_uncertainty,0.31,2.13,62381.0,6709.0,0.10754877286353216,False
06037211202,06,037,211202,Census Tract 2112.02; Los Angeles County; California,2401,371,974,254,40.57,9,18,0,14,9,22.80350850198276,0.0,31.80350850198276,2.5337231668869733,high_uncertainty,0.37,0.92,62964.0,19031.0,0.30225208055396735,False
06037211310,06,037,211310,Census Tract 2113.10; Los Angeles County; California,3672,619,862,340,23.47,59,56,0,14,59,57.723478758647246,1.2765212413527536,116.72347875864725,0.9783640467567329,usable_with_caution,1.61,6.84,48096.0,6993.0,0.14539670658682635,False
06037211320,06,037,211320,Census Tract 2113.20; Los Angeles County; California,3058,521,615,232,20.11,0,14,0,14,0,19.79898987322333,0.0,19.79898987322333,,zero_estimate,0.0,0.0,52461.0,18903.0,0.3603248127180191,False
06037211410,06,037,211410,Census Tract 2114.10; Los Angeles County; California,2767,484,1107,295,40.01,34,56,0,14,34,57.723478758647246,0.0,91.72347875864725,1.6977493752543307,high_uncertainty,1.23,3.07,49475.0,5367.0,0.10847902981303689,False
06037211420,06,037,211420,Census Tract 2114.20; Los Angeles County; California,3438,392,1025,275,29.81,82,47,0,14,82,49.040799340956916,32.959200659043084,131.0407993409569,0.598058528548255,usable_with_caution,2.39,8.0,55563.0,15191.0,0.2734013642171949,False
06037211500,06,037,211500,Census Tract 2115; Los Angeles County; California,3825,517,1210,302,31.63,88,81,0,14,88,82.20097323024831,5.799026769751691,170.2009732302483,0.9341019685255489,usable_with_caution,2.3,7.27,78977.0,27988.0,0.3543816554186662,False
06037211701,06,037,211701,Census Tract 2117.01; Los Angeles County; California,2895,450,1231,207,42.52,46,73,24,34,70,80.52949770115296,0.0,150.52949770115296,1.1504213957307565,high_uncertainty,2.42,5.69,93611.0,44042.0,0.47047889671085663,False
06037211703,06,037,211703,Census Tract 2117.03; Los Angeles County; California,4330,580,2060,567,47.58,50,44,21,35,71,56.22277118748239,14.777228812517613,127.22277118748238,0.791870016725104,usable_with_caution,1.64,3.45,64206.0,6524.0,0.10161044139177024,False
06037211704,06,037,211704,Census Tract 2117.04; Los Angeles County; California,2879,432,1274,247,44.25,57,53,4,7,61,53.46026561849464,7.539734381505362,114.46026561849465,0.8763977970245023,usable_with_caution,2.12,4.79,51750.0,20843.0,0.4027632850241546,False
06037211802,06,037,211802,Census Tract 2118.02; Los Angeles County; California,4912,694,1716,488,34.93,218,179,15,23,233,180.47160441465576,52.52839558534424,413.47160441465576,0.7745562421229861,usable_with_caution,4.74,13.58,49250.0,6529.0,0.13256852791878174,False
06037211803,06,037,211803,Census Tract 2118.03; Los Angeles County; California,3806,475,2429,507,63.82,10,15,0,14,10,20.518284528683193,0.0,30.518284528683193,2.0518284528683193,high_uncertainty,0.26,0.41,65799.0,14261.0,0.21673581665374853,False
06037211804,06,037,211804,Census Tract 2118.04; Los Angeles County; California,3132,469,1653,525,52.78,37,58,0,14,37,59.665735560705194,0.0,96.6657355607052,1.6125874475866269,high_uncertainty,1.18,2.24,47536.0,25022.0,0.5263800067317401,False
06037211910,06,037,211910,Census Tract 2119.10; Los Angeles County; California,4039,485,1130,343,27.98,23,25,9,14,32,28.653097563788805,3.346902436211195,60.653097563788805,0.8954092988684001,usable_with_caution,0.79,2.83,72125.0,15698.0,0.21764991334488734,False
06037211921,06,037,211921,Census Tract 2119.21; Los Angeles County; California,1988,281,846,207,42.56,0,14,0,14,0,19.79898987322333,0.0,19.79898987322333,,zero_estimate,0.0,0.0,47353.0,11034.0,0.23301585960762783,False
06037211922,06,037,211922,Census Tract 2119.22; Los Angeles County; California,3614,874,879,313,24.32,40,52,0,14,40,53.85164807134504,0.0,93.85164807134504,1.346291201783626,high_uncertainty,1.11,4.55,58427.0,3703.0,0.06337823266640423,False
06037212101,06,037,212101,Census Tract 2121.01; Los Angeles County; California,2979,288,1618,211,54.31,308,175,28,34,336,178.27226368675525,157.72773631324475,514.2722636867552,0.5305722133534383,usable_with_caution,11.28,20.77,59395.0,16451.0,0.2769761764458288,False
06037212102,06,037,212102,Census Tract 2121.02; Los Angeles County; California,2910,618,1208,328,41.51,118,118,0,14,118,118.82760622010359,0.0,236.82760622010358,1.0070136120347761,high_uncertainty,4.05,9.77,43444.0,10301.0,0.23710984255593406,False
06037212202,06,037,212202,Census Tract 2122.02; Los Angeles County; California,3870,709,709,305,18.32,12,20,0,14,12,24.413111231467404,0.0,36.413111231467404,2.034425935955617,high_uncertainty,0.31,1.69,59026.0,5375.0,0.09106156608951987,False
06037212203,06,037,212203,Census Tract 2122.03; Los Angeles County; California,2830,468,984,239,34.77,249,146,0,14,249,146.66969693839283,102.33030306160717,395.6696969383928,0.589034927463425,usable_with_caution,8.8,25.3,30482.0,8879.0,0.29128666098025063,False
06037212204,06,037,212204,Census Tract 2122.04; Los Angeles County; California,3597,632,1097,289,30.5,185,156,0,14,185,156.62694531912445,28.373054680875555,341.62694531912445,0.8466321368601322,usable_with_caution,5.14,16.86,33636.0,14108.0,0.41943156142228566,False
06037212303,06,037,212303,Census Tract 2123.03; Los Angeles County; California,3713,921,898,275,24.19,103,118,13,15,116,118.94956914591998,0.0,234.94956914591998,1.025427320223448,high_uncertainty,3.12,12.92,30886.0,9169.0,0.29686589393252605,False
06037212304,06,037,212304,Census Tract 2123.04; Los Angeles County; California,1640,265,214,130,13.05,7,10,0,14,7,17.204650534085253,0.0,24.204650534085253,2.457807219155036,high_uncertainty,0.43,3.27,45994.0,5381.0,0.11699352089402966,False
06037212305,06,037,212305,Census Tract 2123.05; Los Angeles County; California,2809,477,589,212,20.97,23,32,0,14,23,34.92849839314596,0.0,57.92849839314596,1.5186303649193895,high_uncertainty,0.82,3.9,47525.0,4897.0,0.1030405049973698,False
06037212306,06,037,212306,Census Tract 2123.06; Los Angeles County; California,2686,472,1015,226,37.79,85,60,10,15,95,61.84658438426491,33.15341561573509,156.8465843842649,0.6510166777291043,usable_with_caution,3.54,9.36,63194.0,3986.0,0.06307560844383961,False
06037212410,06,037,212410,Census Tract 2124.10; Los Angeles County; California,4054,1092,1578,356,38.92,184,150,29,46,213,156.8948692596415,56.105130740358504,369.8948692596415,0.7365956303269554,usable_with_caution,5.25,13.5,49403.0,4970.0,0.10060117806610934,False
06037212420,06,037,212420,Census Tract 2124.20; Los Angeles County; California,2762,332,596,234,21.58,50,58,0,14,50,59.665735560705194,0.0,109.6657355607052,1.1933147112141038,high_uncertainty,1.81,8.39,57732.0,9611.0,0.16647613108847778,False
06037212501,06,037,212501,Census Tract 2125.01; Los Angeles County; California,1915,359,480,233,25.07,12,18,0,14,12,22.80350850198276,0.0,34.80350850198276,1.9002923751652299,high_uncertainty,0.63,2.5,44699.0,36438.0,0.815186022058659,False
06037212502,06,037,212502,Census Tract 2125.02; Los Angeles County; California,3591,485,1553,322,43.25,208,164,26,30,234,166.7213243709394,67.27867562906059,400.72132437093944,0.7124842921835017,usable_with_caution,6.52,15.07,73406.0,17075.0,0.23261041331771246,False
06037212610,06,037,212610,Census Tract 2126.10; Los Angeles County; California,4114,604,1882,454,45.75,129,132,0,14,129,132.74034804836094,0.0,261.74034804836094,1.0289949461113252,high_uncertainty,3.14,6.85,67159.0,16605.0,0.24724906565017346,False
06037212620,06,037,212620,Census Tract 2126.20; Los Angeles County; California,4040,469,1953,434,48.34,71,46,0,14,71,48.08326112068523,22.91673887931477,119.08326112068522,0.6772290298688061,usable_with_caution,1.76,3.64,41125.0,14806.0,0.3600243161094225,False
06037212701,06,037,212701,Census Tract 2127.01; Los Angeles County; California,2525,243,1280,244,50.69,93,76,0,14,93,77.27871634544663,15.721283654553375,170.27871634544664,0.8309539391983508,usable_with_caution,3.68,7.27,85030.0,14417.0,0.16955192285075857,False
06037212702,06,037,212702,Census Tract 2127.02; Los Angeles County; California,3508,507,1973,409,56.24,16,23,40,41,56,47.01063709417264,8.989362905827363,103.01063709417264,0.83947566239594,usable_with_caution,1.6,2.84,74727.0,40852.0,0.5466832604011936,False
06037212800,06,037,212800,Census Tract 2128; Los Angeles County; California,3479,508,1513,433,43.49,32,31,14,26,46,40.45985664828782,5.540143351712182,86.45985664828783,0.8795621010497352,usable_with_caution,1.32,3.04,101932.0,54114.0,0.5308833339873641,False
06037212900,06,037,212900,Census Tract 2129; Los Angeles County; California,3421,588,789,372,23.06,11,16,0,14,11,21.2602916254693,0.0,32.2602916254693,1.9327537841335727,high_uncertainty,0.32,1.39,55360.0,9649.0,0.17429552023121386,False
06037213100,06,037,213100,Census Tract 2131; Los Angeles County; California,2814,323,1614,300,57.36,19,30,0,14,19,33.1058907144937,0.0,52.1058907144937,1.7424153007628262,high_uncertainty,0.68,1.18,60527.0,9801.0,0.16192773472995522,False
06037213201,06,037,213201,Census Tract 2132.01; Los Angeles County; California,4086,580,1757,426,43.0,35,39,44,71,79,81.00617260431454,0.0,160.00617260431454,1.0253945899280321,high_uncertainty,1.93,4.5,44849.0,9068.0,0.20218956944413477,False
06037213202,06,037,213202,Census Tract 2132.02; Los Angeles County; California,3540,522,1208,353,34.12,57,71,0,14,57,72.3671196055225,0.0,129.3671196055225,1.2695985895705701,high_uncertainty,1.61,4.72,68534.0,8906.0,0.12995009776169492,False
06037213310,06,037,213310,Census Tract 2133.10; Los Angeles County; California,2660,596,853,376,32.07,0,14,0,14,0,19.79898987322333,0.0,19.79898987322333,,zero_estimate,0.0,0.0,50313.0,27379.0,0.5441734740524318,False
06037213320,06,037,213320,Census Tract 2133.20; Los Angeles County; California,2341,556,487,226,20.8,18,25,0,14,18,28.653097563788805,0.0,46.653097563788805,1.5918387535438225,high_uncertainty,0.77,3.7,40139.0,13769.0,0.3430329604623932,False
06037213401,06,037,213401,Census Tract 2134.01; Los Angeles County; California,4457,581,886,213,19.88,91,86,0,14,91,87.13208364316786,3.86791635683214,178.13208364316785,0.9574954246501962,usable_with_caution,2.04,10.27,60590.0,16669.0,0.2751114045221984,False
06037213402,06,037,213402,Census Tract 2134.02; Los Angeles County; California,4335,716,824,275,19.01,53,66,33,50,86,82.80096617793781,3.199033822062191,168.80096617793782,0.9628019323016024,usable_with_caution,1.98,10.44,45700.0,16424.0,0.35938730853391687,False
06037214000,06,037,214000,Census Tract 2140; Los Angeles County; California,3736,745,87,68,2.33,25,22,0,14,25,26.076809620810597,0.0,51.07680962081059,1.043072384832424,high_uncertainty,0.67,28.74,150288.0,46951.0,0.312406845523262,False
06037214100,06,037,214100,Census Tract 2141; Los Angeles County; California,4138,495,243,145,5.87,0,14,0,14,0,19.79898987322333,0.0,19.79898987322333,,zero_estimate,0.0,0.0,162159.0,37157.0,0.22913930154971354,False
06037214400,06,037,214400,Census Tract 2144; Los Angeles County; California,2981,358,246,150,8.25,27,30,17,27,44,40.36087214122113,3.6391278587788705,84.36087214122114,0.9172925486641166,usable_with_caution,1.48,17.89,102725.0,22072.0,0.2148649306400584,False
06037214501,06,037,214501,Census Tract 2145.01; Los Angeles County; California,3809,831,1637,869,42.98,156,127,52,81,208,150.63200191194434,57.36799808805566,358.63200191194437,0.7241923168843478,usable_with_caution,5.46,12.71,118885.0,10836.0,0.09114690667451739,False
06037214503,06,037,214503,Census Tract 2145.03; Los Angeles County; California,3504,376,1201,289,34.28,31,38,25,37,56,53.03772242470448,2.9622775752955235,109.03772242470447,0.9471021861554371,usable_with_caution,1.6,4.66,96225.0,12471.0,0.1296024941543258,False
06037214504,06,037,214504,Census Tract 2145.04; Los Angeles County; California,3273,438,1121,398,34.25,9,14,0,14,9,19.79898987322333,0.0,28.79898987322333,2.199887763691481,high_uncertainty,0.27,0.8,110125.0,14058.0,0.12765493757094212,False
06037214505,06,037,214505,Census Tract 2145.05; Los Angeles County; California,1731,199,257,168,14.85,45,41,9,15,54,43.657759905886145,10.342240094113855,97.65775990588614,0.8084770352941879,usable_with_caution,3.12,21.01,102279.0,38872.0,0.3800584675251029,False
06037214600,06,037,214600,Census Tract 2146; Los Angeles County; California,2280,411,163,101,7.15,17,31,18,28,35,41.773197148410844,0.0,76.77319714841084,1.1935199185260241,high_uncertainty,1.54,21.47,120229.0,35738.0,0.2972494156983756,False
06037214700,06,037,214700,Census Tract 2147; Los Angeles County; California,2677,476,224,176,8.37,14,19,0,14,14,23.600847442411894,0.0,37.60084744241189,1.6857748173151352,high_uncertainty,0.52,6.25,125515.0,23316.0,0.1857626578496594,False
06037214800,06,037,214800,Census Tract 2148; Los Angeles County; California,2985,406,287,165,9.61,22,26,50,61,72,66.30987860040162,5.690121399598382,138.30987860040162,0.9209705361166891,usable_with_caution,2.41,25.09,96513.0,22775.0,0.23597857283474766,False
06037214902,06,037,214902,Census Tract 2149.02; Los Angeles County; California,2652,402,253,136,9.54,41,41,33,55,74,68.60029154456998,5.399708455430016,142.60029154456998,0.9270309668185133,usable_with_caution,2.79,29.25,109450.0,17831.0,0.16291457286432162,False
06037214903,06,037,214903,Census Tract 2149.03; Los Angeles County; California,1677,364,117,131,6.98,100,128,0,14,100,128.76334882255898,0.0,228.76334882255898,1.2876334882255898,high_uncertainty,5.96,85.47,59038.0,43161.0,0.7310715132626444,False
06037214904,06,037,214904,Census Tract 2149.04; Los Angeles County; California,1567,247,90,66,5.74,22,25,0,14,22,28.653097563788805,0.0,50.653097563788805,1.302413525626764,high_uncertainty,1.4,24.44,126824.0,42046.0,0.33153030972055764,False
06037215101,06,037,215101,Census Tract 2151.01; Los Angeles County; California,3023,395,381,145,12.6,41,42,0,14,41,44.27188724235731,0.0,85.27188724235731,1.0798021278623733,high_uncertainty,1.36,10.76,91250.0,26573.0,0.2912109589041096,False
06037215102,06,037,215102,Census Tract 2151.02; Los Angeles County; California,3234,420,191,102,5.91,20,32,0,14,20,34.92849839314596,0.0,54.92849839314596,1.7464249196572978,high_uncertainty,0.62,10.47,92889.0,17802.0,0.19164809611471756,False
06037216100,06,037,216100,Census Tract 2161; Los Angeles County; California,2179,369,510,121,23.41,54,53,10,17,64,55.65968020030299,8.340319799697014,119.65968020030299,0.8696825031297342,usable_with_caution,2.94,12.55,168531.0,16085.0,0.09544238152031377,False
06037216201,06,037,216201,Census Tract 2162.01; Los Angeles County; California,2626,411,776,277,29.55,93,56,0,14,93,57.723478758647246,35.276521241352754,150.72347875864725,0.6206825672972822,usable_with_caution,3.54,11.98,120282.0,29398.0,0.24440897224854924,False
06037216202,06,037,216202,Census Tract 2162.02; Los Angeles County; California,2613,351,304,108,11.63,68,48,37,45,105,65.79513659838392,39.20486340161608,170.79513659838392,0.6266203485560373,usable_with_caution,4.02,34.54,78859.0,46373.0,0.5880495568039158,False
06037216301,06,037,216301,Census Tract 2163.01; Los Angeles County; California,1448,434,142,72,9.81,65,50,0,14,65,51.92301994298868,13.076980057011319,116.92301994298867,0.798815691430595,usable_with_caution,4.49,45.77,99738.0,71511.0,0.7169885098959273,False
06037216302,06,037,216302,Census Tract 2163.02; Los Angeles County; California,3210,356,323,123,10.06,81,72,0,14,81,73.348483283569,7.651516716431004,154.348483283569,0.9055368306613456,usable_with_caution,2.52,25.08,100000.0,23021.0,0.23021,False
06037216401,06,037,216401,Census Tract 2164.01; Los Angeles County; California,3998,696,382,228,9.55,99,107,0,14,99,107.91200118615167,0.0,206.91200118615166,1.090020214001532,high_uncertainty,2.48,25.92,97223.0,11457.0,0.11784248583154192,False
06037216402,06,037,216402,Census Tract 2164.02; Los Angeles County; California,2648,581,180,107,6.8,44,38,0,14,44,40.496913462633174,3.5030865373668263,84.49691346263317,0.9203843968780266,usable_with_caution,1.66,24.44,101470.0,7131.0,0.07027692914161822,False
06037216700,06,037,216700,Census Tract 2167; Los Angeles County; California,3519,582,347,151,9.86,83,74,0,14,83,75.31268153505093,7.6873184649490724,158.31268153505093,0.9073817052415775,usable_with_caution,2.36,23.92,97406.0,14820.0,0.152146685009137,False
06037216800,06,037,216800,Census Tract 2168; Los Angeles County; California,3402,393,205,103,6.03,36,38,0,14,36,40.496913462633174,0.0,76.49691346263317,1.1249142628509214,high_uncertainty,1.06,17.56,121597.0,30752.0,0.2529009761753991,False
06037216901,06,037,216901,Census Tract 2169.01; Los Angeles County; California,3014,411,86,76,2.85,23,27,0,14,23,30.4138126514911,0.0,53.4138126514911,1.322339680499613,high_uncertainty,0.76,26.74,106354.0,36441.0,0.34263873479135715,False
06037216902,06,037,216902,Census Tract 2169.02; Los Angeles County; California,2318,654,161,64,6.95,58,54,0,14,58,55.78530272392541,2.214697276074588,113.78530272392541,0.9618155642056105,usable_with_caution,2.5,36.02,87222.0,30849.0,0.35368370365274815,False
06037217001,06,037,217001,Census Tract 2170.01; Los Angeles County; California,3156,465,61,56,1.93,14,21,0,14,14,25.238858928247925,0.0,39.23885892824792,1.8027756377319946,high_uncertainty,0.44,22.95,129688.0,41724.0,0.3217259885263093,False
06037217002,06,037,217002,Census Tract 2170.02; Los Angeles County; California,4911,626,497,303,10.12,203,202,22,35,225,205.00975586542216,19.990244134577836,430.00975586542216,0.9111544705129874,usable_with_caution,4.58,45.27,101265.0,9043.0,0.08930035056534834,False
06037217101,06,037,217101,Census Tract 2171.01; Los Angeles County; California,2785,1342,62,56,2.23,16,31,0,14,16,34.0147027033899,0.0,50.0147027033899,2.125918918961869,high_uncertainty,0.57,25.81,89453.0,66001.0,0.7378288039529138,False
06037217102,06,037,217102,Census Tract 2171.02; Los Angeles County; California,2627,299,252,127,9.59,59,61,40,45,99,75.8023746329889,23.1976253670111,174.80237463298891,0.7656805518483727,usable_with_caution,3.77,39.29,97625.0,45600.0,0.4670934699103713,False
06037217200,06,037,217200,Census Tract 2172; Los Angeles County; California,3809,602,418,188,10.97,84,56,0,14,84,57.723478758647246,26.276521241352754,141.72347875864725,0.6871842709362768,usable_with_caution,2.21,20.1,91076.0,23383.0,0.25674162238130793,False
06037218110,06,037,218110,Census Tract 2181.10; Los Angeles County; California,3153,744,236,141,7.48,0,14,0,14,0,19.79898987322333,0.0,19.79898987322333,,zero_estimate,0.0,0.0,48897.0,24539.0,0.5018508292942307,False
06037218120,06,037,218120,Census Tract 2181.20; Los Angeles County; California,3790,898,504,188,13.3,35,44,0,14,35,46.17358552246078,0.0,81.17358552246078,1.3192453006417366,high_uncertainty,0.92,6.94,57188.0,13194.0,0.23071273693781913,False
06037218210,06,037,218210,Census Tract 2182.10; Los Angeles County; California,4113,740,172,134,4.18,14,24,0,14,14,27.784887978899608,0.0,41.784887978899604,1.9846348556356863,high_uncertainty,0.34,8.14,59151.0,6734.0,0.11384422917617623,False
06037218220,06,037,218220,Census Tract 2182.20; Los Angeles County; California,3811,575,475,203,12.46,96,87,0,14,96,88.11923740024082,7.88076259975918,184.11923740024082,0.9179087229191752,usable_with_caution,2.52,20.21,81667.0,12525.0,0.1533667209521594,False
06037218300,06,037,218300,Census Tract 2183; Los Angeles County; California,4547,822,83,60,1.83,33,37,0,14,33,39.56008088970496,0.0,72.56008088970496,1.1987903299910594,high_uncertainty,0.73,39.76,78069.0,26531.0,0.3398403975969975,False
06037218400,06,037,218400,Census Tract 2184; Los Angeles County; California,4144,813,294,172,7.09,47,43,0,14,47,45.221676218380054,1.778323781619946,92.22167621838005,0.9621633237953203,usable_with_caution,1.13,15.99,103843.0,14413.0,0.13879606713981685,False
06037218500,06,037,218500,Census Tract 2185; Los Angeles County; California,2669,420,147,94,5.51,19,30,0,14,19,33.1058907144937,0.0,52.1058907144937,1.7424153007628262,high_uncertainty,0.71,12.93,77938.0,24394.0,0.31299237855731477,False
06037218600,06,037,218600,Census Tract 2186; Los Angeles County; California,2871,343,351,238,12.23,34,44,66,62,100,76.02631123499285,23.973688765007154,176.02631123499285,0.7602631123499285,usable_with_caution,3.48,28.49,76406.0,16350.0,0.21398843022799258,False
06037218701,06,037,218701,Census Tract 2187.01; Los Angeles County; California,1788,297,99,74,5.54,12,20,0,14,12,24.413111231467404,0.0,36.413111231467404,2.034425935955617,high_uncertainty,0.67,12.12,51477.0,21383.0,0.4153893972065194,False
06037218702,06,037,218702,Census Tract 2187.02; Los Angeles County; California,2698,473,115,73,4.26,0,14,0,14,0,19.79898987322333,0.0,19.79898987322333,,zero_estimate,0.0,0.0,61616.0,7502.0,0.12175408984679303,False
06037218800,06,037,218800,Census Tract 2188; Los Angeles County; California,2684,363,401,190,14.94,0,14,0,14,0,19.79898987322333,0.0,19.79898987322333,,zero_estimate,0.0,0.0,53750.0,5450.0,0.1013953488372093,False
06037218900,06,037,218900,Census Tract 2189; Los Angeles County; California,5397,996,265,120,4.91,0,19,53,87,53,89.05054744357274,0.0,142.05054744357273,1.680199008369297,high_uncertainty,0.98,20.0,63269.0,15344.0,0.242520033507721,False
06037219010,06,037,219010,Census Tract 2190.10; Los Angeles County; California,3108,602,29,24,0.93,0,14,0,14,0,19.79898987322333,0.0,19.79898987322333,,zero_estimate,0.0,0.0,87171.0,31404.0,0.3602574250610868,False
06037219020,06,037,219020,Census Tract 2190.20; Los Angeles County; California,4190,684,102,64,2.43,38,51,0,14,38,52.88667128870941,0.0,90.88667128870941,1.391754507597616,high_uncertainty,0.91,37.25,80481.0,28627.0,0.35569886060063866,False
06037219300,06,037,219300,Census Tract 2193; Los Angeles County; California,3912,702,35,50,0.89,0,14,0,14,0,19.79898987322333,0.0,19.79898987322333,,zero_estimate,0.0,0.0,57298.0,20142.0,0.35153059443610596,False
06037219500,06,037,219500,Census Tract 2195; Los Angeles County; California,1941,231,351,117,18.08,118,57,8,11,126,58.05170109479997,67.94829890520003,184.05170109479997,0.4607277864666664,more_reliable,6.49,35.9,103050.0,43120.0,0.41843765162542457,False
06037219700,06,037,219700,Census Tract 2197; Los Angeles County; California,3876,843,78,45,2.01,50,34,0,14,50,36.76955262170047,13.23044737829953,86.76955262170047,0.7353910524340094,usable_with_caution,1.29,64.1,82586.0,30503.0,0.36934831569515414,False
06037219800,06,037,219800,Census Tract 2198; Los Angeles County; California,3254,509,22,25,0.68,9,15,6,9,15,17.4928556845359,0.0,32.4928556845359,1.16619037896906,high_uncertainty,0.46,68.18,69120.0,13844.0,0.20028935185185184,False
06037219901,06,037,219901,Census Tract 2199.01; Los Angeles County; California,4788,1056,62,55,1.29,15,22,0,14,15,26.076809620810597,0.0,41.07680962081059,1.7384539747207064,high_uncertainty,0.31,24.19,63401.0,25655.0,0.40464661440671285,False
06037219902,06,037,219902,Census Tract 2199.02; Los Angeles County; California,3640,581,254,223,6.98,174,203,22,38,196,206.52602741543257,0.0,402.52602741543257,1.053704221507309,high_uncertainty,5.38,77.17,107059.0,69918.0,0.6530791432761375,False
06037220000,06,037,220000,Census Tract 2200; Los Angeles County; California,5308,1260,73,80,1.38,33,53,0,19,33,56.302753041036986,0.0,89.302753041037,1.7061440315465752,high_uncertainty,0.62,45.21,65453.0,31090.0,0.47499732632576047,False
06037220100,06,037,220100,Census Tract 2201; Los Angeles County; California,2386,307,44,48,1.84,7,11,0,14,7,17.804493814764857,0.0,24.804493814764857,2.5434991163949796,high_uncertainty,0.29,15.91,73750.0,29189.0,0.39578305084745763,False
06037221110,06,037,221110,Census Tract 2211.10; Los Angeles County; California,3027,568,509,267,16.82,0,14,0,14,0,19.79898987322333,0.0,19.79898987322333,,zero_estimate,0.0,0.0,48622.0,9156.0,0.18830981860063345,False
06037221120,06,037,221120,Census Tract 2211.20; Los Angeles County; California,2924,393,222,168,7.59,0,14,0,14,0,19.79898987322333,0.0,19.79898987322333,,zero_estimate,0.0,0.0,47431.0,8353.0,0.176108452278046,False
06037221210,06,037,221210,Census Tract 2212.10; Los Angeles County; California,2829,528,277,133,9.79,46,78,0,14,46,79.2464510246358,0.0,125.2464510246358,1.7227489353181695,high_uncertainty,1.63,16.61,71382.0,23779.0,0.3331231963240032,False
06037221220,06,037,221220,Census Tract 2212.20; Los Angeles County; California,3081,400,212,151,6.88,0,14,0,14,0,19.79898987322333,0.0,19.79898987322333,,zero_estimate,0.0,0.0,54083.0,15360.0,0.2840079137621804,False
06037221302,06,037,221302,Census Tract 2213.02; Los Angeles County; California,3782,569,221,121,5.84,0,14,50,52,50,53.85164807134504,0.0,103.85164807134504,1.0770329614269007,high_uncertainty,1.32,22.62,37220.0,26373.0,0.7085706609349812,False
06037221303,06,037,221303,Census Tract 2213.03; Los Angeles County; California,2527,409,183,96,7.24,14,20,0,14,14,24.413111231467404,0.0,38.413111231467404,1.7437936593905288,high_uncertainty,0.55,7.65,61786.0,18528.0,0.29987375780921244,False
06037221304,06,037,221304,Census Tract 2213.04; Los Angeles County; California,3615,735,547,291,15.13,30,48,0,14,30,50.0,0.0,80.0,1.6666666666666667,high_uncertainty,0.83,5.48,47279.0,15626.0,0.3305061443769961,False
06037221401,06,037,221401,Census Tract 2214.01; Los Angeles County; California,3690,628,261,122,7.07,29,31,0,14,29,34.0147027033899,0.0,63.0147027033899,1.1729207828755137,high_uncertainty,0.79,11.11,49654.0,15724.0,0.3166713658516937,False
06037221402,06,037,221402,Census Tract 2214.02; Los Angeles County; California,2771,419,517,171,18.66,47,42,0,14,47,44.27188724235731,2.728112757642691,91.27188724235731,0.9419550477097299,usable_with_caution,1.7,9.09,36736.0,16782.0,0.4568270905923345,False
06037221500,06,037,221500,Census Tract 2215; Los Angeles County; California,3542,575,244,161,6.89,13,22,0,14,13,26.076809620810597,0.0,39.07680962081059,2.005908432370046,high_uncertainty,0.37,5.33,46843.0,13372.0,0.28546421023418656,False
06037221601,06,037,221601,Census Tract 2216.01; Los Angeles County; California,3641,568,110,92,3.02,20,22,0,14,20,26.076809620810597,0.0,46.07680962081059,1.3038404810405297,high_uncertainty,0.55,18.18,63351.0,27533.0,0.4346103455351928,False
06037221602,06,037,221602,Census Tract 2216.02; Los Angeles County; California,2355,500,134,78,5.69,12,17,5,9,17,19.235384061671343,0.0,36.23538406167134,1.1314931800983143,high_uncertainty,0.72,12.69,58715.0,15699.0,0.2673763092906412,False
06037221710,06,037,221710,Census Tract 2217.10; Los Angeles County; California,2469,452,236,98,9.56,139,74,0,14,139,75.31268153505093,63.68731846494907,214.31268153505093,0.5418178527701506,usable_with_caution,5.63,58.9,46563.0,7653.0,0.16435796662586175,False
06037221810,06,037,221810,Census Tract 2218.10; Los Angeles County; California,2266,356,639,154,28.2,237,106,0,14,237,106.92053123698928,130.0794687630107,343.9205312369893,0.451141482012613,more_reliable,10.46,37.09,33000.0,5792.0,0.1755151515151515,False
06037221820,06,037,221820,Census Tract 2218.20; Los Angeles County; California,2700,414,987,327,36.56,229,124,18,21,247,125.76565508913791,121.23434491086209,372.7656550891379,0.5091726926685746,usable_with_caution,9.15,25.03,28466.0,5175.0,0.18179582660015456,False
06037221900,06,037,221900,Census Tract 2219; Los Angeles County; California,4775,472,1905,389,39.9,745,289,35,36,780,291.23358322830836,488.76641677169164,1071.2335832283084,0.3733763887542415,more_reliable,16.34,40.94,29712.0,7618.0,0.2563947226709747,False
06037222001,06,037,222001,Census Tract 2220.01; Los Angeles County; California,2756,396,189,191,6.86,0,14,0,14,0,19.79898987322333,0.0,19.79898987322333,,zero_estimate,0.0,0.0,74167.0,13953.0,0.18812949155284694,False
06037222002,06,037,222002,Census Tract 2220.02; Los Angeles County; California,4544,678,55,59,1.21,0,14,0,14,0,19.79898987322333,0.0,19.79898987322333,,zero_estimate,0.0,0.0,71898.0,10141.0,0.14104703886060807,False
06037222100,06,037,222100,Census Tract 2221; Los Angeles County; California,3964,820,483,248,12.18,113,133,71,94,184,162.8649747490233,21.135025250976696,346.8649747490233,0.8851357323316484,usable_with_caution,4.64,38.1,58040.0,23089.0,0.3978118538938663,False
06037222200,06,037,222200,Census Tract 2222; Los Angeles County; California,3474,518,71,81,2.04,10,17,0,14,10,22.02271554554524,0.0,32.02271554554524,2.2022715545545237,high_uncertainty,0.29,14.08,52314.0,23942.0,0.4576595175287686,False
06037222500,06,037,222500,Census Tract 2225; Los Angeles County; California,4076,723,46,68,1.13,0,14,0,14,0,19.79898987322333,0.0,19.79898987322333,,zero_estimate,0.0,0.0,65250.0,20375.0,0.31226053639846746,False
06037222600,06,037,222600,Census Tract 2226; Los Angeles County; California,4907,765,1145,398,23.33,769,327,53,88,822,338.6340207362515,483.3659792637485,1160.6340207362514,0.41196352887621834,more_reliable,16.75,71.79,45260.0,13436.0,0.2968625718073354,False
06037222700,06,037,222700,Census Tract 2227; Los Angeles County; California,4632,202,1463,223,31.58,446,144,34,31,480,147.29901561110313,332.70098438889687,627.2990156111032,0.3068729491897982,more_reliable,10.36,32.81,54167.0,30182.0,0.5572027249063083,False
06037224010,06,037,224010,Census Tract 2240.10; Los Angeles County; California,2964,445,380,143,12.82,151,111,0,14,151,111.87939935484101,39.12060064515899,262.879399354841,0.7409231745353709,usable_with_caution,5.09,39.74,39219.0,14548.0,0.3709426553456233,False
06037224020,06,037,224020,Census Tract 2240.20; Los Angeles County; California,2989,614,88,72,2.94,58,70,9,13,67,71.19691004531025,0.0,138.19691004531023,1.0626404484374663,high_uncertainty,2.24,76.14,38871.0,11782.0,0.3031051426513339,False
06037224200,06,037,224200,Census Tract 2242; Los Angeles County; California,2171,528,55,41,2.53,0,14,0,14,0,19.79898987322333,0.0,19.79898987322333,,zero_estimate,0.0,0.0,57743.0,11523.0,0.19955665621806973,False
06037224310,06,037,224310,Census Tract 2243.10; Los Angeles County; California,1870,210,211,131,11.28,21,27,1,3,22,27.16615541441225,0.0,49.166155414412245,1.2348252461096476,high_uncertainty,1.18,10.43,59250.0,27387.0,0.4622278481012658,False
06037224320,06,037,224320,Census Tract 2243.20; Los Angeles County; California,3872,735,104,83,2.69,21,33,0,14,21,35.84689665786984,0.0,56.84689665786984,1.706995078946183,high_uncertainty,0.54,20.19,38750.0,36155.0,0.9330322580645162,False
06037224410,06,037,224410,Census Tract 2244.10; Los Angeles County; California,2731,481,398,184,14.57,139,90,11,17,150,91.59148432032315,58.40851567967685,241.59148432032316,0.6106098954688209,usable_with_caution,5.49,37.69,41010.0,15484.0,0.37756644720799803,False
06037224420,06,037,224420,Census Tract 2244.20; Los Angeles County; California,2051,338,105,66,5.12,7,11,0,14,7,17.804493814764857,0.0,24.804493814764857,2.5434991163949796,high_uncertainty,0.34,6.67,26648.0,4829.0,0.18121435004503153,False
06037224600,06,037,224600,Census Tract 2246; Los Angeles County; California,3040,412,52,37,1.71,8,12,0,14,8,18.439088914585774,0.0,26.439088914585774,2.3048861143232218,high_uncertainty,0.26,15.38,50795.0,10498.0,0.20667388522492372,False
06037224701,06,037,224701,Census Tract 2247.01; Los Angeles County; California,2550,128,836,173,32.78,221,90,18,23,239,92.89241088485109,146.10758911514893,331.8924108848511,0.38867117525042294,more_reliable,9.37,28.59,32273.0,24122.0,0.7474359371610945,False
06037224702,06,037,224702,Census Tract 2247.02; Los Angeles County; California,2483,300,908,236,36.57,514,208,29,35,543,210.92415698539605,332.07584301460395,753.924156985396,0.3884422780578196,more_reliable,21.87,59.8,5213.0,1985.0,0.3807788221753309,False
06037226001,06,037,226001,Census Tract 2260.01; Los Angeles County; California,2011,388,48,68,2.39,0,14,0,14,0,19.79898987322333,0.0,19.79898987322333,,zero_estimate,0.0,0.0,34515.0,8525.0,0.24699406055338258,False
06037226002,06,037,226002,Census Tract 2260.02; Los Angeles County; California,1900,436,275,128,14.47,20,22,0,14,20,26.076809620810597,0.0,46.07680962081059,1.3038404810405297,high_uncertainty,1.05,7.27,52412.0,21476.0,0.4097534915668168,False
06037226410,06,037,226410,Census Tract 2264.10; Los Angeles County; California,3334,409,0,14,0.0,0,14,0,14,0,19.79898987322333,0.0,19.79898987322333,,zero_estimate,0.0,,47019.0,11068.0,0.23539420234373337,False
06037226420,06,037,226420,Census Tract 2264.20; Los Angeles County; California,4928,834,260,210,5.28,0,14,0,14,0,19.79898987322333,0.0,19.79898987322333,,zero_estimate,0.0,0.0,48418.0,13442.0,0.2776240241232599,False
06037226701,06,037,226701,Census Tract 2267.01; Los Angeles County; California,2287,254,20,32,0.87,7,11,0,14,7,17.804493814764857,0.0,24.804493814764857,2.5434991163949796,high_uncertainty,0.31,35.0,61932.0,24677.0,0.39845314215591293,False
06037226702,06,037,226702,Census Tract 2267.02; Los Angeles County; California,3749,1108,0,14,0.0,0,14,0,14,0,19.79898987322333,0.0,19.79898987322333,,zero_estimate,0.0,,66556.0,14187.0,0.21315884368050964,False
06037227010,06,037,227010,Census Tract 2270.10; Los Angeles County; California,3932,802,0,14,0.0,0,14,0,14,0,19.79898987322333,0.0,19.79898987322333,,zero_estimate,0.0,,50230.0,6888.0,0.13712920565399164,False
06037227020,06,037,227020,Census Tract 2270.20; Los Angeles County; California,3232,660,2,8,0.06,0,14,0,14,0,19.79898987322333,0.0,19.79898987322333,,zero_estimate,0.0,0.0,67331.0,9725.0,0.14443569826677163,False
06037228100,06,037,228100,Census Tract 2281; Los Angeles County; California,4189,919,0,14,0.0,0,14,0,14,0,19.79898987322333,0.0,19.79898987322333,,zero_estimate,0.0,,65313.0,22457.0,0.34383660220782997,False
06037228210,06,037,228210,Census Tract 2282.10; Los Angeles County; California,3579,507,94,64,2.63,11,16,0,14,11,21.2602916254693,0.0,32.2602916254693,1.9327537841335727,high_uncertainty,0.31,11.7,58558.0,19966.0,0.34096109839816935,False
06037228220,06,037,228220,Census Tract 2282.20; Los Angeles County; California,4565,635,11,30,0.24,0,14,0,14,0,19.79898987322333,0.0,19.79898987322333,,zero_estimate,0.0,0.0,60962.0,29853.0,0.4896985007053574,False
06037228310,06,037,228310,Census Tract 2283.10; Los Angeles County; California,4470,517,1,3,0.02,0,14,0,14,0,19.79898987322333,0.0,19.79898987322333,,zero_estimate,0.0,0.0,53408.0,6657.0,0.12464424805272618,False
06037228320,06,037,228320,Census Tract 2283.20; Los Angeles County; California,3166,680,0,14,0.0,0,14,0,14,0,19.79898987322333,0.0,19.79898987322333,,zero_estimate,0.0,,57708.0,21907.0,0.3796180772163305,False
06037228410,06,037,228410,Census Tract 2284.10; Los Angeles County; California,3111,513,25,38,0.8,0,14,0,14,0,19.79898987322333,0.0,19.79898987322333,,zero_estimate,0.0,0.0,64286.0,18530.0,0.28824316336371836,False
06037228420,06,037,228420,Census Tract 2284.20; Los Angeles County; California,2781,529,20,28,0.72,0,14,0,14,0,19.79898987322333,0.0,19.79898987322333,,zero_estimate,0.0,0.0,80488.0,11336.0,0.14084087068879833,False
06037228500,06,037,228500,Census Tract 2285; Los Angeles County; California,4840,953,0,14,0.0,0,14,0,14,0,19.79898987322333,0.0,19.79898987322333,,zero_estimate,0.0,,46450.0,14817.0,0.3189881593110872,False
06037228600,06,037,228600,Census Tract 2286; Los Angeles County; California,4894,937,0,14,0.0,0,14,0,14,0,19.79898987322333,0.0,19.79898987322333,,zero_estimate,0.0,,59118.0,25673.0,0.4342670591021347,False
06037228710,06,037,228710,Census Tract 2287.10; Los Angeles County; California,4127,668,8,13,0.19,0,14,0,14,0,19.79898987322333,0.0,19.79898987322333,,zero_estimate,0.0,0.0,62286.0,27703.0,0.4447708955463507,False
06037228720,06,037,228720,Census Tract 2287.20; Los Angeles County; California,4773,629,0,14,0.0,0,14,0,14,0,19.79898987322333,0.0,19.79898987322333,,zero_estimate,0.0,,65000.0,14843.0,0.22835384615384616,False
06037228800,06,037,228800,Census Tract 2288; Los Angeles County; California,5503,726,124,188,2.25,0,19,0,19,0,26.870057685088806,0.0,26.870057685088806,,zero_estimate,0.0,0.0,54975.0,35806.0,0.6513142337426103,False
06037228900,06,037,228900,Census Tract 2289; Los Angeles County; California,3410,518,16,27,0.47,0,14,0,14,0,19.79898987322333,0.0,19.79898987322333,,zero_estimate,0.0,0.0,38040.0,16919.0,0.44476866456361724,False
06037229100,06,037,229100,Census Tract 2291; Los Angeles County; California,4420,606,0,14,0.0,0,14,0,14,0,19.79898987322333,0.0,19.79898987322333,,zero_estimate,0.0,,65461.0,24096.0,0.36809703487572754,False
06037229200,06,037,229200,Census Tract 2292; Los Angeles County; California,4319,915,58,78,1.34,0,14,0,14,0,19.79898987322333,0.0,19.79898987322333,,zero_estimate,0.0,0.0,48339.0,12174.0,0.2518463352572457,False
06037229300,06,037,229300,Census Tract 2293; Los Angeles County; California,5641,862,37,44,0.66,11,21,0,19,11,28.319604517012593,0.0,39.31960451701259,2.5745095015465993,high_uncertainty,0.2,29.73,59107.0,7213.0,0.12203292334241292,False
06037229410,06,037,229410,Census Tract 2294.10; Los Angeles County; California,3788,1050,0,14,0.0,0,14,0,14,0,19.79898987322333,0.0,19.79898987322333,,zero_estimate,0.0,,65286.0,12282.0,0.1881260913518978,False
06037229420,06,037,229420,Census Tract 2294.20; Los Angeles County; California,4796,677,0,14,0.0,0,14,0,14,0,19.79898987322333,0.0,19.79898987322333,,zero_estimate,0.0,,70135.0,11370.0,0.16211591929849575,False
06037231100,06,037,231100,Census Tract 2311; Los Angeles County; California,2785,418,32,38,1.15,0,14,0,14,0,19.79898987322333,0.0,19.79898987322333,,zero_estimate,0.0,0.0,59531.0,22459.0,0.37726562631234145,False
06037231210,06,037,231210,Census Tract 2312.10; Los Angeles County; California,3984,561,80,95,2.01,17,27,0,14,17,30.4138126514911,0.0,47.4138126514911,1.789047803028888,high_uncertainty,0.43,21.25,43797.0,6721.0,0.15345799940635205,False
06037231220,06,037,231220,Census Tract 2312.20; Los Angeles County; California,4274,854,387,169,9.05,139,103,0,14,139,103.9471019317037,35.0528980682963,242.94710193170368,0.7478208772065015,usable_with_caution,3.25,35.92,37740.0,6908.0,0.18304186539480657,False
06037231301,06,037,231301,Census Tract 2313.01; Los Angeles County; California,2920,489,2,5,0.07,1,3,0,14,1,14.317821063276353,0.0,15.317821063276353,14.317821063276353,high_uncertainty,0.03,50.0,58818.0,5800.0,0.0986092692713115,False
06037231302,06,037,231302,Census Tract 2313.02; Los Angeles County; California,2933,649,62,58,2.11,0,14,0,14,0,19.79898987322333,0.0,19.79898987322333,,zero_estimate,0.0,0.0,61567.0,13862.0,0.2251530852567122,False
06037231400,06,037,231400,Census Tract 2314; Los Angeles County; California,4633,712,136,102,2.94,22,34,0,14,22,36.76955262170047,0.0,58.76955262170047,1.671343300986385,high_uncertainty,0.47,16.18,55153.0,38063.0,0.6901347161532464,False
06037231500,06,037,231500,Census Tract 2315; Los Angeles County; California,5050,729,223,142,4.42,17,27,0,19,17,33.015148038438355,0.0,50.015148038438355,1.9420675316728444,high_uncertainty,0.34,7.62,91344.0,23749.0,0.259995183044316,False
06037231601,06,037,231601,Census Tract 2316.01; Los Angeles County; California,2299,580,0,14,0.0,0,14,0,14,0,19.79898987322333,0.0,19.79898987322333,,zero_estimate,0.0,,83270.0,7493.0,0.08998438813498259,False
06037231602,06,037,231602,Census Tract 2316.02; Los Angeles County; California,1874,341,63,61,3.36,16,23,0,14,16,26.92582403567252,0.0,42.92582403567252,1.6828640022295325,high_uncertainty,0.85,25.4,84028.0,30827.0,0.36686580663588325,False
06037231603,06,037,231603,Census Tract 2316.03; Los Angeles County; California,3067,482,44,40,1.43,32,41,0,14,32,43.32435804486894,0.0,75.32435804486894,1.3538861889021543,high_uncertainty,1.04,72.73,60455.0,26084.0,0.43146141758332646,False
06037231710,06,037,231710,Census Tract 2317.10; Los Angeles County; California,4190,744,7,15,0.17,0,14,0,14,0,19.79898987322333,0.0,19.79898987322333,,zero_estimate,0.0,0.0,56494.0,9636.0,0.17056678585336496,False
06037231720,06,037,231720,Census Tract 2317.20; Los Angeles County; California,5078,803,103,93,2.03,20,34,20,32,40,46.69047011971501,0.0,86.690470119715,1.1672617529928753,high_uncertainty,0.79,38.83,45417.0,24319.0,0.535460290199705,False
06037231800,06,037,231800,Census Tract 2318; Los Angeles County; California,4995,809,0,14,0.0,0,14,0,14,0,19.79898987322333,0.0,19.79898987322333,,zero_estimate,0.0,,48378.0,12848.0,0.26557526148249205,False
06037231901,06,037,231901,Census Tract 2319.01; Los Angeles County; California,2820,1019,4,12,0.14,0,14,0,14,0,19.79898987322333,0.0,19.79898987322333,,zero_estimate,0.0,0.0,83795.0,47005.0,0.5609523241243511,False
06037231902,06,037,231902,Census Tract 2319.02; Los Angeles County; California,2877,464,0,14,0.0,0,14,0,14,0,19.79898987322333,0.0,19.79898987322333,,zero_estimate,0.0,,45735.0,22499.0,0.49194271345796436,False
06037232110,06,037,232110,Census Tract 2321.10; Los Angeles County; California,3375,488,0,14,0.0,0,14,0,14,0,19.79898987322333,0.0,19.79898987322333,,zero_estimate,0.0,,58425.0,12782.0,0.21877620881471974,False
06037232120,06,037,232120,Census Tract 2321.20; Los Angeles County; California,5199,771,55,53,1.06,31,45,0,19,31,48.84669896727925,0.0,79.84669896727925,1.5756999666864275,high_uncertainty,0.6,56.36,53029.0,13366.0,0.252050764675932,False
06037232200,06,037,232200,Census Tract 2322; Los Angeles County; California,3581,559,12,21,0.34,4,6,0,14,4,15.231546211727817,0.0,19.231546211727817,3.8078865529319543,high_uncertainty,0.11,33.33,91208.0,21761.0,0.23858652749758794,False
06037232300,06,037,232300,Census Tract 2323; Los Angeles County; California,4595,620,0,14,0.0,0,14,0,14,0,19.79898987322333,0.0,19.79898987322333,,zero_estimate,0.0,,75962.0,27694.0,0.36457702535478265,False
06037232401,06,037,232401,Census Tract 2324.01; Los Angeles County; California,3879,768,51,58,1.31,16,25,0,14,16,28.653097563788805,0.0,44.653097563788805,1.7908185977368003,high_uncertainty,0.41,31.37,73034.0,11679.0,0.15991182189117398,False
06037232402,06,037,232402,Census Tract 2324.02; Los Angeles County; California,3155,401,0,14,0.0,0,14,0,14,0,19.79898987322333,0.0,19.79898987322333,,zero_estimate,0.0,,74750.0,14553.0,0.19468896321070234,False
06037232500,06,037,232500,Census Tract 2325; Los Angeles County; California,4870,769,93,87,1.91,24,44,0,14,24,46.17358552246078,0.0,70.17358552246078,1.9238993967691993,high_uncertainty,0.49,25.81,67917.0,18607.0,0.27396675353740596,False
06037232601,06,037,232601,Census Tract 2326.01; Los Angeles County; California,1846,251,26,29,1.41,0,14,15,21,15,25.238858928247925,0.0,40.23885892824792,1.6825905952165283,high_uncertainty,0.81,57.69,76618.0,17272.0,0.22543005560051163,False
06037232602,06,037,232602,Census Tract 2326.02; Los Angeles County; California,5364,808,0,19,0.0,0,19,0,19,0,26.870057685088806,0.0,26.870057685088806,,zero_estimate,0.0,,73628.0,31618.0,0.42942902156788176,False
06037232701,06,037,232701,Census Tract 2327.01; Los Angeles County; California,2288,505,7,11,0.31,0,14,0,14,0,19.79898987322333,0.0,19.79898987322333,,zero_estimate,0.0,0.0,96120.0,12263.0,0.12758010819808574,False
06037232702,06,037,232702,Census Tract 2327.02; Los Angeles County; California,4529,895,116,140,2.56,8,17,0,14,8,22.02271554554524,0.0,30.02271554554524,2.752839443193155,high_uncertainty,0.18,6.9,78026.0,18763.0,0.24047112500961218,False
06037232800,06,037,232800,Census Tract 2328; Los Angeles County; California,3754,714,0,14,0.0,0,14,0,14,0,19.79898987322333,0.0,19.79898987322333,,zero_estimate,0.0,,52935.0,25181.0,0.4756966090488335,False
06037234001,06,037,234001,Census Tract 2340.01; Los Angeles County; California,2522,544,51,48,2.02,7,11,0,14,7,17.804493814764857,0.0,24.804493814764857,2.5434991163949796,high_uncertainty,0.28,13.73,86935.0,12387.0,0.14248576522689366,False
06037234002,06,037,234002,Census Tract 2340.02; Los Angeles County; California,2736,454,17,23,0.62,0,14,0,14,0,19.79898987322333,0.0,19.79898987322333,,zero_estimate,0.0,0.0,73472.0,21162.0,0.2880280923344948,False
06037234200,06,037,234200,Census Tract 2342; Los Angeles County; California,2381,426,229,161,9.62,8,13,0,14,8,19.1049731745428,0.0,27.1049731745428,2.38812164681785,high_uncertainty,0.34,3.49,79438.0,12782.0,0.1609053601550895,False
06037234301,06,037,234301,Census Tract 2343.01; Los Angeles County; California,1984,435,12,21,0.6,0,14,0,14,0,19.79898987322333,0.0,19.79898987322333,,zero_estimate,0.0,0.0,38942.0,9050.0,0.23239689795079863,False
06037234302,06,037,234302,Census Tract 2343.02; Los Angeles County; California,2587,393,16,18,0.62,0,14,0,14,0,19.79898987322333,0.0,19.79898987322333,,zero_estimate,0.0,0.0,46604.0,15267.0,0.32758990644579866,False
06037234501,06,037,234501,Census Tract 2345.01; Los Angeles County; California,2893,588,45,47,1.56,10,14,25,38,35,40.496913462633174,0.0,75.49691346263317,1.157054670360948,high_uncertainty,1.21,77.78,78533.0,20129.0,0.25631263290591216,False
06037234502,06,037,234502,Census Tract 2345.02; Los Angeles County; California,2394,579,66,49,2.76,10,17,0,14,10,22.02271554554524,0.0,32.02271554554524,2.2022715545545237,high_uncertainty,0.42,15.15,29464.0,8524.0,0.28930219929405376,False
06037234600,06,037,234600,Census Tract 2346; Los Angeles County; California,4731,663,101,99,2.13,41,45,0,14,41,47.12748667179272,0.0,88.12748667179272,1.1494508944339688,high_uncertainty,0.87,40.59,76875.0,23103.0,0.30052682926829266,False
06037234700,06,037,234700,Census Tract 2347; Los Angeles County; California,3650,697,73,59,2.0,11,19,0,14,11,23.600847442411894,0.0,34.60084744241189,2.1455315856738086,high_uncertainty,0.3,15.07,90302.0,15448.0,0.17107040818586522,False
06037234800,06,037,234800,Census Tract 2348; Los Angeles County; California,3657,586,92,110,2.52,0,14,0,14,0,19.79898987322333,0.0,19.79898987322333,,zero_estimate,0.0,0.0,72073.0,16177.0,0.22445298516781598,False
06037234901,06,037,234901,Census Tract 2349.01; Los Angeles County; California,2518,613,95,101,3.77,0,14,0,14,0,19.79898987322333,0.0,19.79898987322333,,zero_estimate,0.0,0.0,49602.0,6203.0,0.1250554413128503,False
06037234902,06,037,234902,Census Tract 2349.02; Los Angeles County; California,4450,668,33,29,0.74,0,14,0,14,0,19.79898987322333,0.0,19.79898987322333,,zero_estimate,0.0,0.0,24648.0,14763.0,0.5989532619279455,False
06037235100,06,037,235100,Census Tract 2351; Los Angeles County; California,4121,452,194,101,4.71,29,32,0,14,29,34.92849839314596,0.0,63.92849839314596,1.2044309790739987,high_uncertainty,0.7,14.95,86450.0,8906.0,0.10301908617698091,False
06037235201,06,037,235201,Census Tract 2352.01; Los Angeles County; California,2925,554,1,4,0.03,1,4,0,14,1,14.560219778561036,0.0,15.560219778561036,14.560219778561036,high_uncertainty,0.03,100.0,64129.0,10820.0,0.1687224188744562,False
06037235202,06,037,235202,Census Tract 2352.02; Los Angeles County; California,4195,572,38,54,0.91,0,14,0,14,0,19.79898987322333,0.0,19.79898987322333,,zero_estimate,0.0,0.0,50972.0,18090.0,0.354900729812446,False
06037236001,06,037,236001,Census Tract 2360.01; Los Angeles County; California,4362,619,316,186,7.24,44,48,0,14,44,50.0,0.0,94.0,1.1363636363636365,high_uncertainty,1.01,13.92,113831.0,16129.0,0.1416925090704641,False
06037236101,06,037,236101,Census Tract 2361.01; Los Angeles County; California,2596,425,387,223,14.91,13,21,0,14,13,25.238858928247925,0.0,38.23885892824792,1.941450686788302,high_uncertainty,0.5,3.36,34981.0,7613.0,0.21763242903290358,False
06037236102,06,037,236102,Census Tract 2361.02; Los Angeles County; California,3638,778,169,221,4.65,0,14,0,14,0,19.79898987322333,0.0,19.79898987322333,,zero_estimate,0.0,0.0,52305.0,45761.0,0.8748876780422522,False
06037236203,06,037,236203,Census Tract 2362.03; Los Angeles County; California,3699,757,32,35,0.87,0,14,0,14,0,19.79898987322333,0.0,19.79898987322333,,zero_estimate,0.0,0.0,32886.0,9172.0,0.278902876604026,False
06037236204,06,037,236204,Census Tract 2362.04; Los Angeles County; California,3342,399,116,180,3.47,0,14,0,14,0,19.79898987322333,0.0,19.79898987322333,,zero_estimate,0.0,0.0,42606.0,16686.0,0.3916349809885932,False
06037236205,06,037,236205,Census Tract 2362.05; Los Angeles County; California,2979,357,0,14,0.0,0,14,0,14,0,19.79898987322333,0.0,19.79898987322333,,zero_estimate,0.0,,36503.0,10460.0,0.28655179026381394,False
06037236206,06,037,236206,Census Tract 2362.06; Los Angeles County; California,2665,541,109,116,4.09,0,14,0,14,0,19.79898987322333,0.0,19.79898987322333,,zero_estimate,0.0,0.0,50096.0,16136.0,0.3221015649952092,False
06037236400,06,037,236400,Census Tract 2364; Los Angeles County; California,4432,639,84,58,1.9,10,15,0,14,10,20.518284528683193,0.0,30.518284528683193,2.0518284528683193,high_uncertainty,0.23,11.9,101607.0,16439.0,0.16179003415119037,False
06037237101,06,037,237101,Census Tract 2371.01; Los Angeles County; California,3762,548,0,14,0.0,0,14,0,14,0,19.79898987322333,0.0,19.79898987322333,,zero_estimate,0.0,,57500.0,23056.0,0.40097391304347824,False
06037237102,06,037,237102,Census Tract 2371.02; Los Angeles County; California,4015,534,24,26,0.6,0,14,0,14,0,19.79898987322333,0.0,19.79898987322333,,zero_estimate,0.0,0.0,51602.0,12257.0,0.2375295531180962,False
06037237201,06,037,237201,Census Tract 2372.01; Los Angeles County; California,3781,543,52,76,1.38,0,14,0,14,0,19.79898987322333,0.0,19.79898987322333,,zero_estimate,0.0,0.0,67135.0,18911.0,0.2816861547627914,False
06037237202,06,037,237202,Census Tract 2372.02; Los Angeles County; California,4121,781,21,26,0.51,0,14,0,14,0,19.79898987322333,0.0,19.79898987322333,,zero_estimate,0.0,0.0,50714.0,32009.0,0.631166936151753,False
06037237300,06,037,237300,Census Tract 2373; Los Angeles County; California,5621,1011,22,32,0.39,0,19,0,19,0,26.870057685088806,0.0,26.870057685088806,,zero_estimate,0.0,0.0,86494.0,19368.0,0.2239230466853192,False
06037237401,06,037,237401,Census Tract 2374.01; Los Angeles County; California,3957,481,5,12,0.13,5,12,0,14,5,18.439088914585774,0.0,23.439088914585774,3.687817782917155,high_uncertainty,0.13,100.0,76354.0,24118.0,0.3158708122691673,False
06037237402,06,037,237402,Census Tract 2374.02; Los Angeles County; California,4207,825,246,369,5.85,14,20,0,14,14,24.413111231467404,0.0,38.413111231467404,1.7437936593905288,high_uncertainty,0.33,5.69,85759.0,24703.0,0.28805139985307665,False
06037237500,06,037,237500,Census Tract 2375; Los Angeles County; California,2631,567,20,24,0.76,0,14,0,14,0,19.79898987322333,0.0,19.79898987322333,,zero_estimate,0.0,0.0,44856.0,6892.0,0.15364722668093456,False
06037237600,06,037,237600,Census Tract 2376; Los Angeles County; California,3941,657,0,14,0.0,0,14,0,14,0,19.79898987322333,0.0,19.79898987322333,,zero_estimate,0.0,,43603.0,17541.0,0.4022888333371557,False
06037237710,06,037,237710,Census Tract 2377.10; Los Angeles County; California,4062,1108,118,165,2.9,0,14,0,14,0,19.79898987322333,0.0,19.79898987322333,,zero_estimate,0.0,0.0,48750.0,11704.0,0.2400820512820513,False
06037237720,06,037,237720,Census Tract 2377.20; Los Angeles County; California,3410,722,2,1,0.06,0,14,0,14,0,19.79898987322333,0.0,19.79898987322333,,zero_estimate,0.0,0.0,45188.0,18312.0,0.4052403292909622,False
06037237800,06,037,237800,Census Tract 2378; Los Angeles County; California,4324,781,41,54,0.95,4,10,0,14,4,17.204650534085253,0.0,21.204650534085253,4.301162633521313,high_uncertainty,0.09,9.76,71283.0,30535.0,0.42836300380174797,False
06037237900,06,037,237900,Census Tract 2379; Los Angeles County; California,4211,803,44,47,1.04,3,6,0,14,3,15.231546211727817,0.0,18.231546211727817,5.077182070575939,high_uncertainty,0.07,6.82,77072.0,24945.0,0.32365839734274443,False
06037238000,06,037,238000,Census Tract 2380; Los Angeles County; California,5831,969,21,35,0.36,0,19,0,19,0,26.870057685088806,0.0,26.870057685088806,,zero_estimate,0.0,0.0,61822.0,31684.0,0.5125036394810909,False
06037238100,06,037,238100,Census Tract 2381; Los Angeles County; California,4922,842,12,19,0.24,12,19,0,14,12,23.600847442411894,0.0,35.60084744241189,1.9667372868676578,high_uncertainty,0.24,100.0,67419.0,19713.0,0.2923953188270369,False
06037238200,06,037,238200,Census Tract 2382; Los Angeles County; California,6588,1113,0,19,0.0,0,19,0,19,0,26.870057685088806,0.0,26.870057685088806,,zero_estimate,0.0,,49601.0,18572.0,0.37442793492066695,False
06037238310,06,037,238310,Census Tract 2383.10; Los Angeles County; California,5248,1059,74,81,1.41,59,77,0,19,59,79.30952023559341,0.0,138.30952023559342,1.3442291565354816,high_uncertainty,1.12,79.73,50833.0,16528.0,0.32514311569256193,False
06037238320,06,037,238320,Census Tract 2383.20; Los Angeles County; California,3617,632,0,14,0.0,0,14,0,14,0,19.79898987322333,0.0,19.79898987322333,,zero_estimate,0.0,,28722.0,11710.0,0.4077014135505884,False
06037238400,06,037,238400,Census Tract 2384; Los Angeles County; California,4601,662,124,134,2.7,36,41,0,14,36,43.32435804486894,0.0,79.32435804486894,1.2034543901352484,high_uncertainty,0.78,29.03,68611.0,16752.0,0.24415909985279327,False
06037239201,06,037,239201,Census Tract 2392.01; Los Angeles County; California,3455,400,20,29,0.58,2,3,0,14,2,14.317821063276353,0.0,16.317821063276355,7.158910531638177,high_uncertainty,0.06,10.0,54141.0,16035.0,0.29617110877154096,False
06037239202,06,037,239202,Census Tract 2392.02; Los Angeles County; California,5338,1150,7,15,0.13,0,19,0,19,0,26.870057685088806,0.0,26.870057685088806,,zero_estimate,0.0,0.0,59063.0,18332.0,0.310380441223778,False
06037239310,06,037,239310,Census Tract 2393.10; Los Angeles County; California,3737,708,0,14,0.0,0,14,0,14,0,19.79898987322333,0.0,19.79898987322333,,zero_estimate,0.0,,51510.0,17820.0,0.3459522422830518,False
06037239320,06,037,239320,Census Tract 2393.20; Los Angeles County; California,2940,408,7,11,0.24,0,14,0,14,0,19.79898987322333,0.0,19.79898987322333,,zero_estimate,0.0,0.0,53750.0,11863.0,0.22070697674418605,False
06037239330,06,037,239330,Census Tract 2393.30; Los Angeles County; California,3424,890,0,14,0.0,0,14,0,14,0,19.79898987322333,0.0,19.79898987322333,,zero_estimate,0.0,,76382.0,13116.0,0.1717158492838627,False
06037239501,06,037,239501,Census Tract 2395.01; Los Angeles County; California,3513,352,53,79,1.51,0,14,0,14,0,19.79898987322333,0.0,19.79898987322333,,zero_estimate,0.0,0.0,59457.0,8730.0,0.1468288006458449,False
06037239502,06,037,239502,Census Tract 2395.02; Los Angeles County; California,3406,545,22,25,0.65,0,14,0,14,0,19.79898987322333,0.0,19.79898987322333,,zero_estimate,0.0,0.0,52917.0,12379.0,0.2339323846778918,False
06037239601,06,037,239601,Census Tract 2396.01; Los Angeles County; California,3957,572,1,24,0.03,0,14,0,14,0,19.79898987322333,0.0,19.79898987322333,,zero_estimate,0.0,0.0,58771.0,8622.0,0.14670500757176158,False
06037239602,06,037,239602,Census Tract 2396.02; Los Angeles County; California,3533,558,28,42,0.79,0,14,0,14,0,19.79898987322333,0.0,19.79898987322333,,zero_estimate,0.0,0.0,53906.0,19948.0,0.3700515712536638,False
06037239701,06,037,239701,Census Tract 2397.01; Los Angeles County; California,3979,855,183,211,4.6,0,14,0,14,0,19.79898987322333,0.0,19.79898987322333,,zero_estimate,0.0,0.0,40239.0,16063.0,0.3991898407018067,False
06037239702,06,037,239702,Census Tract 2397.02; Los Angeles County; California,4285,899,0,14,0.0,0,14,0,14,0,19.79898987322333,0.0,19.79898987322333,,zero_estimate,0.0,,61250.0,22966.0,0.37495510204081633,False
06037239801,06,037,239801,Census Tract 2398.01; Los Angeles County; California,4287,603,0,14,0.0,0,14,0,14,0,19.79898987322333,0.0,19.79898987322333,,zero_estimate,0.0,,65887.0,14774.0,0.22423239789336288,False
06037239802,06,037,239802,Census Tract 2398.02; Los Angeles County; California,5365,826,46,67,0.86,0,19,0,19,0,26.870057685088806,0.0,26.870057685088806,,zero_estimate,0.0,0.0,47534.0,14167.0,0.2980392981865612,False
06037240010,06,037,240010,Census Tract 2400.10; Los Angeles County; California,3986,572,211,257,5.29,0,14,0,14,0,19.79898987322333,0.0,19.79898987322333,,zero_estimate,0.0,0.0,39673.0,17198.0,0.43349381191238373,False
06037240020,06,037,240020,Census Tract 2400.20; Los Angeles County; California,5324,889,0,19,0.0,0,19,0,19,0,26.870057685088806,0.0,26.870057685088806,,zero_estimate,0.0,,67222.0,33280.0,0.4950760167802208,False
06037240200,06,037,240200,Census Tract 2402; Los Angeles County; California,5728,819,10,39,0.17,0,19,0,19,0,26.870057685088806,0.0,26.870057685088806,,zero_estimate,0.0,0.0,56813.0,7670.0,0.13500431239329028,False
06037240301,06,037,240301,Census Tract 2403.01; Los Angeles County; California,2961,576,13,21,0.44,0,14,0,14,0,19.79898987322333,0.0,19.79898987322333,,zero_estimate,0.0,0.0,65392.0,13521.0,0.2067684120381698,False
06037240302,06,037,240302,Census Tract 2403.02; Los Angeles County; California,2969,617,0,14,0.0,0,14,0,14,0,19.79898987322333,0.0,19.79898987322333,,zero_estimate,0.0,,44805.0,20303.0,0.4531413904698136,False
06037240401,06,037,240401,Census Tract 2404.01; Los Angeles County; California,5550,783,80,86,1.44,41,64,0,19,41,66.76076692189807,0.0,107.76076692189807,1.6283113883389773,high_uncertainty,0.74,51.25,38720.0,3500.0,0.09039256198347108,False
06037240402,06,037,240402,Census Tract 2404.02; Los Angeles County; California,3954,645,0,14,0.0,0,14,0,14,0,19.79898987322333,0.0,19.79898987322333,,zero_estimate,0.0,,68239.0,29675.0,0.4348686235144126,False
06037240500,06,037,240500,Census Tract 2405; Los Angeles County; California,6480,1156,43,62,0.66,0,19,0,19,0,26.870057685088806,0.0,26.870057685088806,,zero_estimate,0.0,0.0,57750.0,33079.0,0.5727965367965367,False
06037240600,06,037,240600,Census Tract 2406; Los Angeles County; California,4939,866,3,7,0.06,0,14,0,14,0,19.79898987322333,0.0,19.79898987322333,,zero_estimate,0.0,0.0,64118.0,6974.0,0.10876820861536542,False
06037240700,06,037,240700,Census Tract 2407; Los Angeles County; California,6196,847,28,49,0.45,27,49,0,19,27,52.55473337388365,0.0,79.55473337388365,1.9464716064401353,high_uncertainty,0.44,96.43,60672.0,11412.0,0.18809335443037975,False
06037240800,06,037,240800,Census Tract 2408; Los Angeles County; California,4333,712,81,92,1.87,5,11,0,14,5,17.804493814764857,0.0,22.804493814764857,3.5608987629529714,high_uncertainty,0.12,6.17,56156.0,26346.0,0.4691573473894152,False
06037240901,06,037,240901,Census Tract 2409.01; Los Angeles County; California,2323,391,17,25,0.73,0,14,0,14,0,19.79898987322333,0.0,19.79898987322333,,zero_estimate,0.0,0.0,48359.0,11880.0,0.24566264811100313,False
06037240902,06,037,240902,Census Tract 2409.02; Los Angeles County; California,3355,1116,0,14,0.0,0,14,0,14,0,19.79898987322333,0.0,19.79898987322333,,zero_estimate,0.0,,43214.0,21542.0,0.49849585782385336,False
06037241001,06,037,241001,Census Tract 2410.01; Los Angeles County; California,5690,1160,0,19,0.0,0,19,0,19,0,26.870057685088806,0.0,26.870057685088806,,zero_estimate,0.0,,121477.0,33948.0,0.2794603093589733,False
06037241002,06,037,241002,Census Tract 2410.02; Los Angeles County; California,4104,590,0,14,0.0,0,14,0,14,0,19.79898987322333,0.0,19.79898987322333,,zero_estimate,0.0,,58438.0,7601.0,0.13006947534138746,False
06037241110,06,037,241110,Census Tract 2411.10; Los Angeles County; California,3266,798,11,16,0.34,0,14,0,14,0,19.79898987322333,0.0,19.79898987322333,,zero_estimate,0.0,0.0,73382.0,13008.0,0.1772641792265133,False
06037241120,06,037,241120,Census Tract 2411.20; Los Angeles County; California,4313,811,27,39,0.63,0,14,0,14,0,19.79898987322333,0.0,19.79898987322333,,zero_estimate,0.0,0.0,42004.0,16305.0,0.38817731644605274,False
06037241201,06,037,241201,Census Tract 2412.01; Los Angeles County; California,3291,654,46,57,1.4,0,14,0,14,0,19.79898987322333,0.0,19.79898987322333,,zero_estimate,0.0,0.0,63073.0,5193.0,0.08233316950200562,False
06037241202,06,037,241202,Census Tract 2412.02; Los Angeles County; California,5020,892,53,56,1.06,0,19,0,19,0,26.870057685088806,0.0,26.870057685088806,,zero_estimate,0.0,0.0,52448.0,8802.0,0.16782336790726052,False
06037241300,06,037,241300,Census Tract 2413; Los Angeles County; California,2245,318,1,2,0.04,0,14,0,14,0,19.79898987322333,0.0,19.79898987322333,,zero_estimate,0.0,0.0,50727.0,8725.0,0.1719991326118241,False
06037241400,06,037,241400,Census Tract 2414; Los Angeles County; California,4022,513,25,29,0.62,6,13,0,14,6,19.1049731745428,0.0,25.1049731745428,3.1841621957571333,high_uncertainty,0.15,24.0,65417.0,47059.0,0.7193695828301512,False
06037242000,06,037,242000,Census Tract 2420; Los Angeles County; California,3857,641,128,194,3.32,126,193,0,14,126,193.5071058126807,0.0,319.5071058126807,1.5357706810530214,high_uncertainty,3.27,98.44,57813.0,7090.0,0.12263677719544047,False
06037242100,06,037,242100,Census Tract 2421; Los Angeles County; California,2167,478,47,53,2.17,0,14,0,14,0,19.79898987322333,0.0,19.79898987322333,,zero_estimate,0.0,0.0,29388.0,3819.0,0.12995100040832994,False
06037242201,06,037,242201,Census Tract 2422.01; Los Angeles County; California,3869,622,189,258,4.88,86,106,0,14,86,106.92053123698928,0.0,192.9205312369893,1.2432619911277822,high_uncertainty,2.22,45.5,76528.0,31961.0,0.4176379887100146,False
06037242202,06,037,242202,Census Tract 2422.02; Los Angeles County; California,2642,396,0,14,0.0,0,14,0,14,0,19.79898987322333,0.0,19.79898987322333,,zero_estimate,0.0,,45710.0,9557.0,0.20907897615401444,False
06037242300,06,037,242300,Census Tract 2423; Los Angeles County; California,4517,835,36,55,0.8,0,14,0,14,0,19.79898987322333,0.0,19.79898987322333,,zero_estimate,0.0,0.0,53992.0,7516.0,0.13920580826789153,False
06037242600,06,037,242600,Census Tract 2426; Los Angeles County; California,4749,808,0,14,0.0,0,14,0,14,0,19.79898987322333,0.0,19.79898987322333,,zero_estimate,0.0,,21595.0,10748.0,0.4977078027321139,False
06037242700,06,037,242700,Census Tract 2427; Los Angeles County; California,4724,929,78,118,1.65,0,14,0,14,0,19.79898987322333,0.0,19.79898987322333,,zero_estimate,0.0,0.0,52807.0,7051.0,0.13352396462590188,False
06037243001,06,037,243001,Census Tract 2430.01; Los Angeles County; California,3501,744,0,14,0.0,0,14,0,14,0,19.79898987322333,0.0,19.79898987322333,,zero_estimate,0.0,,72656.0,18011.0,0.24789418630257654,False
06037243002,06,037,243002,Census Tract 2430.02; Los Angeles County; California,3021,425,43,64,1.42,0,14,0,14,0,19.79898987322333,0.0,19.79898987322333,,zero_estimate,0.0,0.0,74208.0,12566.0,0.16933484260457093,False
06037243100,06,037,243100,Census Tract 2431; Los Angeles County; California,5004,850,9,13,0.18,5,12,0,19,5,22.47220505424423,0.0,27.47220505424423,4.494441010848846,high_uncertainty,0.1,55.56,33112.0,7055.0,0.21306474993959892,False
06037261102,06,037,261102,Census Tract 2611.02; Los Angeles County; California,3841,549,170,106,4.43,30,29,0,14,30,32.202484376209235,0.0,62.202484376209235,1.073416145873641,high_uncertainty,0.78,17.65,250001.0,,,True
06037261103,06,037,261103,Census Tract 2611.03; Los Angeles County; California,1773,423,157,105,8.86,4,9,0,14,4,16.64331697709324,0.0,20.64331697709324,4.16082924427331,high_uncertainty,0.23,2.55,182212.0,76214.0,0.4182710249599368,False
06037261104,06,037,261104,Census Tract 2611.04; Los Angeles County; California,1503,344,116,68,7.72,28,43,0,14,28,45.221676218380054,0.0,73.22167621838005,1.6150598649421448,high_uncertainty,1.86,24.14,196071.0,97547.0,0.4975085555742563,False
06037261200,06,037,261200,Census Tract 2612; Los Angeles County; California,3929,495,421,149,10.72,110,58,11,18,121,60.728905802755904,60.271094197244096,181.7289058027559,0.5018917834938504,usable_with_caution,3.08,28.74,169432.0,55945.0,0.3301914632418905,False
06037262100,06,037,262100,Census Tract 2621; Los Angeles County; California,2860,456,405,319,14.16,206,265,0,14,206,265.3695536417092,0.0,471.3695536417092,1.2882017167073263,high_uncertainty,7.2,50.86,165795.0,103852.0,0.6263880092885793,False
06037262200,06,037,262200,Census Tract 2622; Los Angeles County; California,4798,586,587,163,12.23,124,97,0,14,124,98.00510190801293,25.994898091987068,222.00510190801293,0.7903637250646204,usable_with_caution,2.58,21.12,200171.0,69380.0,0.34660365387593606,False
06037262301,06,037,262301,Census Tract 2623.01; Los Angeles County; California,2988,282,347,143,11.61,112,76,20,29,132,81.34494452638098,50.655055473619015,213.34494452638097,0.6162495797453105,usable_with_caution,4.42,38.04,250001.0,,,True
06037262302,06,037,262302,Census Tract 2623.02; Los Angeles County; California,2973,342,114,87,3.83,33,45,0,14,33,47.12748667179272,0.0,80.12748667179272,1.4281056567209913,high_uncertainty,1.11,28.95,178214.0,90322.0,0.5068176462006352,False
06037262303,06,037,262303,Census Tract 2623.03; Los Angeles County; California,2953,582,95,54,3.22,25,26,0,14,25,29.5296461204668,0.0,54.5296461204668,1.181185844818672,high_uncertainty,0.85,26.32,248889.0,44441.0,0.17855750957254038,False
06037262400,06,037,262400,Census Tract 2624; Los Angeles County; California,2816,405,233,114,8.27,91,76,25,40,116,85.88364221433555,30.116357785664448,201.88364221433557,0.7403762259856513,usable_with_caution,4.12,49.79,250001.0,,,True
06037262501,06,037,262501,Census Tract 2625.01; Los Angeles County; California,3711,597,197,150,5.31,48,43,0,14,48,45.221676218380054,2.778323781619946,93.22167621838005,0.9421182545495844,usable_with_caution,1.29,24.37,250001.0,,,True
06037262601,06,037,262601,Census Tract 2626.01; Los Angeles County; California,3446,380,369,125,10.71,168,116,0,14,168,116.84177335182824,51.15822664817176,284.84177335182824,0.6954867461418347,usable_with_caution,4.88,45.53,222400.0,87750.0,0.39455935251798563,False
06037262604,06,037,262604,Census Tract 2626.04; Los Angeles County; California,6106,1143,401,187,6.57,101,78,0,19,101,80.2807573457052,20.719242654294803,181.28075734570518,0.7948589836208435,usable_with_caution,1.65,25.19,168750.0,96266.0,0.5704651851851852,False
06037262704,06,037,262704,Census Tract 2627.04; Los Angeles County; California,3481,434,202,87,5.8,84,60,0,14,84,61.61168720299745,22.38831279700255,145.61168720299744,0.7334724667023507,usable_with_caution,2.41,41.58,161923.0,12689.0,0.07836440777406545,False
06037262706,06,037,262706,Census Tract 2627.06; Los Angeles County; California,3292,517,225,163,6.83,12,19,0,14,12,23.600847442411894,0.0,35.60084744241189,1.9667372868676578,high_uncertainty,0.36,5.33,168164.0,49182.0,0.2924644989415095,False
06037262802,06,037,262802,Census Tract 2628.02; Los Angeles County; California,3522,439,224,106,6.36,109,73,0,14,109,74.33034373659252,34.669656263407475,183.3303437365925,0.6819297590513076,usable_with_caution,3.09,48.66,170500.0,47140.0,0.2764809384164223,False
06037264000,06,037,264000,Census Tract 2640; Los Angeles County; California,3145,393,174,122,5.53,0,14,21,25,21,28.653097563788805,0.0,49.653097563788805,1.3644332173232765,high_uncertainty,0.67,12.07,239181.0,66332.0,0.27732972100626724,False
06037264102,06,037,264102,Census Tract 2641.02; Los Angeles County; California,3061,398,494,243,16.14,259,218,99,99,358,239.42639787625757,118.57360212374243,597.4263978762576,0.6687888208834011,usable_with_caution,11.7,72.47,153482.0,40889.0,0.26640909031677984,False
06037264103,06,037,264103,Census Tract 2641.03; Los Angeles County; California,2646,379,264,126,9.98,45,42,122,105,167,113.08846094982458,53.91153905017542,280.0884609498246,0.6771764128732011,usable_with_caution,6.31,63.26,135357.0,36576.0,0.27021875484829005,False
06037264303,06,037,264303,Census Tract 2643.03; Los Angeles County; California,2635,401,246,131,9.34,67,72,0,14,67,73.348483283569,0.0,140.348483283569,1.0947534818443134,high_uncertainty,2.54,27.24,151003.0,20953.0,0.1387588326059747,False
06037264304,06,037,264304,Census Tract 2643.04; Los Angeles County; California,2276,352,297,150,13.05,19,22,46,71,65,74.33034373659252,0.0,139.3303437365925,1.143543749793731,high_uncertainty,2.86,21.89,113505.0,17522.0,0.15437205409453328,False
06037264305,06,037,264305,Census Tract 2643.05; Los Angeles County; California,4518,1475,367,141,8.12,82,81,34,32,116,87.09190547921202,28.908094520787984,203.09190547921202,0.7507922886138967,usable_with_caution,2.57,31.61,163859.0,37990.0,0.23184567219377636,False
06037264306,06,037,264306,Census Tract 2643.06; Los Angeles County; California,1806,268,296,165,16.39,39,39,0,14,39,41.43669871020132,0.0,80.43669871020131,1.062479454107726,high_uncertainty,2.16,13.18,130018.0,19405.0,0.14924856558322694,False
06037265100,06,037,265100,Census Tract 2651; Los Angeles County; California,2194,349,48,43,2.19,0,14,0,14,0,19.79898987322333,0.0,19.79898987322333,,zero_estimate,0.0,0.0,89355.0,48427.0,0.5419618376140115,False
06037265201,06,037,265201,Census Tract 2652.01; Los Angeles County; California,2526,666,416,207,16.47,239,188,0,14,239,188.52055590836773,50.479444091632274,427.5205559083677,0.7887889368550951,usable_with_caution,9.46,57.45,155781.0,39370.0,0.25272658411487925,False
06037265203,06,037,265203,Census Tract 2652.03; Los Angeles County; California,2056,323,388,243,18.87,127,121,0,14,127,121.80722474467596,5.192775255324037,248.80722474467598,0.9591120058635902,usable_with_caution,6.18,32.73,110725.0,25279.0,0.22830435764280876,False
06037265204,06,037,265204,Census Tract 2652.04; Los Angeles County; California,1505,294,554,195,36.81,286,88,71,83,357,120.96693763173474,236.03306236826526,477.9669376317347,0.3388429625538788,more_reliable,23.72,64.44,49306.0,18433.0,0.3738490244594978,False
06037265301,06,037,265301,Census Tract 2653.01; Los Angeles County; California,13681,495,5282,581,38.61,1957,334,363,152,2320,366.9604883362785,1953.0395116637214,2686.9604883362786,0.15817262428287868,more_reliable,16.96,43.92,,,,False
06037265303,06,037,265303,Census Tract 2653.03; Los Angeles County; California,4184,701,1483,328,35.44,528,202,65,77,593,216.17816726024856,376.82183273975147,809.1781672602485,0.3645500291066586,more_reliable,14.17,39.99,31510.0,6028.0,0.19130434782608696,False
06037265304,06,037,265304,Census Tract 2653.04; Los Angeles County; California,3603,421,1481,324,41.1,430,169,38,45,468,174.88853593074649,293.11146406925354,642.8885359307465,0.3736934528434754,more_reliable,12.99,31.6,19764.0,4467.0,0.22601700060716454,False
06037265306,06,037,265306,Census Tract 2653.06; Los Angeles County; California,1920,286,466,128,24.27,123,68,60,51,183,85.0,98.0,268.0,0.4644808743169399,more_reliable,9.53,39.27,57188.0,41112.0,0.7188920752605442,False
06037265307,06,037,265307,Census Tract 2653.07; Los Angeles County; California,2983,500,915,280,30.67,302,93,22,29,324,97.41663102366043,226.58336897633956,421.41663102366044,0.30066861427055686,more_reliable,10.86,35.41,29375.0,12057.0,0.41045106382978724,False
06037265410,06,037,265410,Census Tract 2654.10; Los Angeles County; California,1732,365,164,117,9.47,27,23,45,69,72,72.73238618387272,0.0,144.73238618387273,1.0101720303315656,high_uncertainty,4.16,43.9,232049.0,70324.0,0.30305668199388924,False
06037265420,06,037,265420,Census Tract 2654.20; Los Angeles County; California,1696,249,247,123,14.56,113,68,42,64,155,93.38094023943002,61.61905976056998,248.38094023943,0.6024576789640647,usable_with_caution,9.14,62.75,244583.0,57049.0,0.23325006235102194,False
06037265521,06,037,265521,Census Tract 2655.21; Los Angeles County; California,1578,252,482,195,30.54,167,108,8,14,175,108.90362712049586,66.09637287950414,283.90362712049586,0.6223064406885478,usable_with_caution,11.09,36.31,85262.0,17905.0,0.20999976542891324,False
06037265522,06,037,265522,Census Tract 2655.22; Los Angeles County; California,1975,317,720,329,36.46,117,88,12,15,129,89.26925562588724,39.73074437411276,218.26925562588724,0.6920097335340096,usable_with_caution,6.53,17.92,92147.0,21325.0,0.2314237034303884,False
06037265523,06,037,265523,Census Tract 2655.23; Los Angeles County; California,2394,830,354,174,14.79,11,13,0,14,11,19.1049731745428,0.0,30.1049731745428,1.7368157431402544,high_uncertainty,0.46,3.11,76166.0,21179.0,0.2780637029645774,False
06037265524,06,037,265524,Census Tract 2655.24; Los Angeles County; California,2806,314,443,165,15.79,88,97,89,91,177,133.00375934536586,43.996240654634136,310.0037593453659,0.7514336686178862,usable_with_caution,6.31,39.95,123325.0,16877.0,0.13684978714778026,False
06037265601,06,037,265601,Census Tract 2656.01; Los Angeles County; California,2865,515,373,163,13.02,128,118,0,14,128,118.82760622010359,9.17239377989641,246.82760622010358,0.9283406735945593,usable_with_caution,4.47,34.32,150481.0,65631.0,0.43614143978309555,False
06037265602,06,037,265602,Census Tract 2656.02; Los Angeles County; California,3068,591,432,228,14.08,271,172,72,103,343,200.48191938426766,142.51808061573234,543.4819193842677,0.5844953917908678,usable_with_caution,11.18,79.4,95893.0,45902.0,0.47867936137152867,False
06037265701,06,037,265701,Census Tract 2657.01; Los Angeles County; California,1692,253,159,90,9.4,67,48,0,14,67,50.0,17.0,117.0,0.746268656716418,usable_with_caution,3.96,42.14,135909.0,38356.0,0.28221824897541736,False
06037265702,06,037,265702,Census Tract 2657.02; Los Angeles County; California,2942,836,48,47,1.63,16,27,0,14,16,30.4138126514911,0.0,46.4138126514911,1.9008632907181937,high_uncertainty,0.54,33.33,102143.0,29462.0,0.28843875742831127,False
06037267101,06,037,267101,Census Tract 2671.01; Los Angeles County; California,3039,607,573,239,18.85,241,202,27,32,268,204.51894777746145,63.48105222253855,472.51894777746145,0.7631304021547068,usable_with_caution,8.82,46.77,91607.0,30823.0,0.33646992042092855,False
06037267102,06,037,267102,Census Tract 2671.02; Los Angeles County; California,3258,526,743,414,22.81,34,38,228,349,262,351.062672467467,0.0,613.062672467467,1.339933864379645,high_uncertainty,8.04,35.26,128750.0,54765.0,0.42535922330097087,False
06037267201,06,037,267201,Census Tract 2672.01; Los Angeles County; California,2666,379,556,287,20.86,141,106,20,32,161,110.72488428533127,50.27511571466873,271.72488428533126,0.6877322005300079,usable_with_caution,6.04,28.96,102028.0,34867.0,0.341739522484024,False
06037267202,06,037,267202,Census Tract 2672.02; Los Angeles County; California,3880,632,824,319,21.24,276,198,34,49,310,203.9730374338726,106.0269625661274,513.9730374338726,0.6579775401092665,usable_with_caution,7.99,37.62,125188.0,25369.0,0.2026472185832508,False
06037267300,06,037,267300,Census Tract 2673; Los Angeles County; California,4339,622,1047,225,24.13,335,189,25,42,360,193.61043360315063,166.38956639684937,553.6104336031506,0.5378067600087517,usable_with_caution,8.3,34.38,112450.0,49757.0,0.4424811027123166,False
06037267403,06,037,267403,Census Tract 2674.03; Los Angeles County; California,3677,1132,433,145,11.78,168,71,7,10,175,71.7007670809734,103.2992329190266,246.7007670809734,0.40971866903413373,more_reliable,4.76,40.42,99712.0,29765.0,0.2985097079589217,False
06037267404,06,037,267404,Census Tract 2674.04; Los Angeles County; California,3336,568,908,434,27.22,235,219,0,14,235,219.44703233354514,15.552967666454862,454.44703233354517,0.9338171588661496,usable_with_caution,7.04,25.88,80354.0,4578.0,0.05697289493989098,False
06037267405,06,037,267405,Census Tract 2674.05; Los Angeles County; California,2512,306,315,119,12.54,157,89,18,26,175,92.72000862812729,82.27999137187271,267.7200086281273,0.529828620732156,usable_with_caution,6.97,55.56,105170.0,29510.0,0.28059332509270707,False
06037267406,06,037,267406,Census Tract 2674.06; Los Angeles County; California,1984,295,258,125,13.0,94,86,0,14,94,87.13208364316786,6.86791635683214,181.13208364316785,0.9269370600337007,usable_with_caution,4.74,36.43,90605.0,15843.0,0.1748578996744109,False
06037267502,06,037,267502,Census Tract 2675.02; Los Angeles County; California,3403,372,471,167,13.84,107,52,0,14,107,53.85164807134504,53.14835192865496,160.85164807134504,0.5032864305733181,usable_with_caution,3.14,22.72,84671.0,23621.0,0.2789739107840937,False
06037267503,06,037,267503,Census Tract 2675.03; Los Angeles County; California,2326,765,491,206,21.11,182,137,0,14,182,137.71347065556077,44.28652934443923,319.71347065556074,0.7566674211843998,usable_with_caution,7.82,37.07,156343.0,70692.0,0.45215967456170086,False
06037267504,06,037,267504,Census Tract 2675.04; Los Angeles County; California,3544,646,906,283,25.56,275,100,52,53,327,113.17685275708986,213.82314724291012,440.1768527570899,0.3461065833550149,more_reliable,9.23,36.09,98947.0,29208.0,0.29518833314804893,False
06037267600,06,037,267600,Census Tract 2676; Los Angeles County; California,2767,429,730,242,26.38,46,35,16,26,62,43.60045871318328,18.39954128681672,105.60045871318329,0.7032332050513432,usable_with_caution,2.24,8.49,89286.0,27988.0,0.3134645969132899,False
06037267700,06,037,267700,Census Tract 2677; Los Angeles County; California,3744,456,1395,395,37.26,294,164,0,14,294,164.59647626847908,129.40352373152092,458.5964762684791,0.5598519600968677,usable_with_caution,7.85,21.08,126656.0,25162.0,0.19866409802930773,False
06037267800,06,037,267800,Census Tract 2678; Los Angeles County; California,3600,403,1094,280,30.39,558,207,148,157,706,259.8037721050255,446.1962278949745,965.8037721050255,0.36799401148020605,more_reliable,19.61,64.53,120435.0,14082.0,0.11692614273259434,False
06037267901,06,037,267901,Census Tract 2679.01; Los Angeles County; California,3769,637,776,369,20.59,247,209,0,14,247,209.46837470128995,37.531625298710054,456.4683747012899,0.8480501000052224,usable_with_caution,6.55,31.83,195581.0,84305.0,0.43104902827984315,False
06037267902,06,037,267902,Census Tract 2679.02; Los Angeles County; California,3837,575,599,204,15.61,237,78,20,18,257,80.049984384758,176.950015615242,337.049984384758,0.3114785384620934,more_reliable,6.7,42.9,153833.0,39305.0,0.25550434562155067,False
06037269000,06,037,269000,Census Tract 2690; Los Angeles County; California,4953,714,736,286,14.86,151,142,185,201,336,246.0995733437992,89.9004266562008,582.0995733437992,0.7324392063803548,usable_with_caution,6.78,45.65,187458.0,70584.0,0.3765323432448869,False
06037269100,06,037,269100,Census Tract 2691; Los Angeles County; California,4227,958,268,227,6.34,24,28,0,14,24,31.304951684997057,0.0,55.30495168499706,1.3043729868748775,high_uncertainty,0.57,8.96,77782.0,30765.0,0.39552852845131264,False
06037269300,06,037,269300,Census Tract 2693; Los Angeles County; California,3757,440,158,77,4.21,65,44,0,14,65,46.17358552246078,18.826414477539217,111.17358552246078,0.7103628541917043,usable_with_caution,1.73,41.14,219552.0,43479.0,0.19803508963707914,False
06037269500,06,037,269500,Census Tract 2695; Los Angeles County; California,3962,563,273,151,6.89,92,78,40,64,132,100.89598604503551,31.104013954964486,232.8959860450355,0.7643635306442085,usable_with_caution,3.33,48.35,250001.0,,,True
06037269601,06,037,269601,Census Tract 2696.01; Los Angeles County; California,3389,605,191,118,5.64,24,37,0,14,24,39.56008088970496,0.0,63.56008088970496,1.6483367037377068,high_uncertainty,0.71,12.57,56154.0,31138.0,0.5545108095594259,False
06037269602,06,037,269602,Census Tract 2696.02; Los Angeles County; California,2383,439,215,183,9.02,0,14,0,14,0,19.79898987322333,0.0,19.79898987322333,,zero_estimate,0.0,0.0,81953.0,20449.0,0.24952106695300966,False
06037269700,06,037,269700,Census Tract 2697; Los Angeles County; California,4043,521,260,121,6.43,45,34,40,44,85,55.60575509783138,29.394244902168623,140.60575509783138,0.6541853540921339,usable_with_caution,2.1,32.69,122731.0,26179.0,0.21330389225216123,False
06037269800,06,037,269800,Census Tract 2698; Los Angeles County; California,3384,436,690,233,20.39,222,155,15,26,237,157.16551784663199,79.83448215336801,394.165517846632,0.6631456449224978,usable_with_caution,7.0,34.35,106621.0,9652.0,0.09052625655358701,False
06037269903,06,037,269903,Census Tract 2699.03; Los Angeles County; California,3601,409,786,248,21.83,245,145,4,7,249,145.16886718577092,103.83113281422908,394.1688671857709,0.5830074987380358,usable_with_caution,6.91,31.68,101524.0,14268.0,0.14053819786454436,False
06037269905,06,037,269905,Census Tract 2699.05; Los Angeles County; California,2188,211,554,177,25.32,52,39,45,48,97,61.84658438426491,35.15341561573509,158.8465843842649,0.63759365344603,usable_with_caution,4.43,17.51,108611.0,14509.0,0.1335868374289897,False
06037269906,06,037,269906,Census Tract 2699.06; Los Angeles County; California,3151,549,797,457,25.29,113,63,8,12,121,64.13267497929586,56.86732502070414,185.13267497929587,0.5300221072669079,usable_with_caution,3.84,15.18,122308.0,18132.0,0.14824868365111032,False
06037269907,06,037,269907,Census Tract 2699.07; Los Angeles County; California,2704,262,613,245,22.67,90,76,0,14,90,77.27871634544663,12.721283654553375,167.27871634544664,0.8586524038382959,usable_with_caution,3.33,14.68,99837.0,9725.0,0.09740877630537777,False
06037269908,06,037,269908,Census Tract 2699.08; Los Angeles County; California,1868,318,462,249,24.73,132,117,0,14,132,117.83462988442744,14.165370115572557,249.83462988442744,0.8926865900335412,usable_with_caution,7.07,28.57,77222.0,20817.0,0.26957343762140323,False
06037269909,06,037,269909,Census Tract 2699.09; Los Angeles County; California,2238,614,228,150,10.19,58,43,0,14,58,45.221676218380054,12.778323781619946,103.22167621838005,0.7796840727306906,usable_with_caution,2.59,25.44,101581.0,42009.0,0.41355174688179874,False
06037270101,06,037,270101,Census Tract 2701.01; Los Angeles County; California,1832,361,458,165,25.0,197,148,12,18,209,149.09057649630307,59.90942350369693,358.0905764963031,0.7133520406521678,usable_with_caution,11.41,45.63,78940.0,25198.0,0.3192044590828477,False
06037270102,06,037,270102,Census Tract 2701.02; Los Angeles County; California,2380,496,806,480,33.87,30,28,19,22,49,35.608987629529715,13.391012370470285,84.60898762952971,0.7267140332557085,usable_with_caution,2.06,6.08,128186.0,13193.0,0.1029207557767619,False
06037270200,06,037,270200,Census Tract 2702; Los Angeles County; California,3401,500,467,183,13.73,94,96,0,14,94,97.01546268507923,0.0,191.01546268507923,1.0320793902668004,high_uncertainty,2.76,20.13,76905.0,35537.0,0.4620895910538977,False
06037270300,06,037,270300,Census Tract 2703; Los Angeles County; California,2599,402,160,75,6.16,76,56,0,14,76,57.723478758647246,18.276521241352754,133.72347875864725,0.7595194573506217,usable_with_caution,2.92,47.5,84063.0,48359.0,0.5752709277565635,False
06037271100,06,037,271100,Census Tract 2711; Los Angeles County; California,2438,308,570,125,23.38,232,133,0,14,232,133.73481222179961,98.26518777820039,365.73481222179964,0.5764431561284467,usable_with_caution,9.52,40.7,137167.0,55170.0,0.40221044420305174,False
06037271200,06,037,271200,Census Tract 2712; Los Angeles County; California,2931,622,455,149,15.52,158,77,66,60,224,97.6165969494942,126.3834030505058,321.6165969494942,0.43578837923881336,more_reliable,7.64,49.23,121366.0,28520.0,0.23499167806469687,False
06037271300,06,037,271300,Census Tract 2713; Los Angeles County; California,4865,646,1021,282,20.99,211,161,90,96,301,187.44865963777923,113.55134036222077,488.4486596377792,0.6227530220524227,usable_with_caution,6.19,29.48,97721.0,28840.0,0.29512591971019536,False
06037271400,06,037,271400,Census Tract 2714; Los Angeles County; California,3331,379,619,265,18.58,333,246,35,39,368,249.07227866625382,118.92772133374618,617.0722786662539,0.6768268442017767,usable_with_caution,11.05,59.45,197992.0,25227.0,0.12741423895914986,False
06037271500,06,037,271500,Census Tract 2715; Los Angeles County; California,3094,451,433,180,13.99,173,112,0,14,173,112.8716084761797,60.1283915238203,285.8716084761797,0.6524370432149116,usable_with_caution,5.59,39.95,107679.0,30060.0,0.27916306800768953,False
06037271600,06,037,271600,Census Tract 2716; Los Angeles County; California,5608,582,1972,507,35.16,894,401,60,56,954,404.89134344907893,549.1086565509211,1358.891343449079,0.42441440613111,more_reliable,17.01,48.38,122554.0,18673.0,0.1523654878665731,False
06037271702,06,037,271702,Census Tract 2717.02; Los Angeles County; California,4664,414,1380,279,29.59,532,137,142,112,674,176.9547964876906,497.0452035123094,850.9547964876906,0.26254420843871007,more_reliable,14.45,48.84,90972.0,21414.0,0.23539110935232818,False
06037271703,06,037,271703,Census Tract 2717.03; Los Angeles County; California,2805,348,902,364,32.16,394,275,69,69,463,283.5242494038208,179.47575059617918,746.5242494038208,0.6123633896410817,usable_with_caution,16.51,51.33,121354.0,18401.0,0.15163076618817675,False
06037271704,06,037,271704,Census Tract 2717.04; Los Angeles County; California,2987,895,953,821,31.9,171,111,57,68,228,130.17296186228538,97.82703813771462,358.1729618622854,0.5709340432556376,usable_with_caution,7.63,23.92,124638.0,38302.0,0.30730595805452593,False
06037271801,06,037,271801,Census Tract 2718.01; Los Angeles County; California,3589,428,493,198,13.74,91,71,0,14,91,72.3671196055225,18.632880394477496,163.3671196055225,0.7952430725881594,usable_with_caution,2.54,18.46,95096.0,26157.0,0.27505888786068816,False
06037271803,06,037,271803,Census Tract 2718.03; Los Angeles County; California,3426,612,432,146,12.61,113,88,31,48,144,100.23971268913334,43.76028731086666,244.23971268913334,0.6961091158967593,usable_with_caution,4.2,33.33,99469.0,11085.0,0.11144175572288854,False
06037271804,06,037,271804,Census Tract 2718.04; Los Angeles County; California,2402,306,389,200,16.19,148,134,0,14,148,134.72935834479432,13.27064165520568,282.7293583447943,0.9103335023296913,usable_with_caution,6.16,38.05,121827.0,50748.0,0.41655790588293234,False
06037271901,06,037,271901,Census Tract 2719.01; Los Angeles County; California,3346,564,439,88,13.12,65,49,9,14,74,50.96076922496363,23.039230775036373,124.96076922496363,0.6886590435805896,usable_with_caution,2.21,16.86,115917.0,27787.0,0.23971462339432525,False
06037271902,06,037,271902,Census Tract 2719.02; Los Angeles County; California,3991,461,436,137,10.92,172,73,10,15,182,74.52516353554684,107.47483646445316,256.5251635355468,0.40947892052498264,more_reliable,4.56,41.74,105288.0,10578.0,0.10046728971962617,False
06037272100,06,037,272100,Census Tract 2721; Los Angeles County; California,4550,622,357,155,7.85,129,126,0,14,129,126.77539193392383,2.224608066076172,255.77539193392383,0.9827549762319676,usable_with_caution,2.84,36.13,121719.0,39790.0,0.3269004839014451,False
06037272201,06,037,272201,Census Tract 2722.01; Los Angeles County; California,2344,334,164,85,7.0,8,12,0,14,8,18.439088914585774,0.0,26.439088914585774,2.3048861143232218,high_uncertainty,0.34,4.88,119018.0,29923.0,0.2514157522391571,False
06037272202,06,037,272202,Census Tract 2722.02; Los Angeles County; California,3143,495,345,138,10.98,47,53,27,42,74,67.62396025078685,6.376039749213149,141.62396025078687,0.9138373006863088,usable_with_caution,2.35,21.45,105111.0,18208.0,0.17322639875940674,False
06037272301,06,037,272301,Census Tract 2723.01; Los Angeles County; California,3310,478,355,160,10.73,44,40,0,14,44,42.37924020083418,1.6207597991658176,86.37924020083418,0.9631645500189587,usable_with_caution,1.33,12.39,128655.0,12868.0,0.10001943181376549,False
06037272302,06,037,272302,Census Tract 2723.02; Los Angeles County; California,3996,533,161,82,4.03,24,30,7,11,31,31.953090617340916,0.0,62.95309061734092,1.0307448586239005,high_uncertainty,0.78,19.25,82288.0,14611.0,0.17755930390822477,False
06037273100,06,037,273100,Census Tract 2731; Los Angeles County; California,3110,341,266,142,8.55,37,26,28,31,65,40.45985664828782,24.54014335171218,105.45985664828783,0.6224593330505819,usable_with_caution,2.09,24.44,167143.0,35641.0,0.2132365698832736,False
06037273200,06,037,273200,Census Tract 2732; Los Angeles County; California,2792,424,179,95,6.41,27,29,57,63,84,69.35416353759881,14.645836462401192,153.35416353759882,0.8256448040190334,usable_with_caution,3.01,46.93,143702.0,20358.0,0.14166817441650081,False
06037273300,06,037,273300,Census Tract 2733; Los Angeles County; California,3151,460,88,98,2.79,73,95,0,14,73,96.0260381354974,0.0,169.0260381354974,1.3154251799383205,high_uncertainty,2.32,82.95,107633.0,21035.0,0.1954326275398809,False
06037273403,06,037,273403,Census Tract 2734.03; Los Angeles County; California,1398,270,33,41,2.36,0,14,0,14,0,19.79898987322333,0.0,19.79898987322333,,zero_estimate,0.0,0.0,90425.0,37981.0,0.42002764722145425,False
06037273404,06,037,273404,Census Tract 2734.04; Los Angeles County; California,1571,339,212,203,13.49,104,132,0,14,104,132.74034804836094,0.0,236.74034804836094,1.2763495004650092,high_uncertainty,6.62,49.06,85688.0,16462.0,0.19211558211184762,False
06037273502,06,037,273502,Census Tract 2735.02; Los Angeles County; California,2453,356,148,114,6.03,42,43,0,14,42,45.221676218380054,0.0,87.22167621838005,1.0767065766280965,high_uncertainty,1.71,28.38,122969.0,29421.0,0.2392554220982524,False
06037273600,06,037,273600,Census Tract 2736; Los Angeles County; California,2279,332,154,108,6.76,0,14,42,66,42,67.468511173732,0.0,109.468511173732,1.606393123184095,high_uncertainty,1.84,27.27,133944.0,36116.0,0.26963507137311116,False
06037273700,06,037,273700,Census Tract 2737; Los Angeles County; California,2782,513,73,71,2.62,61,70,0,14,61,71.386273190299,0.0,132.386273190299,1.170266773611459,high_uncertainty,2.19,83.56,137935.0,16108.0,0.11677964258527568,False
06037273800,06,037,273800,Census Tract 2738; Los Angeles County; California,2907,306,225,106,7.74,82,70,38,51,120,86.6083136886985,33.3916863113015,206.6083136886985,0.7217359474058208,usable_with_caution,4.13,53.33,98462.0,4540.0,0.04610915886331783,False
06037273902,06,037,273902,Census Tract 2739.02; Los Angeles County; California,4105,707,241,231,5.87,171,216,0,14,171,216.453228204155,0.0,387.45322820415504,1.2658083520710819,high_uncertainty,4.17,70.95,157115.0,45431.0,0.2891576233968749,False
06037274100,06,037,274100,Census Tract 2741; Los Angeles County; California,4386,838,329,187,7.5,123,122,0,14,123,122.80065146407001,0.19934853592998536,245.80065146407003,0.9983792801956912,usable_with_caution,2.8,37.39,153068.0,69594.0,0.45466067368751145,False
06037274202,06,037,274202,Census Tract 2742.02; Los Angeles County; California,4286,566,211,135,4.92,62,69,58,85,120,109.48059188732951,10.51940811267049,229.48059188732952,0.9123382657277459,usable_with_caution,2.8,56.87,116552.0,29877.0,0.2563405175372366,False
06037275101,06,037,275101,Census Tract 2751.01; Los Angeles County; California,962,144,167,81,17.36,40,39,0,14,40,41.43669871020132,0.0,81.43669871020131,1.035917467755033,high_uncertainty,4.16,23.95,121250.0,51137.0,0.4217484536082474,False
06037275102,06,037,275102,Census Tract 2751.02; Los Angeles County; California,3661,830,506,175,13.82,197,123,0,14,197,123.79418403139947,73.20581596860053,320.7941840313995,0.6283968732558348,usable_with_caution,5.38,38.93,104197.0,20070.0,0.19261591024693608,False
06037275200,06,037,275200,Census Tract 2752; Los Angeles County; California,3686,538,776,291,21.05,35,31,18,22,53,38.01315561749642,14.986844382503577,91.01315561749642,0.7172293512735174,usable_with_caution,1.44,6.83,100833.0,12915.0,0.12808306804320013,False
06037275311,06,037,275311,Census Tract 2753.11; Los Angeles County; California,5234,575,951,436,18.17,352,274,0,19,352,274.6579691179559,77.34203088204413,626.6579691179559,0.7802783213578292,usable_with_caution,6.73,37.01,100977.0,17680.0,0.17508937678877368,False
06037275312,06,037,275312,Census Tract 2753.12; Los Angeles County; California,1795,239,103,71,5.74,37,36,0,14,37,38.62641583165593,0.0,75.62641583165593,1.0439571846393496,high_uncertainty,2.06,35.92,194784.0,26521.0,0.13615594710037784,False
06037275313,06,037,275313,Census Tract 2753.13; Los Angeles County; California,3470,841,456,123,13.14,59,43,0,14,59,45.221676218380054,13.778323781619946,104.22167621838005,0.7664690884471196,usable_with_caution,1.7,12.94,117341.0,29407.0,0.2506114657280916,False
06037275400,06,037,275400,Census Tract 2754; Los Angeles County; California,4336,936,811,310,18.7,82,104,69,63,151,121.59358535712317,29.406414642876825,272.5935853571232,0.8052555321663787,usable_with_caution,3.48,18.62,169591.0,73364.0,0.43259371075116015,False
06037275500,06,037,275500,Census Tract 2755; Los Angeles County; California,5086,899,421,194,8.28,31,24,0,19,31,30.610455730027933,0.3895442699720668,61.61045573002794,0.9874340558073527,usable_with_caution,0.61,7.36,59076.0,15844.0,0.2681968989098788,False
06037275603,06,037,275603,Census Tract 2756.03; Los Angeles County; California,2759,444,736,301,26.68,32,25,12,18,44,30.805843601498726,13.194156398501274,74.80584360149872,0.700132809124971,usable_with_caution,1.59,5.98,114519.0,30175.0,0.26349339410927447,False
06037275604,06,037,275604,Census Tract 2756.04; Los Angeles County; California,9869,1161,1826,485,18.5,63,87,217,215,280,231.93533581582605,48.06466418417395,511.9353358158261,0.8283404850565216,usable_with_caution,2.84,15.33,164651.0,27241.0,0.1654469149898877,False
06037275605,06,037,275605,Census Tract 2756.05; Los Angeles County; California,2915,382,625,232,21.44,231,167,0,14,231,167.5857989210303,63.41420107896971,398.5857989210303,0.7254796490087891,usable_with_caution,7.92,36.96,119783.0,14525.0,0.12126094687893942,False
06037276000,06,037,276000,Census Tract 2760; Los Angeles County; California,6626,692,1350,377,20.37,382,237,18,21,400,237.92856070678022,162.07143929321978,637.9285607067802,0.5948214017669505,usable_with_caution,6.04,29.63,147470.0,19977.0,0.13546484030650302,False
06037276101,06,037,276101,Census Tract 2761.01; Los Angeles County; California,3441,588,688,334,19.99,178,136,27,44,205,142.9405470816451,62.05945291835491,347.9405470816451,0.6972709613738785,usable_with_caution,5.96,29.8,113786.0,5162.0,0.045365862232612096,False
06037276102,06,037,276102,Census Tract 2761.02; Los Angeles County; California,3429,573,232,186,6.77,61,99,27,46,88,109.16501271011697,0.0,197.16501271011697,1.240511508069511,high_uncertainty,2.57,37.93,88750.0,36039.0,0.4060732394366197,False
06037276400,06,037,276400,Census Tract 2764; Los Angeles County; California,4233,570,393,180,9.28,166,104,12,18,178,105.54619841567009,72.45380158432991,283.5461984156701,0.5929561708745511,usable_with_caution,4.21,45.29,220350.0,59839.0,0.2715634218289086,False
06037276500,06,037,276500,Census Tract 2765; Los Angeles County; California,5464,243,1016,208,18.59,314,111,15,22,329,113.1591799192624,215.84082008073761,442.1591799192624,0.34394887513453615,more_reliable,6.02,32.38,160517.0,35063.0,0.2184379224630413,False
06037276601,06,037,276601,Census Tract 2766.01; Los Angeles County; California,4055,476,336,88,8.29,58,61,0,14,58,62.5859409132754,0.0,120.58594091327541,1.0790679467806104,high_uncertainty,1.43,17.26,176346.0,51413.0,0.2915461649257709,False
06037276605,06,037,276605,Census Tract 2766.05; Los Angeles County; California,2452,856,139,74,5.67,27,26,0,14,27,29.5296461204668,0.0,56.5296461204668,1.093690597054326,high_uncertainty,1.1,19.42,113594.0,34611.0,0.3046903885768615,False
06037276606,06,037,276606,Census Tract 2766.06; Los Angeles County; California,3310,243,732,143,22.11,16,17,144,4,160,17.46424919657298,142.53575080342702,177.46424919657298,0.10915155747858112,more_reliable,4.83,21.86,132339.0,32760.0,0.24754607485321786,False
06037276607,06,037,276607,Census Tract 2766.07; Los Angeles County; California,2709,425,542,220,20.01,162,107,26,41,188,114.58621208504974,73.41378791495026,302.58621208504974,0.6095011281119667,usable_with_caution,6.94,34.69,86648.0,39779.0,0.4590873418890222,False
06037276608,06,037,276608,Census Tract 2766.08; Los Angeles County; California,1819,334,322,214,17.7,32,37,24,13,56,39.21734310225516,16.782656897744843,95.21734310225516,0.7003096982545564,usable_with_caution,3.08,17.39,92206.0,37303.0,0.4045615252803505,False
06037277000,06,037,277000,Census Tract 2770; Los Angeles County; California,5711,1104,559,199,9.79,200,128,46,77,246,149.37536610833797,96.62463389166203,395.37536610833797,0.6072169353997479,usable_with_caution,4.31,44.01,180385.0,39911.0,0.22125453890290211,False
06037277100,06,037,277100,Census Tract 2771; Los Angeles County; California,3179,659,788,534,24.79,467,531,0,14,467,531.1845253770106,0.0,998.1845253770106,1.1374400971670462,high_uncertainty,14.69,59.26,193846.0,61697.0,0.31827842720510097,False
06037277200,06,037,277200,Census Tract 2772; Los Angeles County; California,1893,375,374,212,19.76,89,68,0,14,89,69.42621983083913,19.57378016916087,158.42621983083913,0.7800698857397655,usable_with_caution,4.7,23.8,59621.0,23494.0,0.3940557857130877,False
06037277400,06,037,277400,Census Tract 2774; Los Angeles County; California,0,14,0,14,,0,14,0,14,0,19.79898987322333,0.0,19.79898987322333,,not_applicable,,,,,,False
06037278001,06,037,278001,Census Tract 2780.01; Los Angeles County; California,2572,396,323,132,12.56,99,73,9,16,108,74.73285756613352,33.26714243386648,182.73285756613353,0.6919709033901251,usable_with_caution,4.2,33.44,76406.0,40255.0,0.5268565295919169,False
06037278102,06,037,278102,Census Tract 2781.02; Los Angeles County; California,2917,354,288,139,9.87,57,48,33,43,90,64.4437739428721,25.5562260571279,154.4437739428721,0.7160419326985789,usable_with_caution,3.09,31.25,174167.0,16142.0,0.09268116233270367,False
06037291110,06,037,291110,Census Tract 2911.10; Los Angeles County; California,3749,705,25,33,0.67,0,14,0,14,0,19.79898987322333,0.0,19.79898987322333,,zero_estimate,0.0,0.0,60085.0,25209.0,0.4195556295248398,False
06037291120,06,037,291120,Census Tract 2911.20; Los Angeles County; California,2063,376,106,71,5.14,0,14,0,14,0,19.79898987322333,0.0,19.79898987322333,,zero_estimate,0.0,0.0,57969.0,25731.0,0.4438751746623195,False
06037291130,06,037,291130,Census Tract 2911.30; Los Angeles County; California,3412,509,757,274,22.19,0,14,0,14,0,19.79898987322333,0.0,19.79898987322333,,zero_estimate,0.0,0.0,96042.0,23544.0,0.2451427500468545,False
06037291210,06,037,291210,Census Tract 2912.10; Los Angeles County; California,4785,710,834,260,17.43,8,13,14,22,22,25.553864678361276,0.0,47.55386467836128,1.1615393035618762,high_uncertainty,0.46,2.64,73106.0,30677.0,0.4196235603096873,False
06037291220,06,037,291220,Census Tract 2912.20; Los Angeles County; California,2988,459,754,231,25.23,77,56,0,14,77,57.723478758647246,19.276521241352754,134.72347875864725,0.7496555682941201,usable_with_caution,2.58,10.21,82542.0,12397.0,0.15019020619805676,False
06037291300,06,037,291300,Census Tract 2913; Los Angeles County; California,3065,384,1398,350,45.61,35,28,0,14,35,31.304951684997057,3.6950483150029427,66.30495168499706,0.894427190999916,usable_with_caution,1.14,2.5,92404.0,39241.0,0.42466776330029005,False
06037292001,06,037,292001,Census Tract 2920.01; Los Angeles County; California,4522,658,1051,416,23.24,23,25,0,14,23,28.653097563788805,0.0,51.653097563788805,1.2457868505995133,high_uncertainty,0.51,2.19,54319.0,6690.0,0.12316132476665624,False
06037292002,06,037,292002,Census Tract 2920.02; Los Angeles County; California,1882,452,383,90,20.35,18,24,0,14,18,27.784887978899608,0.0,45.784887978899604,1.5436048877166448,high_uncertainty,0.96,4.7,118152.0,40670.0,0.34421761798361433,False
06037293203,06,037,293203,Census Tract 2932.03; Los Angeles County; California,2996,430,820,237,27.37,17,29,0,14,17,32.202484376209235,0.0,49.202484376209235,1.8942637868358374,high_uncertainty,0.57,2.07,54345.0,14374.0,0.26449535375839545,False
06037293204,06,037,293204,Census Tract 2932.04; Los Angeles County; California,4230,1528,879,476,20.78,12,21,97,102,109,104.1393297462587,4.860670253741304,213.13932974625868,0.9554066949198046,usable_with_caution,2.58,12.4,120338.0,40051.0,0.33282088783260483,False
06037293205,06,037,293205,Census Tract 2932.05; Los Angeles County; California,3515,664,600,175,17.07,36,45,0,14,36,47.12748667179272,0.0,83.12748667179272,1.309096851994242,high_uncertainty,1.02,6.0,61198.0,10976.0,0.1793522664139351,False
06037293206,06,037,293206,Census Tract 2932.06; Los Angeles County; California,2463,356,540,272,21.92,31,25,77,115,108,117.6860229593982,0.0,225.6860229593982,1.0896853977722056,high_uncertainty,4.38,20.0,62788.0,34572.0,0.5506147671529592,False
06037293301,06,037,293301,Census Tract 2933.01; Los Angeles County; California,2598,189,1319,275,50.77,124,78,68,53,192,94.30270409696638,97.69729590303362,286.3027040969664,0.4911599171716999,more_reliable,7.39,14.56,120833.0,26926.0,0.2228364767902808,False
06037293302,06,037,293302,Census Tract 2933.02; Los Angeles County; California,4864,863,1285,226,26.42,33,39,31,47,64,61.07372593840988,2.926274061590121,125.07372593840988,0.9542769677876544,usable_with_caution,1.32,4.98,104071.0,32516.0,0.31244054539689253,False
06037293304,06,037,293304,Census Tract 2933.04; Los Angeles County; California,4594,741,549,205,11.95,8,13,20,31,28,33.61547262794322,0.0,61.61547262794322,1.200552593855115,high_uncertainty,0.61,5.1,61567.0,8324.0,0.13520229993340588,False
06037293306,06,037,293306,Census Tract 2933.06; Los Angeles County; California,2420,366,579,277,23.93,60,50,8,14,68,51.92301994298868,16.07698005701132,119.92301994298867,0.76357382269101,usable_with_caution,2.81,11.74,112361.0,24334.0,0.21656980624949937,False
06037293307,06,037,293307,Census Tract 2933.07; Los Angeles County; California,3033,819,357,166,11.77,38,28,0,14,38,31.304951684997057,6.695048315002943,69.30495168499706,0.8238145180262384,usable_with_caution,1.25,10.64,70888.0,36977.0,0.5216256630177181,False
06037294110,06,037,294110,Census Tract 2941.10; Los Angeles County; California,3889,361,295,226,7.59,0,14,0,14,0,19.79898987322333,0.0,19.79898987322333,,zero_estimate,0.0,0.0,89438.0,8362.0,0.09349493503879783,False
06037294120,06,037,294120,Census Tract 2941.20; Los Angeles County; California,2403,664,102,82,4.24,31,46,0,14,31,48.08326112068523,0.0,79.08326112068522,1.551072939376943,high_uncertainty,1.29,30.39,58897.0,29632.0,0.5031156086048525,False
06037294200,06,037,294200,Census Tract 2942; Los Angeles County; California,4139,660,229,174,5.53,33,46,0,14,33,48.08326112068523,0.0,81.08326112068522,1.4570685188086434,high_uncertainty,0.8,14.41,88958.0,18575.0,0.20880640302165066,False
06037294301,06,037,294301,Census Tract 2943.01; Los Angeles County; California,2685,356,217,124,8.08,28,30,0,14,28,33.1058907144937,0.0,61.1058907144937,1.1823532398033463,high_uncertainty,1.04,12.9,101906.0,19381.0,0.19018507251781053,False
06037294302,06,037,294302,Census Tract 2943.02; Los Angeles County; California,4435,566,337,302,7.6,0,14,3,6,3,15.231546211727817,0.0,18.231546211727817,5.077182070575939,high_uncertainty,0.07,0.89,66210.0,11020.0,0.16644011478628606,False
06037294410,06,037,294410,Census Tract 2944.10; Los Angeles County; California,5023,726,775,276,15.43,88,76,0,19,88,78.33900688673555,9.660993113264453,166.33900688673555,0.8902159873492675,usable_with_caution,1.75,11.35,78810.0,20232.0,0.2567186905215074,False
06037294421,06,037,294421,Census Tract 2944.21; Los Angeles County; California,2410,604,390,180,16.18,12,19,0,14,12,23.600847442411894,0.0,35.60084744241189,1.9667372868676578,high_uncertainty,0.5,3.08,65764.0,13031.0,0.1981479228757375,False
06037294510,06,037,294510,Census Tract 2945.10; Los Angeles County; California,4269,878,309,199,7.24,0,14,0,14,0,19.79898987322333,0.0,19.79898987322333,,zero_estimate,0.0,0.0,65947.0,14677.0,0.2225575083021214,False
06037294520,06,037,294520,Census Tract 2945.20; Los Angeles County; California,3493,396,63,60,1.8,2,4,0,14,2,14.560219778561036,0.0,16.560219778561034,7.280109889280518,high_uncertainty,0.06,3.17,58173.0,10737.0,0.18457016141508947,False
06037294610,06,037,294610,Census Tract 2946.10; Los Angeles County; California,4312,790,183,198,4.24,0,14,0,14,0,19.79898987322333,0.0,19.79898987322333,,zero_estimate,0.0,0.0,65735.0,22282.0,0.3389670647295961,False
06037294620,06,037,294620,Census Tract 2946.20; Los Angeles County; California,3810,637,35,50,0.92,0,14,0,14,0,19.79898987322333,0.0,19.79898987322333,,zero_estimate,0.0,0.0,75938.0,27755.0,0.36549553583186284,False
06037294701,06,037,294701,Census Tract 2947.01; Los Angeles County; California,2987,379,43,45,1.44,0,14,0,14,0,19.79898987322333,0.0,19.79898987322333,,zero_estimate,0.0,0.0,36525.0,6734.0,0.1843668720054757,False
06037294810,06,037,294810,Census Tract 2948.10; Los Angeles County; California,3991,451,13,18,0.33,0,14,0,14,0,19.79898987322333,0.0,19.79898987322333,,zero_estimate,0.0,0.0,45819.0,9937.0,0.21687509548440603,False
06037294820,06,037,294820,Census Tract 2948.20; Los Angeles County; California,3279,469,88,86,2.68,2,5,0,14,2,14.866068747318506,0.0,16.866068747318508,7.433034373659253,high_uncertainty,0.06,2.27,33710.0,9428.0,0.2796796202907149,False
06037294830,06,037,294830,Census Tract 2948.30; Los Angeles County; California,3706,765,86,68,2.32,4,6,0,14,4,15.231546211727817,0.0,19.231546211727817,3.8078865529319543,high_uncertainty,0.11,4.65,63750.0,23547.0,0.36936470588235293,False
06037294900,06,037,294900,Census Tract 2949; Los Angeles County; California,3902,521,0,14,0.0,0,14,0,14,0,19.79898987322333,0.0,19.79898987322333,,zero_estimate,0.0,,31667.0,24953.0,0.7879811791454827,False
06037295103,06,037,295103,Census Tract 2951.03; Los Angeles County; California,4897,670,569,221,11.62,120,88,26,41,146,97.082439194738,48.917560805262,243.08243919473801,0.664948213662589,usable_with_caution,2.98,25.66,120047.0,21248.0,0.17699734270743958,False
06037296210,06,037,296210,Census Tract 2962.10; Los Angeles County; California,3355,674,59,56,1.76,0,14,0,14,0,19.79898987322333,0.0,19.79898987322333,,zero_estimate,0.0,0.0,57386.0,19584.0,0.3412679050639529,False
06037296220,06,037,296220,Census Tract 2962.20; Los Angeles County; California,3924,502,468,183,11.93,29,33,0,14,29,35.84689665786984,0.0,64.84689665786985,1.2360998847541325,high_uncertainty,0.74,6.2,46288.0,9597.0,0.20733235395782923,False
06037296300,06,037,296300,Census Tract 2963; Los Angeles County; California,5111,764,845,377,16.53,59,101,16,32,75,105.94810050208545,0.0,180.94810050208545,1.412641340027806,high_uncertainty,1.47,8.88,83145.0,20747.0,0.24952793312887125,False
06037296401,06,037,296401,Census Tract 2964.01; Los Angeles County; California,3120,490,140,83,4.49,0,14,0,14,0,19.79898987322333,0.0,19.79898987322333,,zero_estimate,0.0,0.0,116680.0,25300.0,0.21683236201576964,False
06037296402,06,037,296402,Census Tract 2964.02; Los Angeles County; California,3247,442,394,228,12.13,49,65,0,14,49,66.49060083951716,0.0,115.49060083951716,1.3569510375411664,high_uncertainty,1.51,12.44,142163.0,27201.0,0.19133670504983716,False
06037296500,06,037,296500,Census Tract 2965; Los Angeles County; California,3756,519,9,22,0.24,0,14,0,14,0,19.79898987322333,0.0,19.79898987322333,,zero_estimate,0.0,0.0,96302.0,12289.0,0.12760898008348737,False
06037296600,06,037,296600,Census Tract 2966; Los Angeles County; California,5319,731,312,233,5.87,17,27,0,19,17,33.015148038438355,0.0,50.015148038438355,1.9420675316728444,high_uncertainty,0.32,5.45,41563.0,13817.0,0.33243509852513053,False
06037296901,06,037,296901,Census Tract 2969.01; Los Angeles County; California,4661,881,109,62,2.34,37,29,0,14,37,32.202484376209235,4.7975156237907655,69.20248437620924,0.8703374155732225,usable_with_caution,0.79,33.94,73415.0,28833.0,0.39273990328951847,False
06037296902,06,037,296902,Census Tract 2969.02; Los Angeles County; California,4306,539,257,128,5.97,0,14,0,14,0,19.79898987322333,0.0,19.79898987322333,,zero_estimate,0.0,0.0,57260.0,13258.0,0.23154034229828852,False
06037297001,06,037,297001,Census Tract 2970.01; Los Angeles County; California,1522,157,72,50,4.73,0,14,3,7,3,15.652475842498529,0.0,18.65247584249853,5.21749194749951,high_uncertainty,0.2,4.17,184219.0,69187.0,0.37556929524099036,False
06037297002,06,037,297002,Census Tract 2970.02; Los Angeles County; California,4267,712,281,155,6.59,83,104,0,14,83,104.93807697875924,0.0,187.93807697875923,1.2643141804669789,high_uncertainty,1.95,29.54,108267.0,11857.0,0.10951628843507255,False
06037297110,06,037,297110,Census Tract 2971.10; Los Angeles County; California,4693,684,130,115,2.77,9,14,0,14,9,19.79898987322333,0.0,28.79898987322333,2.199887763691481,high_uncertainty,0.19,6.92,54152.0,6338.0,0.11704092184960851,False
06037297120,06,037,297120,Census Tract 2971.20; Los Angeles County; California,3519,486,64,56,1.82,0,14,0,14,0,19.79898987322333,0.0,19.79898987322333,,zero_estimate,0.0,0.0,94310.0,41457.0,0.43958222881984943,False
06037297201,06,037,297201,Census Tract 2972.01; Los Angeles County; California,3768,558,267,132,7.09,10,19,0,14,10,23.600847442411894,0.0,33.60084744241189,2.360084744241189,high_uncertainty,0.27,3.75,67593.0,16552.0,0.2448774281360496,False
06037297202,06,037,297202,Census Tract 2972.02; Los Angeles County; California,4238,673,163,158,3.85,120,155,0,14,120,155.63097378092831,0.0,275.63097378092834,1.296924781507736,high_uncertainty,2.83,73.62,97049.0,17655.0,0.1819184123484013,False
06037297300,06,037,297300,Census Tract 2973; Los Angeles County; California,2081,271,90,59,4.32,49,48,0,14,49,50.0,0.0,99.0,1.0204081632653061,high_uncertainty,2.35,54.44,114063.0,17749.0,0.1556069891200477,False
06037297400,06,037,297400,Census Tract 2974; Los Angeles County; California,3695,423,330,150,8.93,61,47,20,30,81,55.758407437802596,25.241592562197404,136.7584074378026,0.6883754004666988,usable_with_caution,2.19,24.55,136000.0,34347.0,0.2525514705882353,False
06037297501,06,037,297501,Census Tract 2975.01; Los Angeles County; California,2697,574,203,120,7.53,10,16,0,14,10,21.2602916254693,0.0,31.2602916254693,2.12602916254693,high_uncertainty,0.37,4.93,168942.0,45207.0,0.26758887665589376,False
06037297502,06,037,297502,Census Tract 2975.02; Los Angeles County; California,2426,303,202,165,8.33,0,14,0,14,0,19.79898987322333,0.0,19.79898987322333,,zero_estimate,0.0,0.0,96250.0,34944.0,0.36305454545454546,False
06037297601,06,037,297601,Census Tract 2976.01; Los Angeles County; California,3579,569,123,168,3.44,0,14,0,14,0,19.79898987322333,0.0,19.79898987322333,,zero_estimate,0.0,0.0,90556.0,19270.0,0.21279650161226202,False
06037297602,06,037,297602,Census Tract 2976.02; Los Angeles County; California,3540,422,369,196,10.42,0,14,0,14,0,19.79898987322333,0.0,19.79898987322333,,zero_estimate,0.0,0.0,94275.0,8572.0,0.0909254839565102,False
06037300100,06,037,300100,Census Tract 3001; Los Angeles County; California,6148,611,1710,392,27.81,266,211,0,19,266,211.85372312045877,54.14627687954123,477.85372312045877,0.7964425681220254,usable_with_caution,4.33,15.56,183162.0,34818.0,0.19009401513414353,False
06037300200,06,037,300200,Census Tract 3002; Los Angeles County; California,5697,616,1594,425,27.98,182,176,0,19,182,177.02259742756007,4.977402572439928,359.0225974275601,0.972651634217363,usable_with_caution,3.19,11.42,121442.0,45217.0,0.37233411834455954,False
06037300301,06,037,300301,Census Tract 3003.01; Los Angeles County; California,5914,816,1280,211,21.64,165,129,137,160,302,205.526154053444,96.473845946556,507.526154053444,0.6805501789849139,usable_with_caution,5.11,23.59,135223.0,42068.0,0.3111009221803983,False
06037300400,06,037,300400,Census Tract 3004; Los Angeles County; California,5486,929,1660,466,30.26,131,145,53,89,184,170.13524032369074,13.864759676309262,354.1352403236907,0.9246480452374497,usable_with_caution,3.35,11.08,136359.0,45539.0,0.33396402144339576,False
06037300501,06,037,300501,Census Tract 3005.01; Los Angeles County; California,2774,417,1056,351,38.07,13,16,0,14,13,21.2602916254693,0.0,34.2602916254693,1.6354070481130232,high_uncertainty,0.47,1.23,109303.0,22432.0,0.2052276698718242,False
06037300503,06,037,300503,Census Tract 3005.03; Los Angeles County; California,5041,963,909,238,18.03,15,26,0,19,15,32.202484376209235,0.0,47.202484376209235,2.146832291747282,high_uncertainty,0.3,1.65,75682.0,47236.0,0.6241378399090933,False
06037300601,06,037,300601,Census Tract 3006.01; Los Angeles County; California,5617,952,1684,433,29.98,76,68,0,19,76,70.60453243241541,5.395467567584589,146.6045324324154,0.9290070056896764,usable_with_caution,1.35,4.51,111631.0,19524.0,0.17489765387750714,False
06037300602,06,037,300602,Census Tract 3006.02; Los Angeles County; California,3177,398,259,149,8.15,48,44,0,14,48,46.17358552246078,1.8264144775392168,94.17358552246078,0.9619496983845996,usable_with_caution,1.51,18.53,116471.0,38488.0,0.33045135699015205,False
06037300701,06,037,300701,Census Tract 3007.01; Los Angeles County; California,5444,650,344,167,6.32,79,78,0,19,79,80.2807573457052,0.0,159.28075734570518,1.0162121183000659,high_uncertainty,1.45,22.97,154440.0,55886.0,0.36186221186221185,False
06037300702,06,037,300702,Census Tract 3007.02; Los Angeles County; California,5806,733,482,202,8.3,92,68,0,19,92,70.60453243241541,21.39546756758459,162.6045324324154,0.7674405699175588,usable_with_caution,1.58,19.09,155368.0,8702.0,0.056008959373873644,False
06037300800,06,037,300800,Census Tract 3008; Los Angeles County; California,7387,1365,778,229,10.53,36,44,0,19,36,47.92702786528704,0.0,83.92702786528704,1.3313063295913066,high_uncertainty,0.49,4.63,116205.0,50388.0,0.43361301148831805,False
06037300901,06,037,300901,Census Tract 3009.01; Los Angeles County; California,5478,651,954,290,17.42,314,186,0,19,314,186.96791168540125,127.03208831459875,500.96791168540125,0.5954392091891759,usable_with_caution,5.73,32.91,166172.0,18902.0,0.11374960883903425,False
06037300902,06,037,300902,Census Tract 3009.02; Los Angeles County; California,2051,433,386,153,18.82,35,31,0,14,35,34.0147027033899,0.9852972966100992,69.0147027033899,0.9718486486682829,usable_with_caution,1.71,9.07,186250.0,68372.0,0.36709798657718123,False
06037301000,06,037,301000,Census Tract 3010; Los Angeles County; California,5390,771,668,280,12.39,63,54,0,19,63,57.245087125446844,5.754912874553156,120.24508712544684,0.9086521765943943,usable_with_caution,1.17,9.43,116094.0,57037.0,0.49130015332403054,False
06037301100,06,037,301100,Census Tract 3011; Los Angeles County; California,6912,987,600,183,8.68,69,73,0,19,69,75.43208866258443,0.0,144.43208866258442,1.0932186762693397,high_uncertainty,1.0,11.5,87395.0,13403.0,0.15336117626866524,False
06037301203,06,037,301203,Census Tract 3012.03; Los Angeles County; California,3794,443,364,130,9.59,55,41,0,14,55,43.32435804486894,11.675641955131063,98.32435804486894,0.7877156008157988,usable_with_caution,1.45,15.11,80852.0,13043.0,0.16131944788007718,False
06037301204,06,037,301204,Census Tract 3012.04; Los Angeles County; California,4967,662,765,376,15.4,96,101,0,14,96,101.96568050084302,0.0,197.965680500843,1.0621425052171147,high_uncertainty,1.93,12.55,75298.0,14775.0,0.19622035113814443,False
06037301205,06,037,301205,Census Tract 3012.05; Los Angeles County; California,2154,359,158,126,7.34,19,22,0,14,19,26.076809620810597,0.0,45.07680962081059,1.3724636642531893,high_uncertainty,0.88,12.03,108125.0,29379.0,0.27171329479768785,False
06037301206,06,037,301206,Census Tract 3012.06; Los Angeles County; California,4998,1063,703,183,14.07,98,114,0,14,98,114.85643212288984,0.0,212.85643212288983,1.1720044094172433,high_uncertainty,1.96,13.94,81200.0,21256.0,0.2617733990147783,False
06037301300,06,037,301300,Census Tract 3013; Los Angeles County; California,2061,323,106,65,5.14,13,16,0,14,13,21.2602916254693,0.0,34.2602916254693,1.6354070481130232,high_uncertainty,0.63,12.26,201357.0,41308.0,0.20514807034272461,False
06037301400,06,037,301400,Census Tract 3014; Los Angeles County; California,3967,551,242,118,6.1,50,40,0,14,50,42.37924020083418,7.620759799165818,92.37924020083418,0.8475848040166837,usable_with_caution,1.26,20.66,150116.0,35326.0,0.23532468224572997,False
06037301501,06,037,301501,Census Tract 3015.01; Los Angeles County; California,1696,322,128,88,7.55,23,30,0,14,23,33.1058907144937,0.0,56.1058907144937,1.4393865528040737,high_uncertainty,1.36,17.97,163646.0,57915.0,0.35390415897730465,False
06037301502,06,037,301502,Census Tract 3015.02; Los Angeles County; California,7498,982,286,152,3.81,45,55,0,19,45,58.18934610390462,0.0,103.18934610390463,1.2930965800867693,high_uncertainty,0.6,15.73,80459.0,7652.0,0.09510433885581476,False
06037301601,06,037,301601,Census Tract 3016.01; Los Angeles County; California,5513,717,350,125,6.35,25,34,0,19,25,38.948684188300895,0.0,63.948684188300895,1.5579473675320359,high_uncertainty,0.45,7.14,54469.0,31680.0,0.5816152306816721,False
06037301602,06,037,301602,Census Tract 3016.02; Los Angeles County; California,3597,542,248,86,6.89,26,24,8,14,34,27.784887978899608,6.215112021100392,61.784887978899604,0.8172025876146943,usable_with_caution,0.95,13.71,76625.0,19604.0,0.2558433931484502,False
06037301701,06,037,301701,Census Tract 3017.01; Los Angeles County; California,2702,440,618,265,22.87,28,33,0,14,28,35.84689665786984,0.0,63.84689665786984,1.2802463092096372,high_uncertainty,1.04,4.53,90938.0,70882.0,0.7794541335855198,False
06037301702,06,037,301702,Census Tract 3017.02; Los Angeles County; California,5795,888,822,318,14.18,41,42,16,27,57,49.92995093127971,7.070049068720287,106.9299509312797,0.8759640514259599,usable_with_caution,0.98,6.93,84067.0,18667.0,0.2220490799005555,False
06037301801,06,037,301801,Census Tract 3018.01; Los Angeles County; California,6185,486,1103,246,17.83,37,34,28,47,65,58.008620049092706,6.9913799509072945,123.00862004909271,0.89244030844758,usable_with_caution,1.05,5.89,81586.0,9673.0,0.11856200818767926,False
06037301802,06,037,301802,Census Tract 3018.02; Los Angeles County; California,5752,738,796,411,13.84,299,350,0,19,299,350.5153348999156,0.0,649.5153348999156,1.172292089966273,high_uncertainty,5.2,37.56,90089.0,20973.0,0.23280311691771471,False
06037301901,06,037,301901,Census Tract 3019.01; Los Angeles County; California,3949,494,383,157,9.7,66,62,0,14,66,63.56099432828282,2.439005671717183,129.56099432828282,0.9630453686103457,usable_with_caution,1.67,17.23,72500.0,27505.0,0.3793793103448276,False
06037301902,06,037,301902,Census Tract 3019.02; Los Angeles County; California,3358,760,511,306,15.22,9,20,0,14,9,24.413111231467404,0.0,33.413111231467404,2.7125679146074893,high_uncertainty,0.27,1.76,101343.0,10191.0,0.10055948610165477,False
06037302002,06,037,302002,Census Tract 3020.02; Los Angeles County; California,3829,617,472,196,12.33,11,17,23,38,34,41.6293165929973,0.0,75.6293165929973,1.2243916644999207,high_uncertainty,0.89,7.2,58846.0,2215.0,0.03764062128267002,False
06037302003,06,037,302003,Census Tract 3020.03; Los Angeles County; California,3715,582,343,152,9.23,6,11,0,14,6,17.804493814764857,0.0,23.804493814764857,2.967415635794143,high_uncertainty,0.16,1.75,61522.0,4932.0,0.08016644452391014,False
06037302004,06,037,302004,Census Tract 3020.04; Los Angeles County; California,3872,625,398,83,10.28,31,30,0,14,31,33.1058907144937,0.0,64.1058907144937,1.0679319585320548,high_uncertainty,0.8,7.79,52679.0,11861.0,0.225156134322975,False
06037302102,06,037,302102,Census Tract 3021.02; Los Angeles County; California,5819,907,731,170,12.56,16,25,0,19,16,31.400636936215164,0.0,47.400636936215164,1.9625398085134478,high_uncertainty,0.27,2.19,93627.0,28653.0,0.3060335159729565,False
06037302103,06,037,302103,Census Tract 3021.03; Los Angeles County; California,5115,816,318,191,6.22,9,14,0,19,9,23.600847442411894,0.0,32.60084744241189,2.6223163824902103,high_uncertainty,0.18,2.83,68731.0,20627.0,0.30011203096128386,False
06037302104,06,037,302104,Census Tract 3021.04; Los Angeles County; California,3510,387,767,246,21.85,0,14,0,14,0,19.79898987322333,0.0,19.79898987322333,,zero_estimate,0.0,0.0,82212.0,12142.0,0.14769133459835548,False
06037302201,06,037,302201,Census Tract 3022.01; Los Angeles County; California,3381,429,310,144,9.17,94,83,0,14,94,84.17244204607586,9.827557953924142,178.17244204607584,0.8954515111284665,usable_with_caution,2.78,30.32,35972.0,14669.0,0.4077893917491382,False
06037302202,06,037,302202,Census Tract 3022.02; Los Angeles County; California,4946,822,403,151,8.15,42,39,11,17,53,42.5440947723653,10.455905227634702,95.5440947723653,0.8027187692899113,usable_with_caution,1.07,13.15,52348.0,7781.0,0.14863987162833345,False
06037302301,06,037,302301,Census Tract 3023.01; Los Angeles County; California,3654,354,500,185,13.68,96,57,18,16,114,59.20304046246274,54.79695953753726,173.20304046246275,0.5193249163373924,usable_with_caution,3.12,22.8,87198.0,20010.0,0.22947774031514484,False
06037302302,06,037,302302,Census Tract 3023.02; Los Angeles County; California,5134,1018,683,227,13.3,34,56,0,19,34,59.135437767890075,0.0,93.13543776789007,1.7392775814085315,high_uncertainty,0.66,4.98,61308.0,12908.0,0.21054348535264567,False
06037302401,06,037,302401,Census Tract 3024.01; Los Angeles County; California,6728,798,1369,570,20.35,88,118,22,35,110,123.08127396155761,0.0,233.0812739615576,1.1189206723777965,high_uncertainty,1.63,8.04,73496.0,11267.0,0.15330085991074344,False
06037302503,06,037,302503,Census Tract 3025.03; Los Angeles County; California,3935,474,500,146,12.71,13,15,0,14,13,20.518284528683193,0.0,33.518284528683196,1.5783295791294765,high_uncertainty,0.33,2.6,62364.0,17492.0,0.28048232954909885,False
06037302504,06,037,302504,Census Tract 3025.04; Los Angeles County; California,3295,427,279,207,8.47,0,14,0,14,0,19.79898987322333,0.0,19.79898987322333,,zero_estimate,0.0,0.0,41201.0,9907.0,0.24045532875415646,False
06037302505,06,037,302505,Census Tract 3025.05; Los Angeles County; California,3962,753,703,413,17.74,7,10,0,14,7,17.204650534085253,0.0,24.204650534085253,2.457807219155036,high_uncertainty,0.18,1.0,64828.0,18939.0,0.29214228419818594,False
06037302506,06,037,302506,Census Tract 3025.06; Los Angeles County; California,3205,606,180,101,5.62,0,14,0,14,0,19.79898987322333,0.0,19.79898987322333,,zero_estimate,0.0,0.0,85882.0,18119.0,0.21097552455695023,False
06037310100,06,037,310100,Census Tract 3101; Los Angeles County; California,5968,923,555,417,9.3,63,82,0,19,63,84.17244204607586,0.0,147.17244204607584,1.3360705086678708,high_uncertainty,1.06,11.35,171991.0,17701.0,0.10291817595106721,False
06037310201,06,037,310201,Census Tract 3102.01; Los Angeles County; California,5063,887,461,270,9.11,15,26,0,19,15,32.202484376209235,0.0,47.202484376209235,2.146832291747282,high_uncertainty,0.3,3.25,133608.0,20828.0,0.1558888689300042,False
06037310202,06,037,310202,Census Tract 3102.02; Los Angeles County; California,4684,497,469,257,10.01,104,119,0,14,104,119.82069938036582,0.0,223.82069938036582,1.1521221094265945,high_uncertainty,2.22,22.17,101917.0,19231.0,0.18869275979473493,False
06037310300,06,037,310300,Census Tract 3103; Los Angeles County; California,2986,498,491,220,16.44,109,88,26,35,135,94.70480452437458,40.29519547562542,229.7048045243746,0.7015170705509228,usable_with_caution,4.52,27.49,139625.0,33622.0,0.24080214861235452,False
06037310400,06,037,310400,Census Tract 3104; Los Angeles County; California,3609,781,285,90,7.9,63,84,0,14,63,85.15867542417507,0.0,148.15867542417507,1.3517250067329376,high_uncertainty,1.75,22.11,110313.0,33680.0,0.3053130637368216,False
06037310501,06,037,310501,Census Tract 3105.01; Los Angeles County; California,3582,519,189,172,5.28,0,14,0,14,0,19.79898987322333,0.0,19.79898987322333,,zero_estimate,0.0,0.0,77753.0,14039.0,0.18055894949391021,False
06037310601,06,037,310601,Census Tract 3106.01; Los Angeles County; California,6426,1061,795,374,12.37,80,103,10,17,90,104.39348638684312,0.0,194.3934863868431,1.1599276265204792,high_uncertainty,1.4,11.32,67500.0,21040.0,0.3117037037037037,False
06037310602,06,037,310602,Census Tract 3106.02; Los Angeles County; California,2651,374,323,193,12.18,59,59,0,14,59,60.63827174318213,0.0,119.63827174318213,1.0277673176810531,high_uncertainty,2.23,18.27,113917.0,44098.0,0.3871064020295478,False
06037310701,06,037,310701,Census Tract 3107.01; Los Angeles County; California,2315,368,93,81,4.02,4,7,0,14,4,15.652475842498529,0.0,19.65247584249853,3.913118960624632,high_uncertainty,0.17,4.3,29815.0,24168.0,0.8105986919335905,False
06037310703,06,037,310703,Census Tract 3107.03; Los Angeles County; California,5129,903,469,340,9.14,20,33,16,27,36,42.638011210655684,0.0,78.63801121065569,1.1843892002959913,high_uncertainty,0.7,7.68,67075.0,22880.0,0.34111069698099145,False
06037310704,06,037,310704,Census Tract 3107.04; Los Angeles County; California,4516,461,582,266,12.89,184,233,47,66,231,242.1672975444868,0.0,473.1672975444868,1.0483432794133627,high_uncertainty,5.12,39.69,63625.0,14225.0,0.22357563850687623,False
06037310705,06,037,310705,Census Tract 3107.05; Los Angeles County; California,2404,662,831,641,34.57,30,43,0,14,30,45.221676218380054,0.0,75.22167621838005,1.5073892072793351,high_uncertainty,1.25,3.61,42639.0,33449.0,0.7844696170172847,False
06037310800,06,037,310800,Census Tract 3108; Los Angeles County; California,5205,740,769,487,14.77,265,365,13,21,278,365.60361048545457,0.0,643.6036104854545,1.315120901026815,high_uncertainty,5.34,36.15,85185.0,42319.0,0.49678934084639315,False
06037310900,06,037,310900,Census Tract 3109; Los Angeles County; California,6720,733,1239,473,18.44,144,163,0,19,144,164.10362579784763,0.0,308.1036257978476,1.139608512485053,high_uncertainty,2.14,11.62,117292.0,37724.0,0.32162466323363914,False
06037311000,06,037,311000,Census Tract 3110; Los Angeles County; California,3768,448,628,246,16.67,126,132,14,22,140,133.82077566656082,6.17922433343918,273.82077566656085,0.9558626833325773,usable_with_caution,3.72,22.29,121000.0,23244.0,0.192099173553719,False
06037311100,06,037,311100,Census Tract 3111; Los Angeles County; California,3923,642,676,246,17.23,35,54,105,162,140,170.7629936490925,0.0,310.7629936490925,1.2197356689220893,high_uncertainty,3.57,20.71,99806.0,19780.0,0.19818447788710097,False
06037311200,06,037,311200,Census Tract 3112; Los Angeles County; California,3118,703,142,99,4.55,25,36,0,14,25,38.62641583165593,0.0,63.62641583165593,1.5450566332662374,high_uncertainty,0.8,17.61,96848.0,26817.0,0.2768978192631753,False
06037311300,06,037,311300,Census Tract 3113; Los Angeles County; California,3776,575,317,141,8.4,39,56,9,15,48,57.97413216254298,0.0,105.97413216254299,1.2077944200529787,high_uncertainty,1.27,15.14,119477.0,22554.0,0.18877273450120108,False
06037311400,06,037,311400,Census Tract 3114; Los Angeles County; California,2408,374,166,86,6.89,18,27,0,14,18,30.4138126514911,0.0,48.4138126514911,1.6896562584161723,high_uncertainty,0.75,10.84,133542.0,34558.0,0.25878000928546824,False
06037311500,06,037,311500,Census Tract 3115; Los Angeles County; California,6026,1127,739,384,12.26,54,64,17,27,71,69.46221994724903,1.5377800527509748,140.46221994724903,0.9783411260175919,usable_with_caution,1.18,9.61,137589.0,20781.0,0.15103678346379434,False
06037311601,06,037,311601,Census Tract 3116.01; Los Angeles County; California,2996,1460,429,205,14.32,132,110,0,14,132,110.8873302050329,21.112669794967104,242.8873302050329,0.8400555318563098,usable_with_caution,4.41,30.77,108563.0,36380.0,0.33510496209574164,False
06037311602,06,037,311602,Census Tract 3116.02; Los Angeles County; California,4618,621,674,344,14.6,266,227,0,14,266,227.43130831088317,38.56869168911683,493.4313083108832,0.8550049184619668,usable_with_caution,5.76,39.47,94646.0,13655.0,0.1442744542822729,False
06037311700,06,037,311700,Census Tract 3117; Los Angeles County; California,5763,773,523,188,9.08,112,140,0,19,112,141.2834031300209,0.0,253.2834031300209,1.2614589565180439,high_uncertainty,1.94,21.41,112917.0,18683.0,0.1654578141466741,False
06037311801,06,037,311801,Census Tract 3118.01; Los Angeles County; California,2811,463,74,55,2.63,24,29,0,14,24,32.202484376209235,0.0,56.202484376209235,1.3417701823420514,high_uncertainty,0.85,32.43,75772.0,11969.0,0.15796072427809746,False
06037311802,06,037,311802,Census Tract 3118.02; Los Angeles County; California,4081,776,334,223,8.18,42,59,0,14,42,60.63827174318213,0.0,102.63827174318213,1.4437683748376697,high_uncertainty,1.03,12.57,98626.0,10209.0,0.10351225843083973,False
06037320101,06,037,320101,Census Tract 3201.01; Los Angeles County; California,3385,495,85,133,2.51,0,14,0,14,0,19.79898987322333,0.0,19.79898987322333,,zero_estimate,0.0,0.0,115195.0,12100.0,0.1050392812188029,False
06037320102,06,037,320102,Census Tract 3201.02; Los Angeles County; California,3715,783,55,40,1.48,8,11,0,14,8,17.804493814764857,0.0,25.804493814764857,2.225561726845607,high_uncertainty,0.22,14.55,116917.0,65223.0,0.5578572833719647,False
06037320201,06,037,320201,Census Tract 3202.01; Los Angeles County; California,3939,1046,10,20,0.25,0,14,0,14,0,19.79898987322333,0.0,19.79898987322333,,zero_estimate,0.0,0.0,72443.0,21598.0,0.2981378463067515,False
06037320202,06,037,320202,Census Tract 3202.02; Los Angeles County; California,5863,898,43,57,0.73,0,19,0,19,0,26.870057685088806,0.0,26.870057685088806,,zero_estimate,0.0,0.0,98182.0,33118.0,0.3373123383104846,False
06037320300,06,037,320300,Census Tract 3203; Los Angeles County; California,6730,882,275,235,4.09,0,19,0,19,0,26.870057685088806,0.0,26.870057685088806,,zero_estimate,0.0,0.0,70792.0,18476.0,0.2609899423663691,False
06037400205,06,037,400205,Census Tract 4002.05; Los Angeles County; California,2482,319,383,196,15.43,158,136,29,33,187,139.94641831786907,47.053581682130925,326.9464183178691,0.7483765685447544,usable_with_caution,7.53,48.83,208906.0,23839.0,0.11411352474318594,False
06037400206,06,037,400206,Census Tract 4002.06; Los Angeles County; California,5199,710,826,133,15.89,347,166,50,46,397,172.2556240010758,224.7443759989242,569.2556240010758,0.43389325944855367,more_reliable,7.64,48.06,200833.0,25532.0,0.12713050146141322,False
06037400207,06,037,400207,Census Tract 4002.07; Los Angeles County; California,4618,598,505,172,10.94,237,147,0,14,237,147.6651617681029,89.3348382318971,384.6651617681029,0.6230597542957929,usable_with_caution,5.13,46.93,149052.0,28110.0,0.18859190081313904,False
06037400208,06,037,400208,Census Tract 4002.08; Los Angeles County; California,1382,205,63,59,4.56,52,58,0,14,52,59.665735560705194,0.0,111.6657355607052,1.147417991552023,high_uncertainty,3.76,82.54,147222.0,29427.0,0.19988181114235645,False
06037400209,06,037,400209,Census Tract 4002.09; Los Angeles County; California,4696,578,927,307,19.74,323,167,0,14,323,167.5857989210303,155.4142010789697,490.5857989210303,0.518841482727648,usable_with_caution,6.88,34.84,142917.0,73326.0,0.51306702491656,False
06037400304,06,037,400304,Census Tract 4003.04; Los Angeles County; California,8516,1023,1624,995,19.07,653,697,521,495,1174,854.8882967967219,319.1117032032781,2028.888296796722,0.7281842391794905,usable_with_caution,13.79,72.29,84457.0,23793.0,0.28171732360846347,False
06037400402,06,037,400402,Census Tract 4004.02; Los Angeles County; California,4324,668,784,224,18.13,345,147,50,68,395,161.9660458244258,233.0339541755742,556.9660458244258,0.4100406223403185,more_reliable,9.14,50.38,154707.0,17944.0,0.11598699477076022,False
06037400403,06,037,400403,Census Tract 4004.03; Los Angeles County; California,4222,773,388,122,9.19,134,71,15,26,149,75.61084578286372,73.38915421713628,224.61084578286372,0.5074553408245888,usable_with_caution,3.53,38.4,128750.0,27301.0,0.21204660194174757,False
06037400404,06,037,400404,Census Tract 4004.04; Los Angeles County; California,4246,551,877,400,20.65,100,77,0,14,100,78.26237921249263,21.737620787507367,178.26237921249265,0.7826237921249263,usable_with_caution,2.36,11.4,185088.0,40704.0,0.21991701244813278,False
06037400501,06,037,400501,Census Tract 4005.01; Los Angeles County; California,1839,271,258,125,14.03,120,70,5,8,125,70.45565981523414,54.54434018476586,195.45565981523413,0.5636452785218732,usable_with_caution,6.8,48.45,100625.0,75168.0,0.7470111801242236,False
06037400602,06,037,400602,Census Tract 4006.02; Los Angeles County; California,4366,571,217,127,4.97,56,54,0,14,56,55.78530272392541,0.21469727607458822,111.78530272392541,0.9961661200700966,usable_with_caution,1.28,25.81,84512.0,9934.0,0.11754543733434306,False
06037400603,06,037,400603,Census Tract 4006.03; Los Angeles County; California,4793,735,1355,466,28.27,525,314,19,38,544,316.29100524675056,227.70899475324944,860.2910052467505,0.5814172890565268,usable_with_caution,11.35,40.15,118704.0,34508.0,0.2907062946488745,False
06037400605,06,037,400605,Census Tract 4006.05; Los Angeles County; California,6904,641,2458,386,35.6,1101,339,75,84,1176,349.25205797532533,826.7479420246747,1525.2520579753254,0.2969830424960249,more_reliable,17.03,47.84,96920.0,24007.0,0.24769913330581922,False
06037400801,06,037,400801,Census Tract 4008.01; Los Angeles County; California,6825,603,1380,474,20.22,782,427,24,31,806,428.12381386697,377.87618613303,1234.12381386697,0.531170984946613,usable_with_caution,11.81,58.41,120156.0,19180.0,0.1596258197676354,False
06037401001,06,037,401001,Census Tract 4010.01; Los Angeles County; California,2605,303,304,162,11.67,78,67,76,121,154,138.31124321616085,15.688756783839153,292.31124321616085,0.8981249559490964,usable_with_caution,5.91,50.66,133571.0,21770.0,0.16298448016410746,False
06037401002,06,037,401002,Census Tract 4010.02; Los Angeles County; California,4553,650,180,91,3.95,40,45,9,14,49,47.12748667179272,1.8725133282072832,96.12748667179272,0.961785442281484,usable_with_caution,1.08,27.22,91981.0,10904.0,0.11854622150226678,False
06037401101,06,037,401101,Census Tract 4011.01; Los Angeles County; California,5547,892,426,248,7.68,132,119,97,145,229,187.57931655702342,41.42068344297658,416.5793165570234,0.8191236530874385,usable_with_caution,4.13,53.76,79488.0,8519.0,0.10717340982286634,False
06037401102,06,037,401102,Census Tract 4011.02; Los Angeles County; California,3854,645,362,105,9.39,100,76,0,14,100,77.27871634544663,22.721283654553375,177.27871634544664,0.7727871634544663,usable_with_caution,2.59,27.62,103616.0,24273.0,0.23425918777022853,False
06037401201,06,037,401201,Census Tract 4012.01; Los Angeles County; California,3502,781,312,229,8.91,199,179,0,14,199,179.5466513193716,19.45334868062841,378.54665131937156,0.902244478991817,usable_with_caution,5.68,63.78,146125.0,32391.0,0.22166638152266896,False
06037401202,06,037,401202,Census Tract 4012.02; Los Angeles County; California,4162,500,536,107,12.88,116,110,32,51,148,121.24768039018313,26.752319609816865,269.2476803901831,0.8192410837174536,usable_with_caution,3.56,27.61,110750.0,26857.0,0.24250112866817156,False
06037401203,06,037,401203,Census Tract 4012.03; Los Angeles County; California,4967,731,368,140,7.41,146,98,0,14,146,98.99494936611666,47.00505063388334,244.99494936611666,0.6780475983980593,usable_with_caution,2.94,39.67,101208.0,15177.0,0.14995850130424473,False
06037401303,06,037,401303,Census Tract 4013.03; Los Angeles County; California,2246,377,684,196,30.45,369,187,39,52,408,194.09533739891847,213.90466260108153,602.0953373989184,0.4757238661738198,more_reliable,18.17,59.65,161397.0,47972.0,0.29722981220220945,False
06037401304,06,037,401304,Census Tract 4013.04; Los Angeles County; California,4938,534,1218,454,24.67,618,335,141,199,759,389.6485596021112,369.3514403978888,1148.6485596021112,0.5133709612676037,usable_with_caution,15.37,62.32,139483.0,28751.0,0.20612547765677539,False
06037401311,06,037,401311,Census Tract 4013.11; Los Angeles County; California,6766,706,491,277,7.26,105,131,0,19,105,132.3706916201619,0.0,237.3706916201619,1.2606732535253513,high_uncertainty,1.55,21.38,92885.0,26117.0,0.28117564730580824,False
06037401312,06,037,401312,Census Tract 4013.12; Los Angeles County; California,4645,467,762,230,16.4,219,135,68,71,287,152.5319638633162,134.4680361366838,439.5319638633162,0.5314702573634711,usable_with_caution,6.18,37.66,87944.0,19543.0,0.22222095879195852,False
06037401500,06,037,401500,Census Tract 4015; Los Angeles County; California,5993,936,584,155,9.74,204,174,38,49,242,180.76780686836912,61.23219313163088,422.7678068683691,0.7469744085469798,usable_with_caution,4.04,41.44,89034.0,10870.0,0.12208819102814655,False
06037401601,06,037,401601,Census Tract 4016.01; Los Angeles County; California,5073,606,209,124,4.12,39,64,0,19,39,66.76076692189807,0.0,105.76076692189807,1.7118145364589248,high_uncertainty,0.77,18.66,100500.0,27642.0,0.275044776119403,False
06037401602,06,037,401602,Census Tract 4016.02; Los Angeles County; California,5344,701,446,181,8.35,114,104,13,19,127,105.72133181151285,21.278668188487146,232.72133181151287,0.8324514315867154,usable_with_caution,2.38,28.48,78487.0,16478.0,0.20994559608597602,False
06037401705,06,037,401705,Census Tract 4017.05; Los Angeles County; California,2596,266,132,108,5.08,23,32,33,54,56,62.76941930590086,0.0,118.76941930590087,1.1208824876053725,high_uncertainty,2.16,42.42,136071.0,18073.0,0.13282036583842258,False
06037401706,06,037,401706,Census Tract 4017.06; Los Angeles County; California,5106,632,634,380,12.42,89,75,22,46,111,87.98295289429652,23.017047105703483,198.98295289429652,0.7926392152639326,usable_with_caution,2.17,17.51,98620.0,21950.0,0.2225714865138917,False
06037401707,06,037,401707,Census Tract 4017.07; Los Angeles County; California,8178,1420,1182,387,14.45,427,220,54,90,481,237.69728648009425,243.30271351990575,718.6972864800942,0.4941731527652687,more_reliable,5.88,40.69,65389.0,12348.0,0.1888391013779076,False
06037401801,06,037,401801,Census Tract 4018.01; Los Angeles County; California,4496,730,913,472,20.31,237,142,98,132,335,193.8762491900439,141.1237508099561,528.8762491900438,0.5787350722090863,usable_with_caution,7.45,36.69,150682.0,32403.0,0.215042274458794,False
06037401802,06,037,401802,Census Tract 4018.02; Los Angeles County; California,3896,477,452,210,11.6,318,184,0,14,318,184.53184007102948,133.46815992897052,502.5318400710295,0.5802888052548096,usable_with_caution,8.16,70.35,156953.0,38170.0,0.2431938223544628,False
06037401901,06,037,401901,Census Tract 4019.01; Los Angeles County; California,4643,127,1304,192,28.09,537,138,48,44,585,144.84474446799925,440.15525553200075,729.8447444679992,0.24759785379145172,more_reliable,12.6,44.86,84375.0,13826.0,0.1638637037037037,False
06037401902,06,037,401902,Census Tract 4019.02; Los Angeles County; California,5896,819,521,333,8.84,92,68,0,19,92,70.60453243241541,21.39546756758459,162.6045324324154,0.7674405699175588,usable_with_caution,1.56,17.66,103017.0,15920.0,0.15453760059019386,False
06037402001,06,037,402001,Census Tract 4020.01; Los Angeles County; California,4389,664,640,187,14.58,155,142,38,48,193,149.89329538041386,43.10670461958614,342.89329538041386,0.776649198862248,usable_with_caution,4.4,30.16,64609.0,26688.0,0.41306938661796344,False
06037402002,06,037,402002,Census Tract 4020.02; Los Angeles County; California,3719,456,208,122,5.59,60,54,0,14,60,55.78530272392541,4.214697276074588,115.78530272392541,0.9297550453987569,usable_with_caution,1.61,28.85,104896.0,28351.0,0.2702772269676632,False
06037402101,06,037,402101,Census Tract 4021.01; Los Angeles County; California,4574,594,345,182,7.54,213,172,0,14,213,172.5688268488837,40.4311731511163,385.5688268488837,0.8101822856755103,usable_with_caution,4.66,61.74,119688.0,17788.0,0.14861974466947397,False
06037402102,06,037,402102,Census Tract 4021.02; Los Angeles County; California,4817,790,433,199,8.99,191,158,0,14,191,158.61904047118682,32.38095952881318,349.61904047118685,0.8304661804774179,usable_with_caution,3.97,44.11,100789.0,14266.0,0.14154322396293245,False
06037402200,06,037,402200,Census Tract 4022; Los Angeles County; California,7245,827,709,205,9.79,321,203,0,19,321,203.8872237291979,117.1127762708021,524.8872237291979,0.6351626907451648,usable_with_caution,4.43,45.28,86793.0,14229.0,0.1639417925408731,False
06037402301,06,037,402301,Census Tract 4023.01; Los Angeles County; California,5259,653,370,188,7.04,37,55,0,19,37,58.18934610390462,0.0,95.18934610390463,1.57268502983526,high_uncertainty,0.7,10.0,78808.0,17207.0,0.21834077758603188,False
06037402303,06,037,402303,Census Tract 4023.03; Los Angeles County; California,3698,570,236,148,6.38,51,56,0,14,51,57.723478758647246,0.0,108.72347875864725,1.1318329168362204,high_uncertainty,1.38,21.61,61657.0,18222.0,0.2955382195046791,False
06037402304,06,037,402304,Census Tract 4023.04; Los Angeles County; California,4046,774,208,140,5.14,34,41,0,14,34,43.32435804486894,0.0,77.32435804486894,1.2742458248490864,high_uncertainty,0.84,16.35,48393.0,10279.0,0.21240675304279544,False
06037402403,06,037,402403,Census Tract 4024.03; Los Angeles County; California,4826,800,255,107,5.28,93,56,0,14,93,57.723478758647246,35.276521241352754,150.72347875864725,0.6206825672972822,usable_with_caution,1.93,36.47,87536.0,7766.0,0.08871778468287334,False
06037402404,06,037,402404,Census Tract 4024.04; Los Angeles County; California,1224,168,309,72,25.25,97,83,15,17,112,84.72307831990054,27.276921680099463,196.72307831990054,0.7564560564276833,usable_with_caution,9.15,36.25,,,,False
06037402405,06,037,402405,Census Tract 4024.05; Los Angeles County; California,2551,275,99,80,3.88,49,46,0,14,49,48.08326112068523,0.9167388793147708,97.08326112068522,0.9812910432792904,usable_with_caution,1.92,49.49,112731.0,31091.0,0.27579813893250305,False
06037402406,06,037,402406,Census Tract 4024.06; Los Angeles County; California,4518,689,703,318,15.56,324,328,0,14,324,328.29864452964165,0.0,652.2986445296417,1.0132674213877828,high_uncertainty,7.17,46.09,78472.0,24028.0,0.3061983892343766,False
06037402501,06,037,402501,Census Tract 4025.01; Los Angeles County; California,5394,677,181,126,3.36,14,38,0,19,14,42.485291572496,0.0,56.485291572496,3.0346636837497143,high_uncertainty,0.26,7.73,57057.0,9753.0,0.17093432882906567,False
06037402503,06,037,402503,Census Tract 4025.03; Los Angeles County; California,4716,836,840,564,17.81,215,187,0,14,215,187.52333188166213,27.47666811833787,402.5233318816621,0.8722015436356378,usable_with_caution,4.56,25.6,66364.0,14085.0,0.2122385630763667,False
06037402504,06,037,402504,Census Tract 4025.04; Los Angeles County; California,2267,313,493,207,21.75,257,166,8,12,265,166.43316977093238,98.56683022906762,431.4331697709324,0.6280496972488014,usable_with_caution,11.69,53.75,38667.0,14688.0,0.3798587943207386,False
06037402601,06,037,402601,Census Tract 4026.01; Los Angeles County; California,2921,499,116,77,3.97,0,14,0,14,0,19.79898987322333,0.0,19.79898987322333,,zero_estimate,0.0,0.0,86250.0,19163.0,0.22217971014492754,False
06037402602,06,037,402602,Census Tract 4026.02; Los Angeles County; California,4498,756,427,217,9.49,77,91,0,14,77,92.07062506576133,0.0,169.07062506576133,1.195722403451446,high_uncertainty,1.71,18.03,62410.0,6687.0,0.1071462906585483,False
06037402702,06,037,402702,Census Tract 4027.02; Los Angeles County; California,5009,598,175,218,3.49,0,19,0,19,0,26.870057685088806,0.0,26.870057685088806,,zero_estimate,0.0,0.0,53319.0,3385.0,0.06348581181192446,False
06037402703,06,037,402703,Census Tract 4027.03; Los Angeles County; California,5443,1445,645,273,11.85,197,119,11,17,208,120.20815280171308,87.79184719828692,328.2081528017131,0.5779238115466975,usable_with_caution,3.82,32.25,90302.0,33260.0,0.3683196385462116,False
06037402705,06,037,402705,Census Tract 4027.05; Los Angeles County; California,3704,477,310,160,8.37,94,67,0,14,94,68.4470598345904,25.552940165409595,162.4470598345904,0.7281602110062809,usable_with_caution,2.54,30.32,115000.0,9218.0,0.08015652173913043,False
06037402706,06,037,402706,Census Tract 4027.06; Los Angeles County; California,3311,462,198,160,5.98,54,55,0,14,54,56.753854494650845,0.0,110.75385449465085,1.0509973054564972,high_uncertainty,1.63,27.27,106534.0,36663.0,0.34414365366925115,False
06037402801,06,037,402801,Census Tract 4028.01; Los Angeles County; California,4623,748,247,245,5.34,49,80,0,14,49,81.21576201698781,0.0,130.2157620169878,1.6574645309589349,high_uncertainty,1.06,19.84,54404.0,18006.0,0.33096831115359165,False
06037402803,06,037,402803,Census Tract 4028.03; Los Angeles County; California,3341,531,46,57,1.38,38,55,0,14,38,56.753854494650845,0.0,94.75385449465085,1.4935224867013381,high_uncertainty,1.14,82.61,88403.0,15488.0,0.1751976742870717,False
06037402804,06,037,402804,Census Tract 4028.04; Los Angeles County; California,4217,656,280,116,6.64,136,116,0,14,136,116.84177335182824,19.158226648171762,252.84177335182824,0.8591306864105017,usable_with_caution,3.23,48.57,66016.0,11829.0,0.1791838342220068,False
06037402902,06,037,402902,Census Tract 4029.02; Los Angeles County; California,6882,928,759,327,11.03,510,302,0,19,510,302.59709185648165,207.40290814351835,812.5970918564817,0.5933276310911405,usable_with_caution,7.41,67.19,88470.0,3727.0,0.04212727478241212,False
06037402903,06,037,402903,Census Tract 4029.03; Los Angeles County; California,3931,362,587,263,14.93,292,160,0,14,292,160.61133210331082,131.38866789668918,452.6113321033108,0.5500388085729823,usable_with_caution,7.43,49.74,79688.0,34128.0,0.4282702539905632,False
06037402904,06,037,402904,Census Tract 4029.04; Los Angeles County; California,3636,509,82,56,2.26,56,46,0,14,56,48.08326112068523,7.916738879314771,104.08326112068522,0.8586296628693791,usable_with_caution,1.54,68.29,91580.0,20750.0,0.2265778554269491,False
06037403000,06,037,403000,Census Tract 4030; Los Angeles County; California,6471,824,571,213,8.82,217,173,0,19,217,174.04022523543227,42.959774764567726,391.0402252354323,0.8020286877208861,usable_with_caution,3.35,38.0,102885.0,25486.0,0.24771346649171405,False
06037403305,06,037,403305,Census Tract 4033.05; Los Angeles County; California,2308,294,1805,322,78.21,1002,339,12,17,1014,339.42598604113977,674.5740139588602,1353.4259860411398,0.33473963120427985,more_reliable,43.93,56.18,119145.0,27693.0,0.23243107138360822,False
06037403316,06,037,403316,Census Tract 4033.16; Los Angeles County; California,6890,908,3168,598,45.98,1365,493,28,56,1393,496.17033365569125,896.8296663443087,1889.1703336556911,0.3561883227966197,more_reliable,20.22,43.97,93151.0,18352.0,0.19701345127803244,False
06037403317,06,037,403317,Census Tract 4033.17; Los Angeles County; California,5090,589,1525,247,29.96,523,199,55,63,578,208.73428084528905,369.26571915471095,786.734280845289,0.3611319737807769,more_reliable,11.36,37.9,126083.0,21833.0,0.17316370961985358,False
06037403318,06,037,403318,Census Tract 4033.18; Los Angeles County; California,5894,591,2521,655,42.77,867,416,125,127,992,434.95402055849536,557.0459794415046,1426.9540205584954,0.4384617142726768,more_reliable,16.83,39.35,118478.0,29403.0,0.24817265652695014,False
06037403319,06,037,403319,Census Tract 4033.19; Los Angeles County; California,4319,602,2254,298,52.19,720,247,132,83,852,260.5724467398654,591.4275532601346,1112.5724467398654,0.30583620509373877,more_reliable,19.73,37.8,93211.0,9457.0,0.10145798242696677,False
06037403320,06,037,403320,Census Tract 4033.20; Los Angeles County; California,5400,742,3790,722,70.19,2022,404,199,127,2221,423.49144029130036,1797.5085597086995,2644.4914402913005,0.1906760199420533,more_reliable,41.13,58.6,126059.0,29518.0,0.23416019482940528,False
06037403321,06,037,403321,Census Tract 4033.21; Los Angeles County; California,4927,594,2723,469,55.27,1159,342,165,173,1324,383.2662260100673,940.7337739899326,1707.2662260100674,0.28947600151817776,more_reliable,26.87,48.62,117222.0,22980.0,0.1960382863285049,False
06037403323,06,037,403323,Census Tract 4033.23; Los Angeles County; California,5331,678,3465,699,65.0,1557,426,430,406,1987,588.4827949906437,1398.5172050093563,2575.482794990644,0.29616647961280507,more_reliable,37.27,57.34,89828.0,23859.0,0.26560760564634633,False
06037403324,06,037,403324,Census Tract 4033.24; Los Angeles County; California,6418,835,4480,673,69.8,2715,706,229,231,2944,742.8303978702003,2201.1696021298,3686.8303978702,0.25232010797221477,more_reliable,45.87,65.71,114547.0,33557.0,0.29295398395418476,False
06037403325,06,037,403325,Census Tract 4033.25; Los Angeles County; California,4706,519,3502,473,74.42,2408,495,327,193,2735,531.2946451828777,2203.7053548171225,3266.2946451828775,0.19425763992061343,more_reliable,58.12,78.1,111445.0,14257.0,0.12792857463322715,False
06037403326,06,037,403326,Census Tract 4033.26; Los Angeles County; California,2350,301,1278,231,54.38,815,215,4,6,819,215.08370463612533,603.9162953638747,1034.0837046361253,0.26261746597817504,more_reliable,34.85,64.08,135375.0,16325.0,0.1205909510618652,False
06037403327,06,037,403327,Census Tract 4033.27; Los Angeles County; California,2402,264,996,211,41.47,478,191,70,83,548,208.25465180878913,339.74534819121084,756.2546518087892,0.38002673687735244,more_reliable,22.81,55.02,121935.0,16767.0,0.1375076885225735,False
06037403328,06,037,403328,Census Tract 4033.28; Los Angeles County; California,5347,493,3515,537,65.74,2126,513,212,139,2338,531.4978833447975,1806.5021166552024,2869.4978833447976,0.22733014685406225,more_reliable,43.73,66.51,100521.0,24899.0,0.24769948567960923,False
06037403401,06,037,403401,Census Tract 4034.01; Los Angeles County; California,4705,554,2895,560,61.53,1540,449,211,204,1751,493.1703559623186,1257.8296440376814,2244.1703559623184,0.28165068872776616,more_reliable,37.22,60.48,114231.0,16879.0,0.14776199105321672,False
06037403402,06,037,403402,Census Tract 4034.02; Los Angeles County; California,3241,381,1991,499,61.43,1085,342,137,112,1222,359.87219953755806,862.1278004624419,1581.8721995375581,0.2944944349734518,more_reliable,37.7,61.38,126625.0,22799.0,0.1800513326752221,False
06037403403,06,037,403403,Census Tract 4034.03; Los Angeles County; California,5061,535,3809,495,75.26,2333,414,321,186,2654,453.86341557785863,2200.1365844221414,3107.8634155778586,0.17101108348826624,more_reliable,52.44,69.68,140795.0,32277.0,0.22924819773429453,False
06037403404,06,037,403404,Census Tract 4034.04; Los Angeles County; California,2114,286,1395,217,65.99,896,216,139,94,1035,235.5674001214939,799.4325998785062,1270.5674001214938,0.22760135277439025,more_reliable,48.96,74.19,173289.0,34814.0,0.20090138439254657,False
06037403407,06,037,403407,Census Tract 4034.07; Los Angeles County; California,2368,306,1859,305,78.51,1333,259,328,226,1661,343.7397271192261,1317.260272880774,2004.739727119226,0.20694745762746905,more_reliable,70.14,89.35,156552.0,30020.0,0.19175737135264959,False
06037403408,06,037,403408,Census Tract 4034.08; Los Angeles County; California,6156,627,4714,659,76.58,1943,669,310,178,2253,692.275234281857,1560.7247657181429,2945.275234281857,0.3072681909817386,more_reliable,36.6,47.79,129934.0,39976.0,0.30766389089845614,False
06037403409,06,037,403409,Census Tract 4034.09; Los Angeles County; California,3966,399,2488,333,62.73,1099,272,130,109,1229,293.027302482209,935.972697517791,1522.027302482209,0.23842742268690723,more_reliable,30.99,49.4,128654.0,30386.0,0.23618387302376917,False
06037403500,06,037,403500,Census Tract 4035; Los Angeles County; California,1414,267,509,188,36.0,259,170,33,29,292,172.45579143653018,119.54420856346982,464.45579143653015,0.5906020254675691,usable_with_caution,20.65,57.37,114306.0,23230.0,0.20322642730915264,False
06037403601,06,037,403601,Census Tract 4036.01; Los Angeles County; California,6713,1147,835,391,12.44,247,175,0,19,247,176.0284067984483,70.97159320155171,423.02840679844826,0.7126656145686165,usable_with_caution,3.68,29.58,119471.0,33588.0,0.2811393559943417,False
06037403702,06,037,403702,Census Tract 4037.02; Los Angeles County; California,4281,670,765,171,17.87,381,175,0,14,381,175.55910685578235,205.44089314421765,556.5591068557824,0.4607850573642581,more_reliable,8.9,49.8,124643.0,26291.0,0.21093041727172807,False
06037403703,06,037,403703,Census Tract 4037.03; Los Angeles County; California,4848,707,877,336,18.09,393,248,0,14,393,248.39484696748443,144.60515303251557,641.3948469674845,0.6320479566602657,usable_with_caution,8.11,44.81,120875.0,17082.0,0.14131954498448812,False
06037403721,06,037,403721,Census Tract 4037.21; Los Angeles County; California,5669,893,636,227,11.22,269,133,0,19,269,134.35028842544403,134.64971157455597,403.35028842544403,0.49944345139570273,more_reliable,4.75,42.3,88000.0,18875.0,0.21448863636363635,False
06037403722,06,037,403722,Census Tract 4037.22; Los Angeles County; California,5564,725,736,270,13.23,307,187,0,19,307,187.9627622695517,119.03723773044831,494.9627622695517,0.6122565546239469,usable_with_caution,5.52,41.71,80121.0,19870.0,0.24799990015102158,False
06037403801,06,037,403801,Census Tract 4038.01; Los Angeles County; California,5529,729,1137,444,20.56,249,167,0,19,249,168.0773631397161,80.92263686028389,417.0773631397161,0.6750094905209483,usable_with_caution,4.5,21.9,91683.0,12814.0,0.13976418747205044,False
06037403802,06,037,403802,Census Tract 4038.02; Los Angeles County; California,5749,801,497,139,8.64,233,195,12,18,245,195.82900704441107,49.17099295558893,440.82900704441107,0.7993020695690248,usable_with_caution,4.26,49.3,87438.0,10338.0,0.11823234749193715,False
06037403901,06,037,403901,Census Tract 4039.01; Los Angeles County; California,2862,269,318,132,11.11,70,66,46,46,116,80.44874144447506,35.55125855552494,196.44874144447505,0.6935236331420264,usable_with_caution,4.05,36.48,128459.0,14306.0,0.11136627250718129,False
06037403902,06,037,403902,Census Tract 4039.02; Los Angeles County; California,5265,828,807,377,15.33,366,360,0,19,366,360.50104022041324,5.498959779586755,726.5010402204132,0.9849755197279051,usable_with_caution,6.95,45.35,88571.0,15338.0,0.17317180567002743,False
06037404000,06,037,404000,Census Tract 4040; Los Angeles County; California,4398,657,561,451,12.76,234,325,0,14,234,325.3013987058771,0.0,559.3013987058771,1.3901769175464833,high_uncertainty,5.32,41.71,112159.0,15472.0,0.1379470216389233,False
06037404100,06,037,404100,Census Tract 4041; Los Angeles County; California,6336,827,429,266,6.77,20,27,0,19,20,33.015148038438355,0.0,53.015148038438355,1.6507574019219178,high_uncertainty,0.32,4.66,92361.0,18056.0,0.19549376901506046,False
06037404201,06,037,404201,Census Tract 4042.01; Los Angeles County; California,3562,471,359,230,10.08,203,228,29,43,232,232.01939574095957,0.0,464.01939574095957,1.0000836023317223,high_uncertainty,6.51,64.62,76389.0,10530.0,0.13784707222244041,False
06037404203,06,037,404203,Census Tract 4042.03; Los Angeles County; California,3948,623,486,134,12.31,200,101,34,36,234,107.2240644631605,126.7759355368395,341.2240644631605,0.45822249770581414,more_reliable,5.93,48.15,76837.0,10177.0,0.13244921066673607,False
06037404301,06,037,404301,Census Tract 4043.01; Los Angeles County; California,6226,897,194,126,3.12,16,19,0,19,16,26.870057685088806,0.0,42.87005768508881,1.6793786053180504,high_uncertainty,0.26,8.25,84295.0,20815.0,0.24693042291950887,False
06037404302,06,037,404302,Census Tract 4043.02; Los Angeles County; California,2347,335,63,46,2.68,10,11,0,14,10,17.804493814764857,0.0,27.804493814764857,1.7804493814764857,high_uncertainty,0.43,15.87,104779.0,34154.0,0.32596226343064927,False
06037404401,06,037,404401,Census Tract 4044.01; Los Angeles County; California,3808,640,107,75,2.81,0,14,0,14,0,19.79898987322333,0.0,19.79898987322333,,zero_estimate,0.0,0.0,86069.0,13809.0,0.16044104148996735,False
06037404402,06,037,404402,Census Tract 4044.02; Los Angeles County; California,4673,640,453,115,9.69,44,59,43,89,87,106.78014796768171,0.0,193.78014796768173,1.227358022617031,high_uncertainty,1.86,19.21,96616.0,12352.0,0.1278463194501946,False
06037404501,06,037,404501,Census Tract 4045.01; Los Angeles County; California,2569,484,198,126,7.71,24,25,0,14,24,28.653097563788805,0.0,52.653097563788805,1.1938790651578668,high_uncertainty,0.93,12.12,57875.0,11007.0,0.19018574514038877,False
06037404503,06,037,404503,Census Tract 4045.03; Los Angeles County; California,3061,345,515,144,16.82,138,81,0,14,138,82.20097323024831,55.79902676975169,220.2009732302483,0.5956592263061472,usable_with_caution,4.51,26.8,99665.0,15760.0,0.15812973461094668,False
06037404504,06,037,404504,Census Tract 4045.04; Los Angeles County; California,4856,758,722,489,14.87,179,138,29,45,208,145.15164484083533,62.84835515916467,353.15164484083533,0.6978444463501698,usable_with_caution,4.28,28.81,84954.0,10145.0,0.11941756715398921,False
06037404600,06,037,404600,Census Tract 4046; Los Angeles County; California,1377,163,24,19,1.74,0,14,0,14,0,19.79898987322333,0.0,19.79898987322333,,zero_estimate,0.0,0.0,114167.0,17706.0,0.15508859828146487,False
06037404701,06,037,404701,Census Tract 4047.01; Los Angeles County; California,5362,708,994,210,18.54,522,200,0,19,522,200.90047287151916,321.0995271284809,722.9004728715191,0.3848668062672781,more_reliable,9.74,52.52,75117.0,12927.0,0.17209153720196493,False
06037404702,06,037,404702,Census Tract 4047.02; Los Angeles County; California,4945,619,1352,391,27.34,855,359,73,112,928,376.06515392947534,551.9348460705246,1304.0651539294754,0.40524262276883116,more_reliable,18.77,68.64,79063.0,16458.0,0.20816311043092217,False
06037404703,06,037,404703,Census Tract 4047.03; Los Angeles County; California,3172,498,641,310,20.21,301,185,0,14,301,185.52897347853784,115.47102652146216,486.52897347853786,0.616375327171222,usable_with_caution,9.49,46.96,91719.0,28387.0,0.3094996674625759,False
06037404804,06,037,404804,Census Tract 4048.04; Los Angeles County; California,4333,466,1066,370,24.6,529,273,63,78,592,283.9242856819402,308.0757143180598,875.9242856819402,0.4796018339221963,more_reliable,13.66,55.53,79767.0,9984.0,0.12516454172778216,False
06037404805,06,037,404805,Census Tract 4048.05; Los Angeles County; California,2859,550,791,333,27.67,263,96,0,14,263,97.01546268507923,165.98453731492077,360.0154626850792,0.3688800862550541,more_reliable,9.2,33.25,65580.0,5426.0,0.08273863982921623,False
06037404806,06,037,404806,Census Tract 4048.06; Los Angeles County; California,6207,822,1061,268,17.09,487,253,34,35,521,255.4094751570505,265.5905248429495,776.4094751570506,0.49022931891948274,more_reliable,8.39,49.1,73274.0,13251.0,0.18084177197914678,False
06037404901,06,037,404901,Census Tract 4049.01; Los Angeles County; California,4898,878,1058,530,21.6,433,330,0,14,433,330.2968361943541,102.70316380564589,763.2968361943541,0.7628102452525499,usable_with_caution,8.84,40.93,98281.0,39359.0,0.4004741506496678,False
06037404902,06,037,404902,Census Tract 4049.02; Los Angeles County; California,3095,375,948,212,30.63,460,152,15,23,475,153.73028328862208,321.2697167113779,628.7302832886221,0.323642701660257,more_reliable,15.35,50.11,74706.0,14893.0,0.19935480416566273,False
06037404903,06,037,404903,Census Tract 4049.03; Los Angeles County; California,2667,283,776,205,29.1,351,200,13,21,364,201.0994778710278,162.9005221289722,565.0994778710278,0.5524710930522742,usable_with_caution,13.65,46.91,89375.0,19842.0,0.22200839160839161,False
06037405001,06,037,405001,Census Tract 4050.01; Los Angeles County; California,5218,621,1038,478,19.89,113,68,0,19,113,70.60453243241541,42.39546756758459,183.6045324324154,0.6248188710833222,usable_with_caution,2.17,10.89,81801.0,6783.0,0.08292074669013826,False
06037405002,06,037,405002,Census Tract 4050.02; Los Angeles County; California,2935,534,485,120,16.52,304,123,9,15,313,123.9112585683803,189.0887414316197,436.9112585683803,0.39588261523444185,more_reliable,10.66,64.54,74605.0,27057.0,0.36267006232826215,False
06037405101,06,037,405101,Census Tract 4051.01; Los Angeles County; California,5403,932,1538,751,28.47,691,292,110,177,801,341.45717154571525,459.54282845428475,1142.4571715457153,0.4262886036775471,more_reliable,14.83,52.08,89457.0,18791.0,0.21005622813195166,False
06037405102,06,037,405102,Census Tract 4051.02; Los Angeles County; California,5110,543,1267,308,24.79,678,288,7,11,685,288.20999288713085,396.79000711286915,973.2099928871309,0.42074451516369465,more_reliable,13.41,54.06,80234.0,14655.0,0.18265323927512028,False
06037405201,06,037,405201,Census Tract 4052.01; Los Angeles County; California,5232,721,822,219,15.71,230,160,10,16,240,160.79800993793424,79.20199006206576,400.79800993793424,0.669991708074726,usable_with_caution,4.59,29.2,79934.0,10908.0,0.13646258162984462,False
06037405202,06,037,405202,Census Tract 4052.02; Los Angeles County; California,4519,777,972,231,21.51,309,213,0,14,309,213.45959805077868,95.54040194922132,522.4595980507787,0.6908077606821317,usable_with_caution,6.84,31.79,69681.0,8758.0,0.12568705960017795,False
06037405203,06,037,405203,Census Tract 4052.03; Los Angeles County; California,2804,306,680,153,24.25,331,115,0,14,331,115.84903970253703,215.15096029746297,446.849039702537,0.34999709879920554,more_reliable,11.8,48.68,91438.0,23660.0,0.2587545659353879,False
06037405301,06,037,405301,Census Tract 4053.01; Los Angeles County; California,3053,403,803,320,26.3,198,132,0,14,198,132.74034804836094,65.25965195163906,330.74034804836094,0.6704057982240451,usable_with_caution,6.49,24.66,92664.0,13761.0,0.1485042735042735,False
06037405302,06,037,405302,Census Tract 4053.02; Los Angeles County; California,5927,788,1116,236,18.83,770,201,0,19,770,201.89601283829256,568.1039871617074,971.8960128382926,0.2622026140757046,more_reliable,12.99,69.0,104138.0,20061.0,0.19263861414661315,False
06037405400,06,037,405400,Census Tract 4054; Los Angeles County; California,4945,642,672,212,13.59,93,75,0,14,93,76.2954782408499,16.704521759150097,169.2954782408499,0.8203814864607516,usable_with_caution,1.88,13.84,106500.0,24027.0,0.2256056338028169,False
06037405500,06,037,405500,Census Tract 4055; Los Angeles County; California,6161,956,1257,458,20.4,425,153,0,19,425,154.17522498767434,270.82477501232563,579.1752249876744,0.3627652352651161,more_reliable,6.9,33.81,102054.0,25513.0,0.2499951006329982,False
06037405600,06,037,405600,Census Tract 4056; Los Angeles County; California,5753,792,1298,335,22.56,526,299,33,51,559,303.3183146465112,255.68168535348877,862.3183146465112,0.5426087918542241,usable_with_caution,9.72,43.07,103188.0,27456.0,0.2660774508663798,False
06037405701,06,037,405701,Census Tract 4057.01; Los Angeles County; California,3829,613,878,575,22.93,247,178,11,18,258,178.90779748239035,79.09220251760965,436.9077974823904,0.6934410755131409,usable_with_caution,6.74,29.38,79650.0,33554.0,0.42126804770872567,False
06037405702,06,037,405702,Census Tract 4057.02; Los Angeles County; California,5333,810,1259,448,23.61,835,382,22,39,857,383.98567681620625,473.01432318379375,1240.9856768162063,0.44805796594656505,more_reliable,16.07,68.07,95441.0,14697.0,0.15399042340294003,False
06037405800,06,037,405800,Census Tract 4058; Los Angeles County; California,5702,931,881,495,15.45,603,484,8,14,611,484.20243700336744,126.79756299663256,1095.2024370033673,0.7924753469776881,usable_with_caution,10.72,69.35,93750.0,19948.0,0.21277866666666667,False
06037405900,06,037,405900,Census Tract 4059; Los Angeles County; California,4627,547,671,186,14.5,238,159,32,40,270,163.95426191471816,106.04573808528184,433.95426191471813,0.6072380070915487,usable_with_caution,5.84,40.24,118358.0,8810.0,0.07443518815796143,False
06037406000,06,037,406000,Census Tract 4060; Los Angeles County; California,5355,778,591,133,11.04,61,58,0,19,61,61.032778078668514,0.0,122.03277807866851,1.0005373455519428,high_uncertainty,1.14,10.32,114728.0,12410.0,0.10816888640959486,False
06037406101,06,037,406101,Census Tract 4061.01; Los Angeles County; California,3269,551,212,104,6.49,105,74,0,14,105,75.31268153505093,29.687318464949072,180.31268153505093,0.7172636336671517,usable_with_caution,3.21,49.53,88786.0,19086.0,0.21496632351947378,False
06037406103,06,037,406103,Census Tract 4061.03; Los Angeles County; California,7285,957,886,235,12.16,149,205,27,29,176,207.04105872990507,0.0,383.0410587299051,1.1763696518744606,high_uncertainty,2.42,19.86,95118.0,13399.0,0.14086713345528712,False
06037406201,06,037,406201,Census Tract 4062.01; Los Angeles County; California,3321,565,583,214,17.55,104,110,0,14,104,110.8873302050329,0.0,214.8873302050329,1.066224328894547,high_uncertainty,3.13,17.84,56786.0,13874.0,0.2443207832916564,False
06037406300,06,037,406300,Census Tract 4063; Los Angeles County; California,5633,567,2213,446,39.29,1265,331,227,193,1492,383.15793088490284,1108.8420691150973,1875.1579308849027,0.2568082646681654,more_reliable,26.49,67.42,102638.0,15579.0,0.15178588826750328,False
06037406413,06,037,406413,Census Tract 4064.13; Los Angeles County; California,7065,713,1994,373,28.22,886,287,76,97,962,302.9488405655318,659.0511594344682,1264.9488405655318,0.314915634683505,more_reliable,13.62,48.24,106551.0,18159.0,0.17042543007573838,False
06037406500,06,037,406500,Census Tract 4065; Los Angeles County; California,8016,979,2437,840,30.4,1151,655,71,112,1222,664.506583865051,557.493416134949,1886.506583865051,0.5437860751759828,usable_with_caution,15.24,50.14,104800.0,13787.0,0.13155534351145037,False
06037406601,06,037,406601,Census Tract 4066.01; Los Angeles County; California,5080,540,1649,433,32.46,1121,454,20,31,1141,455.05713926934493,685.9428607306551,1596.057139269345,0.3988230843727826,more_reliable,22.46,69.19,133500.0,28243.0,0.21155805243445694,False
06037406602,06,037,406602,Census Tract 4066.02; Los Angeles County; California,4564,834,1010,171,22.13,333,157,7,11,340,157.3848785620779,182.6151214379221,497.3848785620779,0.46289670165317026,more_reliable,7.45,33.66,91641.0,27411.0,0.2991128425049923,False
06037406701,06,037,406701,Census Tract 4067.01; Los Angeles County; California,3058,681,571,159,18.67,154,118,34,59,188,131.9280106724876,56.0719893275124,319.92801067248763,0.7017447376196149,usable_with_caution,6.15,32.92,95260.0,17319.0,0.1818076842326265,False
06037406702,06,037,406702,Census Tract 4067.02; Los Angeles County; California,6885,898,2241,778,32.55,593,258,66,107,659,279.30807363912703,379.69192636087297,938.3080736391271,0.4238362270699955,more_reliable,9.57,29.41,90349.0,4738.0,0.052441089552734396,False
06037406801,06,037,406801,Census Tract 4068.01; Los Angeles County; California,4756,678,1066,260,22.41,498,297,16,27,514,298.22474746405607,215.77525253594393,812.224747464056,0.580203788840576,usable_with_caution,10.81,48.22,103804.0,18447.0,0.1777099148395052,False
06037406903,06,037,406903,Census Tract 4069.03; Los Angeles County; California,7988,962,1277,265,15.99,490,349,0,19,490,349.516809323958,140.483190676042,839.516809323958,0.7132996108652204,usable_with_caution,6.13,38.37,82856.0,22620.0,0.27300376556918027,False
06037407001,06,037,407001,Census Tract 4070.01; Los Angeles County; California,5425,760,587,313,10.82,360,254,0,19,360,254.70963860835735,105.29036139164265,614.7096386083574,0.7075267739121037,usable_with_caution,6.64,61.33,87600.0,5736.0,0.06547945205479452,False
06037407002,06,037,407002,Census Tract 4070.02; Los Angeles County; California,3639,478,565,139,15.53,179,118,7,20,186,119.68291440301745,66.31708559698255,305.68291440301743,0.6434565290484809,usable_with_caution,5.11,32.92,118516.0,15981.0,0.1348425529042492,False
06037407101,06,037,407101,Census Tract 4071.01; Los Angeles County; California,4155,650,407,159,9.8,294,162,0,14,294,162.60381299342276,131.39618700657724,456.60381299342276,0.5530741938551794,usable_with_caution,7.08,72.24,68333.0,31533.0,0.4614607876135981,False
06037407102,06,037,407102,Census Tract 4071.02; Los Angeles County; California,5487,572,585,193,10.66,258,184,0,19,258,184.97837711473198,73.02162288526802,442.978377114732,0.7169704539330697,usable_with_caution,4.7,44.1,96645.0,30578.0,0.3163950540638419,False
06037407201,06,037,407201,Census Tract 4072.01; Los Angeles County; California,3316,527,405,248,12.21,212,107,0,14,212,107.91200118615167,104.08799881384833,319.91200118615166,0.5090188735195833,usable_with_caution,6.39,52.35,136063.0,26479.0,0.19460837994164468,False
06037407202,06,037,407202,Census Tract 4072.02; Los Angeles County; California,3132,554,349,145,11.14,247,158,0,14,247,158.61904047118682,88.38095952881318,405.61904047118685,0.6421823500857766,usable_with_caution,7.89,70.77,96125.0,44459.0,0.4625123537061118,False
06037407301,06,037,407301,Census Tract 4073.01; Los Angeles County; California,3706,537,869,286,23.45,324,221,0,14,324,221.44299492194375,102.55700507805625,545.4429949219438,0.6834660337097029,usable_with_caution,8.74,37.28,78167.0,21935.0,0.28061714022541484,False
06037407302,06,037,407302,Census Tract 4073.02; Los Angeles County; California,3716,819,410,177,11.03,192,153,4,8,196,153.20900756809309,42.790992431906915,349.20900756809306,0.7816786100412912,usable_with_caution,5.27,47.8,92396.0,21283.0,0.2303454695008442,False
06037407400,06,037,407400,Census Tract 4074; Los Angeles County; California,1744,349,599,245,34.35,198,129,47,71,245,147.24808997063425,97.75191002936575,392.2480899706343,0.6010126121250378,usable_with_caution,14.05,40.9,128933.0,15789.0,0.12245895154847866,False
06037407501,06,037,407501,Census Tract 4075.01; Los Angeles County; California,4175,668,1104,566,26.44,848,501,0,14,848,501.19557061091433,346.80442938908567,1349.1955706109143,0.5910325125128707,usable_with_caution,20.31,76.81,76424.0,30222.0,0.39545169056840784,False
06037407502,06,037,407502,Census Tract 4075.02; Los Angeles County; California,3622,402,428,187,11.82,163,149,7,11,170,149.40548852033515,20.594511479664845,319.40548852033515,0.8788558148255009,usable_with_caution,4.69,39.72,115061.0,7479.0,0.065000304186475,False
06037407601,06,037,407601,Census Tract 4076.01; Los Angeles County; California,4182,700,495,220,11.84,173,157,0,14,173,157.62296786953354,15.37703213046646,330.62296786953357,0.9111154212111765,usable_with_caution,4.14,34.95,75370.0,9277.0,0.12308610853124585,False
06037407602,06,037,407602,Census Tract 4076.02; Los Angeles County; California,4086,554,456,142,11.16,320,145,0,14,320,145.67429423202984,174.32570576797016,465.67429423202987,0.45523216947509326,more_reliable,7.83,70.18,105240.0,16864.0,0.16024325351577348,False
06037407701,06,037,407701,Census Tract 4077.01; Los Angeles County; California,4311,469,703,217,16.31,318,175,36,64,354,186.33571852975479,167.66428147024521,540.3357185297548,0.5263720862422452,usable_with_caution,8.21,50.36,56950.0,25347.0,0.4450746268656716,False
06037407702,06,037,407702,Census Tract 4077.02; Los Angeles County; California,6642,830,1480,453,22.28,657,265,47,51,704,269.8629281690985,434.1370718309015,973.8629281690985,0.38332802296746943,more_reliable,10.6,47.57,93388.0,30451.0,0.32606973058637084,False
06037407801,06,037,407801,Census Tract 4078.01; Los Angeles County; California,4822,826,1038,357,21.53,321,229,14,22,335,230.05434140654683,104.94565859345317,565.0543414065469,0.6867293773329756,usable_with_caution,6.95,32.27,96809.0,38958.0,0.4024212624859259,False
06037407802,06,037,407802,Census Tract 4078.02; Los Angeles County; California,3218,363,703,380,21.85,433,259,14,14,447,259.37810239108467,187.62189760891533,706.3781023910847,0.5802642111657376,usable_with_caution,13.89,63.58,118594.0,19808.0,0.16702362682766414,False
06037407901,06,037,407901,Census Tract 4079.01; Los Angeles County; California,4195,869,546,132,13.02,136,106,48,76,184,130.43005788544295,53.56994211455705,314.4300578854429,0.7088590102469725,usable_with_caution,4.39,33.7,111615.0,37700.0,0.33776822111723337,False
06037407902,06,037,407902,Census Tract 4079.02; Los Angeles County; California,1643,277,852,310,51.86,302,243,51,70,353,252.8813951242756,100.1186048757244,605.8813951242756,0.7163778898704691,usable_with_caution,21.49,41.43,95887.0,28035.0,0.29237540021066466,False
06037408003,06,037,408003,Census Tract 4080.03; Los Angeles County; California,4637,584,1274,365,27.47,392,163,13,21,405,164.34719346554112,240.65280653445888,569.3471934655411,0.4057955394210892,more_reliable,8.73,31.79,109221.0,12901.0,0.11811831058129847,False
06037408004,06,037,408004,Census Tract 4080.04; Los Angeles County; California,2394,602,716,156,29.91,314,154,0,14,314,154.63505424062166,159.36494575937834,468.6350542406217,0.4924683256070753,more_reliable,13.12,43.85,81250.0,15547.0,0.1913476923076923,False
06037408005,06,037,408005,Census Tract 4080.05; Los Angeles County; California,5318,675,2082,368,39.15,1294,331,118,96,1412,344.64039229318433,1067.3596077068157,1756.6403922931843,0.24407959794134867,more_reliable,26.55,67.82,120956.0,19343.0,0.15991765600714308,False
06037408006,06,037,408006,Census Tract 4080.06; Los Angeles County; California,3970,449,1621,379,40.83,491,229,19,38,510,232.13142829009604,277.86857170990396,742.131428290096,0.4551596633139138,more_reliable,12.85,31.46,84130.0,26301.0,0.3126233210507548,False
06037408133,06,037,408133,Census Tract 4081.33; Los Angeles County; California,5822,1015,1497,344,25.71,792,188,7,12,799,188.38258942906586,610.6174105709341,987.3825894290659,0.23577295297755427,more_reliable,13.72,53.37,101378.0,24039.0,0.2371224526031289,False
06037408134,06,037,408134,Census Tract 4081.34; Los Angeles County; California,2687,394,1564,350,58.21,453,183,20,19,473,183.98369492974098,289.016305070259,656.983694929741,0.38897187088740165,more_reliable,17.6,30.24,111780.0,21359.0,0.19108069422079083,False
06037408135,06,037,408135,Census Tract 4081.35; Los Angeles County; California,4479,893,2583,744,57.67,912,498,68,63,980,501.96912255635806,478.03087744364194,1481.9691225563581,0.5122133903636307,usable_with_caution,21.88,37.94,89563.0,13468.0,0.15037459665263558,False
06037408136,06,037,408136,Census Tract 4081.36; Los Angeles County; California,3620,450,1349,265,37.27,479,209,51,74,530,221.713779454503,308.28622054549703,751.713779454503,0.4183278857632132,more_reliable,14.64,39.29,128359.0,27617.0,0.21515437172305799,False
06037408137,06,037,408137,Census Tract 4081.37; Los Angeles County; California,4085,526,1616,462,39.56,706,385,95,86,801,394.4882761249059,406.5117238750941,1195.488276124906,0.49249472674769773,more_reliable,19.61,49.57,90091.0,19779.0,0.21954468259870574,False
06037408138,06,037,408138,Census Tract 4081.38; Los Angeles County; California,4893,667,374,163,7.64,0,14,0,14,0,19.79898987322333,0.0,19.79898987322333,,zero_estimate,0.0,0.0,81941.0,16211.0,0.1978374684224015,False
06037408139,06,037,408139,Census Tract 4081.39; Los Angeles County; California,4033,735,477,216,11.83,249,160,0,14,249,160.61133210331082,88.38866789668918,409.6113321033108,0.6450254301337783,usable_with_caution,6.17,52.2,107050.0,23286.0,0.2175245212517515,False
06037408140,06,037,408140,Census Tract 4081.40; Los Angeles County; California,3317,693,155,124,4.67,138,123,0,14,138,123.79418403139947,14.205815968600533,261.7941840313995,0.8970593045753584,usable_with_caution,4.16,89.03,77991.0,18794.0,0.2409765229321332,False
06037408141,06,037,408141,Census Tract 4081.41; Los Angeles County; California,4102,527,452,275,11.02,152,114,10,19,162,115.57248807566617,46.42751192433383,277.5724880756662,0.7134104202201615,usable_with_caution,3.95,35.84,102917.0,17438.0,0.16943750789471126,False
06037408212,06,037,408212,Census Tract 4082.12; Los Angeles County; California,4599,753,2749,486,59.77,1711,384,124,86,1835,393.51238862328086,1441.487611376719,2228.512388623281,0.21444816818707405,more_reliable,39.9,66.75,81944.0,24187.0,0.29516499072537344,False
06037408213,06,037,408213,Census Tract 4082.13; Los Angeles County; California,5469,693,3054,426,55.84,1887,411,305,248,2192,480.02604096027954,1711.9739590397205,2672.0260409602797,0.21898998218990856,more_reliable,40.08,71.77,78574.0,8835.0,0.1124417746328302,False
06037408301,06,037,408301,Census Tract 4083.01; Los Angeles County; California,5524,851,530,225,9.59,250,157,0,19,250,158.14550262337528,91.85449737662472,408.14550262337525,0.6325820104935012,usable_with_caution,4.53,47.17,80754.0,17680.0,0.21893652326819724,False
06037408302,06,037,408302,Census Tract 4083.02; Los Angeles County; California,3303,477,245,175,7.42,172,134,0,14,172,134.72935834479432,37.27064165520568,306.7293583447943,0.7833102229348508,usable_with_caution,5.21,70.2,88068.0,24391.0,0.276956442748785,False
06037408303,06,037,408303,Census Tract 4083.03; Los Angeles County; California,4035,788,488,112,12.09,274,212,70,98,344,233.5551326774901,110.44486732250991,577.5551326774901,0.6789393391787503,usable_with_caution,8.53,70.49,119375.0,38778.0,0.3248418848167539,False
06037408401,06,037,408401,Census Tract 4084.01; Los Angeles County; California,4305,710,1093,310,25.39,605,261,48,74,653,271.2876701953113,381.7123298046887,924.2876701953113,0.41544819325468807,more_reliable,15.17,59.74,102500.0,23873.0,0.23290731707317072,False
06037408402,06,037,408402,Census Tract 4084.02; Los Angeles County; California,6152,669,1285,533,20.89,698,414,15,24,713,414.6950686950594,298.3049313049406,1127.6950686950595,0.5816200121950342,usable_with_caution,11.59,55.49,109828.0,19330.0,0.1760024765997742,False
06037408503,06,037,408503,Census Tract 4085.03; Los Angeles County; California,6604,983,2804,590,42.46,1633,657,310,170,1943,678.6376057956116,1264.3623942043882,2621.6376057956118,0.3492730858443704,more_reliable,29.42,69.29,145921.0,33971.0,0.23280405150732245,False
06037408504,06,037,408504,Census Tract 4085.04; Los Angeles County; California,5366,675,1720,456,32.05,1046,362,151,131,1197,384.974025097798,812.025974902202,1581.974025097798,0.3216157268987452,more_reliable,22.31,69.59,100227.0,20112.0,0.20066449160405878,False
06037408505,06,037,408505,Census Tract 4085.05; Los Angeles County; California,2360,299,1158,260,49.07,762,253,131,101,893,272.41512439657237,620.5848756034277,1165.4151243965723,0.30505613034330614,more_reliable,37.84,77.12,114850.0,20512.0,0.1785981715280801,False
06037408623,06,037,408623,Census Tract 4086.23; Los Angeles County; California,3112,384,1917,299,61.6,1226,270,129,104,1355,289.3371735536241,1065.662826446376,1644.337173553624,0.2135329694122687,more_reliable,43.54,70.68,110141.0,10034.0,0.09110140637909589,False
06037408624,06,037,408624,Census Tract 4086.24; Los Angeles County; California,3273,379,1820,271,55.61,825,233,283,205,1108,310.34496934862665,797.6550306513734,1418.3449693486266,0.2800947376792659,more_reliable,33.85,60.88,118977.0,34274.0,0.28807248459786344,False
06037408625,06,037,408625,Census Tract 4086.25; Los Angeles County; California,3708,483,2105,343,56.77,1163,387,171,107,1334,401.51961346863243,932.4803865313676,1735.5196134686325,0.3009892154937275,more_reliable,35.98,63.37,132273.0,20038.0,0.15148972201431887,False
06037408626,06,037,408626,Census Tract 4086.26; Los Angeles County; California,3726,545,2713,542,72.81,1554,369,485,412,2039,553.0867924657033,1485.9132075342968,2592.086792465703,0.2712539443186382,more_reliable,54.72,75.16,105500.0,48111.0,0.4560284360189574,False
06037408627,06,037,408627,Census Tract 4086.27; Los Angeles County; California,2665,287,1867,343,70.06,1228,348,148,105,1376,363.49552954610044,1012.5044704538996,1739.4955295461004,0.2641682627515265,more_reliable,51.63,73.7,94353.0,9558.0,0.10130043559823217,False
06037408628,06,037,408628,Census Tract 4086.28; Los Angeles County; California,5463,753,3941,597,72.14,2307,514,551,243,2858,568.5463921264474,2289.4536078735528,3426.5463921264472,0.1989315577769235,more_reliable,52.32,72.52,88021.0,19585.0,0.22250372070301405,False
06037408629,06,037,408629,Census Tract 4086.29; Los Angeles County; California,3028,352,1428,308,47.16,907,241,126,111,1033,265.3337520934719,767.666247906528,1298.333752093472,0.25685745604401927,more_reliable,34.11,72.34,117500.0,39674.0,0.3376510638297872,False
06037408631,06,037,408631,Census Tract 4086.31; Los Angeles County; California,5121,761,1977,397,38.61,1368,379,66,67,1434,384.87660360172583,1049.123396398274,1818.876603601726,0.26839372636103614,more_reliable,28.0,72.53,110536.0,31207.0,0.28232431063183033,False
06037408703,06,037,408703,Census Tract 4087.03; Los Angeles County; California,5326,488,3949,440,74.15,2435,462,209,123,2644,478.0930871702706,2165.906912829729,3122.093087170271,0.18082189378603275,more_reliable,49.64,66.95,127500.0,19210.0,0.15066666666666667,False
06037408705,06,037,408705,Census Tract 4087.05; Los Angeles County; California,5403,893,3952,858,73.14,2345,839,136,130,2481,849.0117784813118,1631.988221518688,3330.011778481312,0.34220547298722764,more_reliable,45.92,62.78,81771.0,35254.0,0.43113084100720306,False
06037408707,06,037,408707,Census Tract 4087.07; Los Angeles County; California,6839,775,5200,847,76.03,2651,713,881,725,3532,1016.8549552418968,2515.1450447581033,4548.854955241897,0.2878977789473094,more_reliable,51.64,67.92,134400.0,25541.0,0.19003720238095237,False
06037408722,06,037,408722,Census Tract 4087.22; Los Angeles County; California,3963,557,2455,514,61.95,1623,500,212,156,1835,523.7709423020716,1311.2290576979285,2358.7709423020715,0.2854337560229273,more_reliable,46.3,74.75,100538.0,23079.0,0.22955499413157215,False
06037408724,06,037,408724,Census Tract 4087.24; Los Angeles County; California,5389,710,1540,418,28.58,867,273,36,56,903,278.6844093235214,624.3155906764787,1181.6844093235213,0.30862060833169586,more_reliable,16.76,58.64,70396.0,12777.0,0.1815017898744247,False
06037408725,06,037,408725,Census Tract 4087.25; Los Angeles County; California,5868,681,3275,489,55.81,2342,496,177,126,2519,511.75384707884706,2007.246152921153,3030.7538470788472,0.2031575415160171,more_reliable,42.93,76.92,66681.0,18504.0,0.2775003374274531,False
06037408800,06,037,408800,Census Tract 4088; Los Angeles County; California,4760,619,413,178,8.68,44,44,0,14,44,46.17358552246078,0.0,90.17358552246078,1.0493996709650177,high_uncertainty,0.92,10.65,49912.0,17243.0,0.3454680237217503,False
06037408900,06,037,408900,Census Tract 4089; Los Angeles County; California,5462,520,780,357,14.28,237,169,11,18,248,169.95587662684687,78.04412337315313,417.9558766268469,0.6853059541405115,usable_with_caution,4.54,31.79,84583.0,18241.0,0.2156579927408581,False
06037409000,06,037,409000,Census Tract 4090; Los Angeles County; California,7618,1161,382,146,5.01,104,113,0,19,104,114.58621208504974,0.0,218.58621208504974,1.101790500817786,high_uncertainty,1.37,27.23,79092.0,18927.0,0.23930359581247154,False
06037409100,06,037,409100,Census Tract 4091; Los Angeles County; California,5449,629,1628,398,29.88,1067,381,128,120,1195,399.4508730745246,795.5491269254753,1594.4508730745247,0.334268513033075,more_reliable,21.93,73.4,98542.0,14160.0,0.14369507418156724,False
06037430003,06,037,430003,Census Tract 4300.03; Los Angeles County; California,4981,769,1016,389,20.4,162,102,32,52,194,114.49017425089369,79.50982574910631,308.4901742508937,0.5901555373757407,usable_with_caution,3.89,19.09,138657.0,26006.0,0.1875563440720627,False
06037430004,06,037,430004,Census Tract 4300.04; Los Angeles County; California,3433,408,518,129,15.09,132,120,13,20,145,121.6552506059644,23.344749394035603,266.6552506059644,0.8390017283169958,usable_with_caution,4.22,27.99,99978.0,16204.0,0.16207565664446177,False
06037430005,06,037,430005,Census Tract 4300.05; Los Angeles County; California,3982,623,1131,520,28.4,234,151,0,14,234,151.64761785138597,82.35238214861403,385.647617851386,0.648066742954641,usable_with_caution,5.88,20.69,108396.0,23863.0,0.22014649987084395,False
06037430101,06,037,430101,Census Tract 4301.01; Los Angeles County; California,4850,566,806,214,16.62,411,168,0,14,411,168.58232410309213,242.41767589690787,579.5823241030921,0.41017597105375214,more_reliable,8.47,50.99,63584.0,16147.0,0.25394753397081027,False
06037430102,06,037,430102,Census Tract 4301.02; Los Angeles County; California,4938,650,592,288,11.99,545,295,0,14,545,295.33201655086435,249.66798344913565,840.3320165508644,0.5418936083502098,usable_with_caution,11.04,92.06,102917.0,23592.0,0.22923326564124488,False
06037430200,06,037,430200,Census Tract 4302; Los Angeles County; California,1041,139,297,94,28.53,142,54,47,60,189,80.72174428244226,108.27825571755774,269.7217442824423,0.4270991760975781,more_reliable,18.16,63.64,131159.0,4151.0,0.031648609702727225,False
06037430301,06,037,430301,Census Tract 4303.01; Los Angeles County; California,4426,667,560,241,12.65,416,248,41,53,457,253.60007886434104,203.39992113565896,710.6000788643411,0.5549235861364137,usable_with_caution,10.33,81.61,147236.0,15909.0,0.10805102013094624,False
06037430302,06,037,430302,Census Tract 4303.02; Los Angeles County; California,4950,504,882,285,17.82,272,148,88,89,360,172.69916039170545,187.30083960829455,532.6991603917054,0.4797198899769596,more_reliable,7.27,40.82,103512.0,15292.0,0.1477316639616663,False
06037430400,06,037,430400,Census Tract 4304; Los Angeles County; California,4221,615,2306,473,54.63,1347,377,327,155,1674,407.6199210048498,1266.3800789951501,2081.61992100485,0.24350055018210862,more_reliable,39.66,72.59,182292.0,56939.0,0.3123505145590591,False
06037430501,06,037,430501,Census Tract 4305.01; Los Angeles County; California,4231,488,546,183,12.9,327,164,0,14,327,164.59647626847908,162.40352373152092,491.5964762684791,0.5033531384357158,usable_with_caution,7.73,59.89,195199.0,25810.0,0.13222403803298172,False
06037430502,06,037,430502,Census Tract 4305.02; Los Angeles County; California,6709,491,1346,447,20.06,753,321,167,255,920,409.9585344885504,510.0414655114496,1329.9585344885504,0.4456071027049461,more_reliable,13.71,68.35,113965.0,36499.0,0.3202649936383978,False
06037430600,06,037,430600,Census Tract 4306; Los Angeles County; California,4194,573,2168,325,51.69,1611,345,67,63,1678,350.7050042414565,1327.2949957585436,2028.7050042414564,0.2090017903703555,more_reliable,40.01,77.4,173125.0,39049.0,0.2255537906137184,False
06037430701,06,037,430701,Census Tract 4307.01; Los Angeles County; California,4775,618,2253,306,47.18,1340,276,233,136,1573,307.688153818115,1265.311846181885,1880.688153818115,0.1956059464832263,more_reliable,32.94,69.82,104194.0,19977.0,0.191728890339175,False
06037430721,06,037,430721,Census Tract 4307.21; Los Angeles County; California,3354,398,1704,432,50.81,1138,367,149,110,1287,383.13052606128895,903.869473938711,1670.130526061289,0.29769271644233797,more_reliable,38.37,75.53,82115.0,35449.0,0.431699445899044,False
06037430723,06,037,430723,Census Tract 4307.23; Los Angeles County; California,4893,806,2104,386,43.0,1284,309,137,92,1421,322.4050247747389,1098.5949752252611,1743.4050247747389,0.22688601321234264,more_reliable,29.04,67.54,90435.0,22152.0,0.24494941117930005,False
06037430724,06,037,430724,Census Tract 4307.24; Los Angeles County; California,5396,602,3020,532,55.97,1426,306,299,200,1725,365.5625801418958,1359.4374198581042,2090.562580141896,0.2119203363141425,more_reliable,31.97,57.12,105644.0,24377.0,0.2307466585892242,False
06037430801,06,037,430801,Census Tract 4308.01; Los Angeles County; California,7166,1038,4439,764,61.95,3169,837,146,157,3315,851.5973226824988,2463.402677317501,4166.597322682499,0.2568921033733028,more_reliable,46.26,74.68,96042.0,54886.0,0.57147914454093,False
06037430802,06,037,430802,Census Tract 4308.02; Los Angeles County; California,3973,517,2913,482,73.32,1530,397,399,380,1929,549.5534550887656,1379.4465449112345,2478.5534550887655,0.28489033441615635,more_reliable,48.55,66.22,138333.0,36419.0,0.2632705139048528,False
06037430803,06,037,430803,Census Tract 4308.03; Los Angeles County; California,5215,588,3411,506,65.41,2357,557,297,186,2654,587.2350466380561,2066.7649533619438,3241.2350466380562,0.22126414718841603,more_reliable,50.89,77.81,109896.0,32438.0,0.29516997888913155,False
06037430901,06,037,430901,Census Tract 4309.01; Los Angeles County; California,4209,448,496,138,11.78,266,104,78,56,344,118.1185844818672,225.8814155181328,462.1185844818672,0.3433679781449628,more_reliable,8.17,69.35,85560.0,10022.0,0.11713417484805984,False
06037430902,06,037,430902,Census Tract 4309.02; Los Angeles County; California,5034,611,1188,346,23.6,515,173,114,90,629,195.0102561405425,433.98974385945746,824.0102561405425,0.3100322037210533,more_reliable,12.5,52.95,103021.0,15672.0,0.15212432416691743,False
06037431002,06,037,431002,Census Tract 4310.02; Los Angeles County; California,3146,321,540,136,17.16,142,85,47,63,189,105.80170130957252,83.19829869042748,294.80170130957254,0.5597973614263096,usable_with_caution,6.01,35.0,88700.0,22451.0,0.25311161217587375,False
06037431003,06,037,431003,Census Tract 4310.03; Los Angeles County; California,4613,1276,576,203,12.49,260,135,16,24,276,137.11673858431726,138.88326141568274,413.11673858431726,0.49679977747941034,more_reliable,5.98,47.92,89099.0,28164.0,0.31609782376906587,False
06037431004,06,037,431004,Census Tract 4310.04; Los Angeles County; California,3138,328,692,288,22.05,216,154,74,105,290,186.38937737972086,103.61062262027914,476.3893773797208,0.6427219909645546,usable_with_caution,9.24,41.91,84833.0,19545.0,0.23039383258873317,False
06037431100,06,037,431100,Census Tract 4311; Los Angeles County; California,7322,814,762,319,10.41,333,204,79,114,412,233.69210512980536,178.30789487019464,645.6921051298053,0.5672138474024402,usable_with_caution,5.63,54.07,82091.0,7884.0,0.09603976075331035,False
06037431200,06,037,431200,Census Tract 4312; Los Angeles County; California,6523,686,422,194,6.47,106,78,119,153,225,171.73526137634053,53.26473862365947,396.73526137634053,0.7632678283392913,usable_with_caution,3.45,53.32,93750.0,17436.0,0.185984,False
06037431300,06,037,431300,Census Tract 4313; Los Angeles County; California,2565,415,567,145,22.11,210,122,88,79,298,145.34441853748632,152.65558146251368,443.3444185374863,0.4877329481123702,more_reliable,11.62,52.56,97083.0,20301.0,0.20910973084886128,False
06037431400,06,037,431400,Census Tract 4314; Los Angeles County; California,3647,577,1482,351,40.64,715,234,24,37,739,236.90715480964266,502.09284519035737,975.9071548096426,0.3205780173337519,more_reliable,20.26,49.87,107222.0,31393.0,0.2927850627669695,False
06037431501,06,037,431501,Census Tract 4315.01; Los Angeles County; California,3734,379,1799,326,48.18,1185,357,66,46,1251,359.95138560644546,891.0486143935545,1610.9513856064455,0.28773092374615944,more_reliable,33.5,69.54,64931.0,17973.0,0.27680152777563877,False
06037431502,06,037,431502,Census Tract 4315.02; Los Angeles County; California,4758,717,2249,573,47.27,1243,360,0,14,1243,360.2721193764513,882.7278806235487,1603.2721193764514,0.2898408040035811,more_reliable,26.12,55.27,88229.0,23428.0,0.26553627492094434,False
06037431600,06,037,431600,Census Tract 4316; Los Angeles County; California,3941,537,2712,372,68.82,1821,453,486,274,2307,529.4194934076379,1777.580506592362,2836.4194934076377,0.22948395899767574,more_reliable,58.54,85.07,120511.0,25815.0,0.2142128104488387,False
06037431701,06,037,431701,Census Tract 4317.01; Los Angeles County; California,6188,894,4526,880,73.14,2476,625,605,612,3081,874.7393897613163,2206.2606102386835,3955.7393897613165,0.2839141154694308,more_reliable,49.79,68.07,117887.0,45527.0,0.3861918616980668,False
06037431800,06,037,431800,Census Tract 4318; Los Angeles County; California,5162,608,3113,395,60.31,1955,453,315,201,2270,495.59055681076086,1774.409443189239,2765.590556810761,0.2183218311941678,more_reliable,43.98,72.92,83021.0,31888.0,0.38409559027234075,False
06037431900,06,037,431900,Census Tract 4319; Los Angeles County; California,3346,528,2322,537,69.4,1566,496,150,97,1716,505.3958844312051,1210.604115568795,2221.395884431205,0.29451974617203097,more_reliable,51.29,73.9,95066.0,18381.0,0.1933498832390129,False
06037432001,06,037,432001,Census Tract 4320.01; Los Angeles County; California,2332,235,1413,272,60.59,729,174,110,87,839,194.5379140424817,644.4620859575183,1033.5379140424816,0.2318687890851987,more_reliable,35.98,59.38,119875.0,23269.0,0.19411053180396245,False
06037432002,06,037,432002,Census Tract 4320.02; Los Angeles County; California,5356,768,3345,750,62.45,1833,655,165,122,1998,666.2649623085398,1331.73503769146,2664.26496230854,0.3334659471013713,more_reliable,37.3,59.73,108197.0,36628.0,0.33853064317864634,False
06037432101,06,037,432101,Census Tract 4321.01; Los Angeles County; California,4843,671,3250,612,67.11,1912,417,97,85,2009,425.57490527520537,1583.4250947247947,2434.5749052752053,0.211834198743258,more_reliable,41.48,61.82,134556.0,15397.0,0.11442819346591754,False
06037432102,06,037,432102,Census Tract 4321.02; Los Angeles County; California,5793,589,4138,654,71.43,2851,604,39,43,2890,605.528694613228,2284.4713053867717,3495.5286946132283,0.20952549986616886,more_reliable,49.89,69.84,102500.0,28416.0,0.2772292682926829,False
06037432201,06,037,432201,Census Tract 4322.01; Los Angeles County; California,4638,975,3479,980,75.01,1969,1015,31,38,2000,1015.7110809674176,984.2889190325824,3015.7110809674177,0.5078555404837088,usable_with_caution,43.12,57.49,118179.0,10357.0,0.08763824368119548,False
06037432202,06,037,432202,Census Tract 4322.02; Los Angeles County; California,3408,474,2537,535,74.44,1534,456,0,14,1534,456.2148616605996,1077.7851383394004,1990.2148616605996,0.29740212624550166,more_reliable,45.01,60.47,90516.0,21846.0,0.2413495956515975,False
06037432300,06,037,432300,Census Tract 4323; Los Angeles County; California,3749,772,1537,331,41.0,949,351,0,14,949,351.27909132198573,597.7209086780142,1300.2790913219858,0.37015710360588594,more_reliable,25.31,61.74,86513.0,29503.0,0.34102389236299746,False
06037432401,06,037,432401,Census Tract 4324.01; Los Angeles County; California,3785,647,1058,265,27.95,512,190,30,22,542,191.2694434560837,350.7305565439163,733.2694434560838,0.3528956521329958,more_reliable,14.32,51.23,90018.0,15797.0,0.17548712479726278,False
06037432402,06,037,432402,Census Tract 4324.02; Los Angeles County; California,5529,862,1937,659,35.03,933,241,26,42,959,244.63237725207185,714.3676227479282,1203.6323772520718,0.25509111288015834,more_reliable,17.34,49.51,66948.0,3633.0,0.05426599749058971,False
06037432501,06,037,432501,Census Tract 4325.01; Los Angeles County; California,4154,393,1570,373,37.79,651,237,0,14,651,237.41314201197878,413.5868579880212,888.4131420119788,0.3646899262856817,more_reliable,15.67,41.46,85533.0,15655.0,0.1830287725205476,False
06037432502,06,037,432502,Census Tract 4325.02; Los Angeles County; California,4179,1027,1017,355,24.34,484,305,47,54,531,309.7434422227531,221.25655777724688,840.7434422227532,0.5833209834703449,usable_with_caution,12.71,52.21,127188.0,22430.0,0.1763531150737491,False
06037432601,06,037,432601,Census Tract 4326.01; Los Angeles County; California,6515,971,1771,437,27.18,862,338,0,19,862,338.53360246805636,523.4663975319436,1200.5336024680564,0.392730397294729,more_reliable,13.23,48.67,84479.0,42655.0,0.5049183820831212,False
06037432602,06,037,432602,Census Tract 4326.02; Los Angeles County; California,4198,604,1651,407,39.33,838,282,25,39,863,284.6840353795766,578.3159646204234,1147.6840353795765,0.3298772136495673,more_reliable,20.56,52.27,82699.0,26513.0,0.32059637964183363,False
06037432700,06,037,432700,Census Tract 4327; Los Angeles County; California,4630,757,1385,341,29.91,662,309,96,86,758,320.74444656143305,437.25555343856695,1078.744446561433,0.4231457078646874,more_reliable,16.37,54.73,64864.0,11527.0,0.17771028613714848,False
06037432801,06,037,432801,Census Tract 4328.01; Los Angeles County; California,2224,328,832,100,37.41,566,89,19,22,585,91.67878707749138,493.3212129225086,676.6787870774914,0.15671587534613912,more_reliable,26.3,70.31,40543.0,10435.0,0.25738105221616553,False
06037432802,06,037,432802,Census Tract 4328.02; Los Angeles County; California,5501,1019,737,215,13.4,600,212,19,31,619,214.2545215392198,404.7454784607802,833.2545215392198,0.34613008326206757,more_reliable,11.25,83.99,63321.0,13669.0,0.21586835331090792,False
06037432901,06,037,432901,Census Tract 4329.01; Los Angeles County; California,4351,548,2349,685,53.99,924,491,0,14,924,491.1995521170596,432.8004478829404,1415.1995521170597,0.5316012468799347,usable_with_caution,21.24,39.34,64214.0,19270.0,0.3000903229825272,False
06037432902,06,037,432902,Census Tract 4329.02; Los Angeles County; California,2959,359,1779,220,60.12,829,243,0,14,829,243.402958075698,585.597041924302,1072.402958075698,0.2936103233723739,more_reliable,28.02,46.6,84044.0,17673.0,0.21028270905716054,False
06037433103,06,037,433103,Census Tract 4331.03; Los Angeles County; California,6311,630,2783,511,44.1,1218,388,0,19,1218,388.46492763182624,829.5350723681738,1606.4649276318262,0.31893672219361763,more_reliable,19.3,43.77,66369.0,15801.0,0.23807801835194142,False
06037433200,06,037,433200,Census Tract 4332; Los Angeles County; California,5915,745,1782,460,30.13,902,310,0,19,902,310.5817122755298,591.4182877244702,1212.5817122755298,0.3443256233653324,more_reliable,15.25,50.62,58963.0,14578.0,0.2472397944473653,False
06037433302,06,037,433302,Census Tract 4333.02; Los Angeles County; California,1713,436,558,399,32.57,527,400,0,14,527,400.2449250146715,126.75507498532852,927.2449250146715,0.7594780360809705,usable_with_caution,30.76,94.44,59375.0,5729.0,0.09648842105263158,False
06037433304,06,037,433304,Census Tract 4333.04; Los Angeles County; California,4317,563,1241,366,28.75,629,228,0,14,629,228.42942017174582,400.57057982825415,857.4294201717458,0.36316283016175804,more_reliable,14.57,50.68,53200.0,10838.0,0.2037218045112782,False
06037433305,06,037,433305,Census Tract 4333.05; Los Angeles County; California,4684,573,648,266,13.83,427,219,0,14,427,219.44703233354514,207.55296766645486,646.4470323335452,0.5139274761909722,usable_with_caution,9.12,65.9,66218.0,5736.0,0.08662297260563594,False
06037433306,06,037,433306,Census Tract 4333.06; Los Angeles County; California,3075,446,891,240,28.98,575,211,4,8,579,211.15160430363773,367.8483956963623,790.1516043036377,0.36468325441042787,more_reliable,18.83,64.98,63447.0,8886.0,0.14005390325783726,False
06037433307,06,037,433307,Census Tract 4333.07; Los Angeles County; California,2909,323,1082,326,37.19,634,293,33,32,667,294.7422602885443,372.2577397114557,961.7422602885442,0.44189244421071106,more_reliable,22.93,61.65,82107.0,16774.0,0.20429439633648774,False
06037433402,06,037,433402,Census Tract 4334.02; Los Angeles County; California,4737,759,603,308,12.73,236,141,0,14,236,141.69333082400175,94.30666917599825,377.69333082400175,0.6003954695932278,usable_with_caution,4.98,39.14,69487.0,8267.0,0.11897189402334249,False
06037433403,06,037,433403,Census Tract 4334.03; Los Angeles County; California,4706,666,814,344,17.3,322,215,0,14,322,215.45533179756774,106.54466820243226,537.4553317975677,0.6691159372595271,usable_with_caution,6.84,39.56,51593.0,15889.0,0.30796813521214117,False
06037433505,06,037,433505,Census Tract 4335.05; Los Angeles County; California,3997,748,1327,644,33.2,498,155,0,14,498,155.63097378092831,342.36902621907166,653.6309737809283,0.31251199554403275,more_reliable,12.46,37.53,62407.0,8582.0,0.13751662473760956,False
06037433506,06,037,433506,Census Tract 4335.06; Los Angeles County; California,3405,524,622,291,18.27,377,223,0,14,377,223.4390297150433,153.5609702849567,600.4390297150433,0.5926764713926878,usable_with_caution,11.07,60.61,50016.0,4392.0,0.08781190019193857,False
06037433601,06,037,433601,Census Tract 4336.01; Los Angeles County; California,4832,609,3294,596,68.17,1764,459,0,14,1764,459.2134579909435,1304.7865420090566,2223.2134579909434,0.2603250895640269,more_reliable,36.51,53.55,78462.0,13332.0,0.16991664754913208,False
06037433602,06,037,433602,Census Tract 4336.02; Los Angeles County; California,2771,394,1832,340,66.11,923,223,34,50,957,228.53664913969487,728.4633508603051,1185.5366491396949,0.2388052760080406,more_reliable,34.54,52.24,51250.0,22753.0,0.4439609756097561,False
06037433803,06,037,433803,Census Tract 4338.03; Los Angeles County; California,3302,472,1082,249,32.77,416,182,7,12,423,182.3951753747889,240.6048246252111,605.3951753747889,0.43119426802550564,more_reliable,12.81,39.09,89735.0,16652.0,0.18556861871064803,False
06037433804,06,037,433804,Census Tract 4338.04; Los Angeles County; California,4649,604,503,256,10.82,265,199,0,14,265,199.49185447030163,65.50814552969837,464.49185447030163,0.7527994508313269,usable_with_caution,5.7,52.68,73877.0,13219.0,0.17893255004940645,False
06037433901,06,037,433901,Census Tract 4339.01; Los Angeles County; California,5076,660,1232,404,24.27,697,369,37,49,734,372.2391704267567,361.7608295732433,1106.2391704267566,0.5071378343688783,usable_with_caution,14.46,59.58,70313.0,9286.0,0.13206661641517217,False
06037433903,06,037,433903,Census Tract 4339.03; Los Angeles County; California,5389,797,520,197,9.65,272,148,0,19,272,149.21461054467824,122.78538945532176,421.21461054467824,0.5485831270024936,usable_with_caution,5.05,52.31,57065.0,12361.0,0.2166126347147989,False
06037434001,06,037,434001,Census Tract 4340.01; Los Angeles County; California,4463,523,1385,457,31.03,1235,446,0,14,1235,446.2196768409031,788.780323159097,1681.219676840903,0.36131147922340334,more_reliable,27.67,89.17,84102.0,9018.0,0.10722693871727189,False
06037434003,06,037,434003,Census Tract 4340.03; Los Angeles County; California,3786,380,460,110,12.15,117,104,0,14,117,104.93807697875924,12.061923021240759,221.93807697875923,0.8969066408440961,usable_with_caution,3.09,25.43,76930.0,9628.0,0.12515273625373716,False
06037434004,06,037,434004,Census Tract 4340.04; Los Angeles County; California,2868,562,345,385,12.03,298,383,0,14,298,383.2557892582968,0.0,681.2557892582968,1.28609325254462,high_uncertainty,10.39,86.38,108319.0,34309.0,0.3167403687257083,False
06037434100,06,037,434100,Census Tract 4341; Los Angeles County; California,6025,592,1451,306,24.08,734,335,22,32,756,336.5248876383439,419.4751123616561,1092.524887638344,0.44513874026235967,more_reliable,12.55,52.1,74135.0,13624.0,0.18377284683347947,False
06037460001,06,037,460001,Census Tract 4600.01; Los Angeles County; California,1790,422,315,119,17.6,171,97,51,68,222,118.46096403457132,103.53903596542868,340.4609640345713,0.5336079461016726,usable_with_caution,12.4,70.48,230714.0,65168.0,0.2824622693031199,False
06037460002,06,037,460002,Census Tract 4600.02; Los Angeles County; California,2850,305,1002,242,35.16,573,260,10,15,583,260.43233286210835,322.56766713789165,843.4323328621083,0.4467106910156233,more_reliable,20.46,58.18,162260.0,49145.0,0.30287809688154815,False
06037460101,06,037,460101,Census Tract 4601.01; Los Angeles County; California,5204,865,602,237,11.57,145,96,0,19,145,97.86214794290998,47.137852057090015,242.86214794290998,0.6749113651235171,usable_with_caution,2.79,24.09,157167.0,73266.0,0.466166561682796,False
06037460200,06,037,460200,Census Tract 4602; Los Angeles County; California,5542,1133,476,288,8.59,44,65,0,19,44,67.72001181334805,0.0,111.72001181334805,1.539091177576092,high_uncertainty,0.79,9.24,124855.0,30567.0,0.24481999118978015,False
06037460301,06,037,460301,Census Tract 4603.01; Los Angeles County; California,4408,628,303,79,6.87,30,25,0,14,30,28.653097563788805,1.3469024362111952,58.653097563788805,0.9551032521262935,usable_with_caution,0.68,9.9,154844.0,28411.0,0.18348143938415437,False
06037460302,06,037,460302,Census Tract 4603.02; Los Angeles County; California,4479,878,128,60,2.86,43,30,0,14,43,33.1058907144937,9.894109285506303,76.1058907144937,0.7699044352207837,usable_with_caution,0.96,33.59,110952.0,35281.0,0.3179843535943471,False
06037460401,06,037,460401,Census Tract 4604.01; Los Angeles County; California,1061,180,147,100,13.85,5,8,0,14,5,16.1245154965971,0.0,21.1245154965971,3.2249030993194197,high_uncertainty,0.47,3.4,125357.0,38290.0,0.3054476415357738,False
06037460501,06,037,460501,Census Tract 4605.01; Los Angeles County; California,5425,509,2040,415,37.6,368,176,0,19,368,177.02259742756007,190.97740257243993,545.0225974275601,0.4810396669227176,more_reliable,6.78,18.04,233977.0,31001.0,0.13249592908704702,False
06037460502,06,037,460502,Census Tract 4605.02; Los Angeles County; California,4711,797,1496,508,31.76,498,229,87,72,585,240.05207768315609,344.9479223168439,825.0520776831561,0.41034543193701895,more_reliable,12.42,39.1,250001.0,,,True
06037460601,06,037,460601,Census Tract 4606.01; Los Angeles County; California,5202,467,1533,340,29.47,140,74,0,19,140,76.40026177965623,63.59973822034377,216.40026177965623,0.5457161555689731,usable_with_caution,2.69,9.13,239444.0,45541.0,0.19019478458428693,False
06037460700,06,037,460700,Census Tract 4607; Los Angeles County; California,4597,642,1145,210,24.91,403,206,0,14,403,206.47518010647187,196.52481989352813,609.4751801064718,0.512345360065687,usable_with_caution,8.77,35.2,220188.0,32227.0,0.14636129126019584,False
06037460800,06,037,460800,Census Tract 4608; Los Angeles County; California,2826,334,542,240,19.18,106,79,0,14,106,80.23091673413684,25.76908326586316,186.23091673413683,0.7568954408880834,usable_with_caution,3.75,19.56,250001.0,,,True
06037460900,06,037,460900,Census Tract 4609; Los Angeles County; California,6457,757,312,185,4.83,61,52,0,19,61,55.362442142665635,5.6375578573343645,116.36244214266563,0.9075810187322235,usable_with_caution,0.94,19.55,96370.0,43667.0,0.4531181903081872,False
06037461000,06,037,461000,Census Tract 4610; Los Angeles County; California,5304,834,134,70,2.53,37,40,0,19,37,44.28317965096906,0.0,81.28317965096906,1.196842693269434,high_uncertainty,0.7,27.61,115278.0,28028.0,0.24313398913929804,False
06037461100,06,037,461100,Census Tract 4611; Los Angeles County; California,5372,771,363,177,6.76,119,164,0,19,119,165.0969412193939,0.0,284.0969412193939,1.3873692539444866,high_uncertainty,2.22,32.78,136336.0,34804.0,0.2552810702969135,False
06037461200,06,037,461200,Census Tract 4612; Los Angeles County; California,4424,478,205,109,4.63,74,70,0,14,74,71.386273190299,2.6137268097010065,145.386273190299,0.9646793674364729,usable_with_caution,1.67,36.1,186023.0,50685.0,0.2724663079296646,False
06037461300,06,037,461300,Census Tract 4613; Los Angeles County; California,6078,788,407,142,6.7,126,103,0,19,126,104.7377677822093,21.262232217790697,230.7377677822093,0.8312521252556294,usable_with_caution,2.07,30.96,97279.0,38789.0,0.3987397074394268,False
06037461400,06,037,461400,Census Tract 4614; Los Angeles County; California,2641,384,118,75,4.47,54,59,37,49,91,76.69419795525604,14.305802044743956,167.69419795525604,0.8427933841236928,usable_with_caution,3.45,77.12,98077.0,22749.0,0.23195040631340683,False
06037461501,06,037,461501,Census Tract 4615.01; Los Angeles County; California,3560,436,356,175,10.0,49,49,0,14,49,50.96076922496363,0.0,99.96076922496363,1.0400156984686455,high_uncertainty,1.38,13.76,87177.0,30239.0,0.3468690136159767,False
06037461502,06,037,461502,Census Tract 4615.02; Los Angeles County; California,5825,617,329,144,5.65,158,110,0,19,158,111.6288493177279,46.3711506822721,269.6288493177279,0.7065117045425816,usable_with_caution,2.71,48.02,75275.0,17296.0,0.22977084025240785,False
06037461600,06,037,461600,Census Tract 4616; Los Angeles County; California,4846,843,611,277,12.61,12,19,30,50,42,53.48831648126533,0.0,95.48831648126533,1.2735313447920316,high_uncertainty,0.87,6.87,84659.0,30251.0,0.357327632029672,False
06037461700,06,037,461700,Census Tract 4617; Los Angeles County; California,1353,222,242,94,17.89,79,65,0,14,79,66.49060083951716,12.509399160482843,145.49060083951716,0.8416531751837615,usable_with_caution,5.84,32.64,154926.0,52050.0,0.3359668486890515,False
06037461901,06,037,461901,Census Tract 4619.01; Los Angeles County; California,4748,812,339,144,7.14,129,114,0,14,129,114.85643212288984,14.143567877110158,243.85643212288983,0.8903599389371306,usable_with_caution,2.72,38.05,70109.0,16934.0,0.2415381762683821,False
06037461902,06,037,461902,Census Tract 4619.02; Los Angeles County; California,2360,246,455,153,19.28,246,117,29,19,275,118.53269591129698,156.46730408870303,393.53269591129697,0.43102798513198903,more_reliable,11.65,60.44,104750.0,40813.0,0.38962291169451074,False
06037462001,06,037,462001,Census Tract 4620.01; Los Angeles County; California,4491,912,331,189,7.37,243,185,0,14,243,185.52897347853784,57.471026521462164,428.52897347853786,0.7634937180186743,usable_with_caution,5.41,73.41,85000.0,14287.0,0.16808235294117646,False
06037462002,06,037,462002,Census Tract 4620.02; Los Angeles County; California,3799,510,244,116,6.42,68,66,0,14,68,67.468511173732,0.5314888262680029,135.468511173732,0.992183987849,usable_with_caution,1.79,27.87,50240.0,16320.0,0.3248407643312102,False
06037462100,06,037,462100,Census Tract 4621; Los Angeles County; California,4461,707,307,151,6.88,87,67,0,14,87,68.4470598345904,18.552940165409595,155.4470598345904,0.7867478141906943,usable_with_caution,1.95,28.34,100516.0,13398.0,0.13329221218512477,False
06037462201,06,037,462201,Census Tract 4622.01; Los Angeles County; California,3573,521,573,191,16.04,346,135,0,14,346,135.72398461583714,210.27601538416286,481.72398461583714,0.3922658514908588,more_reliable,9.68,60.38,43167.0,15235.0,0.3529316375935321,False
06037462202,06,037,462202,Census Tract 4622.02; Los Angeles County; California,3302,516,808,170,24.47,263,114,77,64,340,130.73637596323374,209.26362403676626,470.73637596323374,0.38451875283304043,more_reliable,10.3,42.08,103963.0,22920.0,0.22046304935409713,False
06037462301,06,037,462301,Census Tract 4623.01; Los Angeles County; California,4311,498,477,207,11.06,111,57,44,51,155,76.48529270389177,78.51470729610823,231.4852927038918,0.4934535013154308,more_reliable,3.6,32.49,90030.0,6401.0,0.07109852271465067,False
06037462302,06,037,462302,Census Tract 4623.02; Los Angeles County; California,3591,489,594,245,16.54,113,54,57,57,170,78.5175139698144,91.4824860301856,248.5175139698144,0.4618677292342024,more_reliable,4.73,28.62,81829.0,16191.0,0.19786383800364174,False
06037462400,06,037,462400,Census Tract 4624; Los Angeles County; California,3720,577,501,209,13.47,186,128,0,14,186,128.76334882255898,57.23665117744102,314.763348822559,0.6922760689384891,usable_with_caution,5.0,37.13,153333.0,13937.0,0.09089367585581708,False
06037462500,06,037,462500,Census Tract 4625; Los Angeles County; California,6825,639,1340,430,19.63,753,384,0,19,753,384.4697647410001,368.5302352589999,1137.469764741,0.5105840169203189,usable_with_caution,11.03,56.19,128214.0,31794.0,0.24797604005802798,False
06037462600,06,037,462600,Census Tract 4626; Los Angeles County; California,2376,321,323,141,13.59,120,85,33,37,153,92.70382947861431,60.29617052138569,245.7038294786143,0.6059073822131654,usable_with_caution,6.44,47.37,122500.0,17929.0,0.1463591836734694,False
06037462700,06,037,462700,Census Tract 4627; Los Angeles County; California,5825,556,1209,481,20.76,290,158,114,142,404,212.4335190124195,191.5664809875805,616.4335190124195,0.5258255421099493,usable_with_caution,6.94,33.42,72750.0,18581.0,0.25540893470790377,False
06037462800,06,037,462800,Census Tract 4628; Los Angeles County; California,2882,464,496,148,17.21,233,141,0,14,233,141.69333082400175,91.30666917599825,374.69333082400175,0.6081258833648143,usable_with_caution,8.08,46.98,119375.0,32968.0,0.2761717277486911,False
06037462900,06,037,462900,Census Tract 4629; Los Angeles County; California,3721,424,830,281,22.31,375,258,0,14,375,258.37956575549856,116.62043424450144,633.3795657554986,0.6890121753479962,usable_with_caution,10.08,45.18,128632.0,9416.0,0.07320106971826607,False
06037463000,06,037,463000,Census Tract 4630; Los Angeles County; California,2631,391,701,211,26.64,246,132,28,34,274,136.3084736911099,137.6915263088901,410.3084736911099,0.4974761813544157,more_reliable,10.41,39.09,125598.0,24999.0,0.19903979362728705,False
06037463103,06,037,463103,Census Tract 4631.03; Los Angeles County; California,5479,616,1789,408,32.65,1000,320,243,209,1243,382.2054421381255,860.7945578618745,1625.2054421381254,0.30748627686092156,more_reliable,22.69,69.48,109136.0,19750.0,0.18096686702829498,False
06037463200,06,037,463200,Census Tract 4632; Los Angeles County; California,3291,480,812,417,24.67,503,369,17,27,520,369.98648623970035,150.01351376029965,889.9864862397003,0.7115124735378853,usable_with_caution,15.8,64.04,106105.0,17898.0,0.16868196597709817,False
06037463300,06,037,463300,Census Tract 4633; Los Angeles County; California,1918,344,583,223,30.4,273,100,9,13,282,100.84145972763385,181.15854027236617,382.84145972763383,0.3575938288213966,more_reliable,14.7,48.37,123317.0,16611.0,0.13470162264732358,False
06037463400,06,037,463400,Census Tract 4634; Los Angeles County; California,5687,717,1670,444,29.37,775,306,57,97,832,321.00623046912966,510.99376953087034,1153.0062304691296,0.38582479623693466,more_reliable,14.63,49.82,125769.0,35906.0,0.28549165533637066,False
06037463500,06,037,463500,Census Tract 4635; Los Angeles County; California,6064,719,1286,280,21.21,452,190,35,39,487,193.96133635340834,293.03866364659166,680.9613363534083,0.39827789805627994,more_reliable,8.03,37.87,80363.0,20389.0,0.25371128504411233,False
06037463601,06,037,463601,Census Tract 4636.01; Los Angeles County; California,6416,679,1661,347,25.89,467,205,18,32,485,207.4825293850063,277.5174706149937,692.4825293850063,0.4277990296598068,more_reliable,7.56,29.2,83083.0,22232.0,0.2675878338528941,False
06037463602,06,037,463602,Census Tract 4636.02; Los Angeles County; California,5833,635,1799,533,30.84,740,344,105,91,845,355.8328259168904,489.1671740831096,1200.8328259168904,0.42110393599631996,more_reliable,14.49,46.97,115699.0,32092.0,0.2773749124884398,False
06037463700,06,037,463700,Census Tract 4637; Los Angeles County; California,3734,419,994,366,26.62,375,240,21,33,396,242.25812679866902,153.74187320133098,638.2581267986691,0.6117629464612854,usable_with_caution,10.61,39.84,188403.0,39790.0,0.21119621237453756,False
06037463800,06,037,463800,Census Tract 4638; Los Angeles County; California,3978,542,592,166,14.88,315,144,0,14,315,144.6789549312546,170.3210450687454,459.67895493125457,0.45929826962303044,more_reliable,7.92,53.21,215714.0,36976.0,0.17141214756575837,False
06037463900,06,037,463900,Census Tract 4639; Los Angeles County; California,3007,333,560,188,18.62,213,81,88,107,301,134.2013412749664,166.7986587250336,435.2013412749664,0.44585163214274554,more_reliable,10.01,53.75,132163.0,24283.0,0.18373523603429098,False
06037464000,06,037,464000,Census Tract 4640; Los Angeles County; California,5455,715,1351,302,24.77,541,218,331,221,872,310.42712510346126,561.5728748965387,1182.4271251034613,0.355994409522318,more_reliable,15.99,64.54,144607.0,33147.0,0.22922126867993942,False
06037464101,06,037,464101,Census Tract 4641.01; Los Angeles County; California,2223,328,1424,257,64.06,1171,258,205,136,1376,291.6504757410829,1084.349524258917,1667.650475741083,0.21195528760253118,more_reliable,61.9,96.63,250001.0,,,True
06037464102,06,037,464102,Census Tract 4641.02; Los Angeles County; California,4542,1075,2945,1227,64.84,2469,1287,148,144,2617,1295.03088766253,1321.96911233747,3912.03088766253,0.4948532241736836,more_reliable,57.62,88.86,239052.0,32900.0,0.13762695982464065,False
06037464200,06,037,464200,Census Tract 4642; Los Angeles County; California,5451,904,3949,754,72.45,2260,519,586,217,2846,562.5388875446746,2283.4611124553253,3408.5388875446747,0.19765948262286528,more_reliable,52.21,72.07,190991.0,40960.0,0.2144603672424355,False
06037480002,06,037,480002,Census Tract 4800.02; Los Angeles County; California,3645,612,2314,568,63.48,1514,498,46,48,1560,500.30790519439125,1059.6920948056088,2060.3079051943914,0.3207101956374303,more_reliable,42.8,67.42,149861.0,49463.0,0.3300591881810478,False
06037480011,06,037,480011,Census Tract 4800.11; Los Angeles County; California,5084,535,2178,254,42.84,1429,315,97,74,1526,323.5753389861471,1202.424661013853,1849.575338986147,0.212041506544002,more_reliable,30.02,70.06,100039.0,27038.0,0.2702745929087656,False
06037480012,06,037,480012,Census Tract 4800.12; Los Angeles County; California,4838,546,2825,491,58.39,1872,560,364,324,2236,646.9744971789846,1589.0255028210154,2882.9744971789846,0.28934458728934914,more_reliable,46.22,79.15,99375.0,27941.0,0.28116729559748427,False
06037480101,06,037,480101,Census Tract 4801.01; Los Angeles County; California,4323,600,2746,578,63.52,1842,446,141,152,1983,471.1899829155964,1511.8100170844036,2454.1899829155964,0.2376147165484601,more_reliable,45.87,72.21,93828.0,17932.0,0.19111565843884554,False
06037480102,06,037,480102,Census Tract 4801.02; Los Angeles County; California,3900,510,2310,503,59.23,1473,525,218,112,1691,536.8137479610596,1154.1862520389404,2227.8137479610596,0.31745342871736226,more_reliable,43.36,73.2,133625.0,38368.0,0.28713189897100094,False
06037480201,06,037,480201,Census Tract 4802.01; Los Angeles County; California,3689,329,1441,186,39.06,824,186,71,71,895,199.090431713832,695.909568286168,1094.090431713832,0.22244740973612515,more_reliable,24.26,62.11,163304.0,34715.0,0.2125789937784745,False
06037480202,06,037,480202,Census Tract 4802.02; Los Angeles County; California,2742,415,1493,376,54.45,1002,363,129,82,1131,372.1464765384727,758.8535234615273,1503.1464765384726,0.32904197748759745,more_reliable,41.25,75.75,119318.0,38684.0,0.32420925593791383,False
06037480302,06,037,480302,Census Tract 4803.02; Los Angeles County; California,3903,485,1797,383,46.04,1148,334,47,51,1195,337.87127726399,857.12872273601,1532.8712772639901,0.28273747051379916,more_reliable,30.62,66.5,110000.0,24454.0,0.2223090909090909,False
06037480303,06,037,480303,Census Tract 4803.03; Los Angeles County; California,4326,468,2207,450,51.02,1321,443,91,77,1412,449.64207988132074,962.3579201186792,1861.6420798813208,0.3184433993493773,more_reliable,32.64,63.98,96105.0,9318.0,0.09695645387857031,False
06037480304,06,037,480304,Census Tract 4803.04; Los Angeles County; California,4188,459,2544,444,60.74,1584,370,73,62,1657,375.15863311404684,1281.8413668859532,2032.1586331140468,0.2264083482885014,more_reliable,39.57,65.13,78165.0,12562.0,0.16071131580630718,False
06037480400,06,037,480400,Census Tract 4804; Los Angeles County; California,5899,658,2226,492,37.74,1223,362,172,203,1395,415.03373356873055,979.9662664312694,1810.0337335687304,0.29751522119622265,more_reliable,23.65,62.67,93341.0,11927.0,0.12777878959942576,False
06037480500,06,037,480500,Census Tract 4805; Los Angeles County; California,5287,574,1491,465,28.2,628,268,163,157,791,310.60103026229643,480.39896973770357,1101.6010302622965,0.39266881196244807,more_reliable,14.96,53.05,121620.0,27194.0,0.22359809241901002,False
06037480601,06,037,480601,Census Tract 4806.01; Los Angeles County; California,3783,367,1171,296,30.95,570,230,51,55,621,236.48467180770933,384.51532819229067,857.4846718077093,0.3808126760188556,more_reliable,16.42,53.03,126563.0,17828.0,0.1408626533821101,False
06037480602,06,037,480602,Census Tract 4806.02; Los Angeles County; California,4306,563,1012,319,23.5,479,265,90,88,569,279.22929645723065,289.77070354276935,848.2292964572307,0.4907369006278219,more_reliable,13.21,56.23,119479.0,62317.0,0.5215728286979302,False
06037480702,06,037,480702,Census Tract 4807.02; Los Angeles County; California,4722,362,2257,356,47.8,1224,346,19,27,1243,347.0518693221519,895.9481306778481,1590.051869322152,0.27920504370245525,more_reliable,26.32,55.07,194023.0,35157.0,0.18120016699051145,False
06037480703,06,037,480703,Census Tract 4807.03; Los Angeles County; California,3883,605,1676,424,43.16,869,305,31,49,900,308.91099041633333,591.0890095836667,1208.9109904163333,0.34323443379592594,more_reliable,23.18,53.7,169844.0,45515.0,0.267981206283413,False
06037480704,06,037,480704,Census Tract 4807.04; Los Angeles County; California,4087,515,1653,312,40.45,836,348,8,11,844,348.1738071710737,495.8261928289263,1192.1738071710738,0.41252820754866554,more_reliable,20.65,51.06,117065.0,18585.0,0.1587579549822748,False
06037480802,06,037,480802,Census Tract 4808.02; Los Angeles County; California,3180,380,1428,309,44.91,771,271,0,14,771,271.3613826615718,499.6386173384282,1042.3613826615717,0.3519602887958129,more_reliable,24.25,53.99,111375.0,32950.0,0.29584736251402916,False
06037480803,06,037,480803,Census Tract 4808.03; Los Angeles County; California,2980,332,647,212,21.71,371,171,0,14,371,171.572142260916,199.427857739084,542.572142260916,0.46245860447686254,more_reliable,12.45,57.34,114531.0,18883.0,0.16487239262732362,False
06037480804,06,037,480804,Census Tract 4808.04; Los Angeles County; California,4717,659,1911,482,40.51,1414,451,65,62,1479,455.24169404833737,1023.7583059516626,1934.2416940483374,0.3078037147047582,more_reliable,31.35,77.39,91291.0,10272.0,0.11251930639383947,False
06037480901,06,037,480901,Census Tract 4809.01; Los Angeles County; California,3767,464,2213,390,58.75,1691,423,51,55,1742,426.5606639154623,1315.4393360845377,2168.560663915462,0.24486834897558113,more_reliable,46.24,78.72,80877.0,15220.0,0.18818700001236446,False
06037480902,06,037,480902,Census Tract 4809.02; Los Angeles County; California,4009,690,2119,754,52.86,1453,721,16,26,1469,721.4686410371555,747.5313589628445,2190.4686410371555,0.49112909532822024,more_reliable,36.64,69.33,64932.0,10736.0,0.165342204152036,False
06037480903,06,037,480903,Census Tract 4809.03; Los Angeles County; California,2860,493,1813,416,63.39,1420,388,27,36,1447,389.6665240946417,1057.3334759053582,1836.6665240946418,0.26929269115040894,more_reliable,50.59,79.81,106250.0,35538.0,0.33447529411764704,False
06037481001,06,037,481001,Census Tract 4810.01; Los Angeles County; California,4282,702,2345,534,54.76,1464,388,50,58,1514,392.3111010409978,1121.6888989590022,1906.3111010409978,0.25912225960435786,more_reliable,35.36,64.56,74018.0,10741.0,0.14511335080656057,False
06037481002,06,037,481002,Census Tract 4810.02; Los Angeles County; California,5794,569,2363,368,40.78,1647,296,123,93,1770,310.26601489689455,1459.7339851031054,2080.2660148968944,0.17529153384005342,more_reliable,30.55,74.9,84261.0,14662.0,0.17400695458159765,False
06037481101,06,037,481101,Census Tract 4811.01; Los Angeles County; California,4468,681,2040,479,45.66,1427,457,23,29,1450,457.91920684767086,992.0807931523291,1907.919206847671,0.3158063495501178,more_reliable,32.45,71.08,94550.0,27086.0,0.2864727657324167,False
06037481102,06,037,481102,Census Tract 4811.02; Los Angeles County; California,3702,418,1356,347,36.63,882,294,15,23,897,294.89828755013144,602.1017124498685,1191.8982875501315,0.3287606327203249,more_reliable,24.23,66.15,86037.0,18208.0,0.21162988016783477,False
06037481103,06,037,481103,Census Tract 4811.03; Los Angeles County; California,5489,750,3074,555,56.0,2143,417,95,82,2238,424.98588211845345,1813.0141178815466,2662.9858821184534,0.1898953896865297,more_reliable,40.77,72.8,77565.0,13663.0,0.17614903629214207,False
06037481201,06,037,481201,Census Tract 4812.01; Los Angeles County; California,3784,553,2176,390,57.51,1439,401,70,63,1509,405.9187110740277,1103.0812889259723,1914.9187110740277,0.2689984831504491,more_reliable,39.88,69.35,95169.0,13319.0,0.139951034475512,False
06037481203,06,037,481203,Census Tract 4812.03; Los Angeles County; California,6206,879,3529,460,56.86,2431,548,162,165,2593,572.3014939697432,2020.6985060302568,3165.301493969743,0.22071017893164027,more_reliable,41.78,73.48,82644.0,12495.0,0.15119064904893278,False
06037481300,06,037,481300,Census Tract 4813; Los Angeles County; California,3032,440,2105,386,69.43,1121,336,0,14,1121,336.29154018500077,784.7084598149993,1457.2915401850007,0.29999245333184726,more_reliable,36.97,53.25,76250.0,12992.0,0.17038688524590165,False
06037481401,06,037,481401,Census Tract 4814.01; Los Angeles County; California,5030,601,3497,465,69.52,2789,513,29,30,2818,513.8764442937621,2304.1235557062378,3331.8764442937622,0.1823550192667715,more_reliable,56.02,80.58,87823.0,16770.0,0.19095225624266993,False
06037481403,06,037,481403,Census Tract 4814.03; Los Angeles County; California,3038,1138,2262,1149,74.46,1055,257,14,25,1069,258.21309029559285,810.7869097044072,1327.2130902955928,0.24154638942525056,more_reliable,35.19,47.26,77353.0,18380.0,0.2376119866068543,False
06037481404,06,037,481404,Census Tract 4814.04; Los Angeles County; California,3842,575,3182,517,82.82,1912,356,33,51,1945,359.63453671748493,1585.365463282515,2304.634536717485,0.1849020754331542,more_reliable,50.62,61.13,81000.0,13179.0,0.1627037037037037,False
06037481500,06,037,481500,Census Tract 4815; Los Angeles County; California,4458,484,3306,366,74.16,2385,414,47,46,2432,416.54771635432115,2015.4522836456788,2848.547716354321,0.17127784389569126,more_reliable,54.55,73.56,82604.0,16969.0,0.20542588736622924,False
06037481603,06,037,481603,Census Tract 4816.03; Los Angeles County; California,3711,412,2580,541,69.52,2179,486,0,14,2179,486.2016042754281,1692.798395724572,2665.201604275428,0.22313061233383574,more_reliable,58.72,84.46,93375.0,21830.0,0.23378848728246318,False
06037481604,06,037,481604,Census Tract 4816.04; Los Angeles County; California,4000,703,2072,455,51.8,1506,448,11,17,1517,448.3224286158345,1068.6775713841655,1965.3224286158345,0.29553225353713547,more_reliable,37.92,73.21,79871.0,27840.0,0.3485620563158092,False
06037481605,06,037,481605,Census Tract 4816.05; Los Angeles County; California,2811,364,1630,381,57.99,1090,406,16,28,1106,406.96437190496175,699.0356280950382,1512.9643719049618,0.3679605532594591,more_reliable,39.35,67.85,82321.0,22219.0,0.2699068281483461,False
06037481606,06,037,481606,Census Tract 4816.06; Los Angeles County; California,5002,640,3180,589,63.57,2174,408,173,265,2347,486.506937257836,1860.493062742164,2833.506937257836,0.20728885268761654,more_reliable,46.92,73.81,75150.0,9715.0,0.12927478376580173,False
06037481711,06,037,481711,Census Tract 4817.11; Los Angeles County; California,4388,654,3885,666,88.54,3443,702,21,32,3464,702.7289662451662,2761.2710337548338,4166.728966245166,0.20286632974744984,more_reliable,78.94,89.16,51655.0,17459.0,0.3379924499080438,False
06037481712,06,037,481712,Census Tract 4817.12; Los Angeles County; California,5269,818,4670,871,88.63,3580,908,0,19,3580,908.1987667906184,2671.8012332093817,4488.198766790619,0.25368680636609453,more_reliable,67.94,76.66,46387.0,16410.0,0.3537629077112122,False
06037481713,06,037,481713,Census Tract 4817.13; Los Angeles County; California,2892,454,2012,446,69.57,1820,465,26,30,1846,465.966737010272,1380.033262989728,2311.966737010272,0.25241968418757965,more_reliable,63.83,91.75,74453.0,30514.0,0.40984245094220517,False
06037481714,06,037,481714,Census Tract 4817.14; Los Angeles County; California,2595,329,1991,253,76.72,1577,248,29,44,1606,251.87298386289865,1354.1270161371012,1857.8729838628988,0.1568324930653167,more_reliable,61.89,80.66,42675.0,11671.0,0.273485647334505,False
06037481800,06,037,481800,Census Tract 4818; Los Angeles County; California,2382,228,1633,221,68.56,1207,228,31,28,1238,229.71286424577968,1008.2871357542203,1467.7128642457797,0.185551586628255,more_reliable,51.97,75.81,124219.0,19027.0,0.1531730250605785,False
06037481901,06,037,481901,Census Tract 4819.01; Los Angeles County; California,5581,547,1898,294,34.01,1298,300,31,34,1329,301.9205193424256,1027.0794806575743,1630.9205193424257,0.22717872034795006,more_reliable,23.81,70.02,113607.0,22125.0,0.19475032348358817,False
06037481902,06,037,481902,Census Tract 4819.02; Los Angeles County; California,3172,468,1370,371,43.19,884,262,14,22,898,262.9220416777566,635.0779583222434,1160.9220416777566,0.29278623794850406,more_reliable,28.31,65.55,84700.0,12072.0,0.14252656434474617,False
06037482001,06,037,482001,Census Tract 4820.01; Los Angeles County; California,2549,279,1633,182,64.06,978,217,25,31,1003,219.20310216782974,783.7968978321703,1222.2031021678297,0.21854745978846435,more_reliable,39.35,61.42,143750.0,25280.0,0.1758608695652174,False
06037482002,06,037,482002,Census Tract 4820.02; Los Angeles County; California,6655,859,4058,679,60.98,1718,477,72,71,1790,482.2551192055923,1307.7448807944077,2272.255119205592,0.2694162677126214,more_reliable,26.9,44.11,107606.0,25002.0,0.2323476386075126,False
06037482101,06,037,482101,Census Tract 4821.01; Los Angeles County; California,3885,550,2667,433,68.65,2038,458,53,48,2091,460.5084146896775,1630.4915853103225,2551.5084146896775,0.2202335794785641,more_reliable,53.82,78.4,75511.0,36108.0,0.4781819867304101,False
06037482102,06,037,482102,Census Tract 4821.02; Los Angeles County; California,3131,465,1860,410,59.41,1211,267,19,23,1230,267.9888057363591,962.0111942636408,1497.9888057363592,0.2178770778344383,more_reliable,39.28,66.13,91500.0,27548.0,0.3010710382513661,False
06037482201,06,037,482201,Census Tract 4822.01; Los Angeles County; California,3813,585,2917,547,76.5,2448,513,20,23,2468,513.5153357008921,1954.4846642991079,2981.515335700892,0.20806942289339228,more_reliable,64.73,84.61,62223.0,11731.0,0.1885315719267795,False
06037482202,06,037,482202,Census Tract 4822.02; Los Angeles County; California,5121,738,3340,709,65.22,2461,629,17,26,2478,629.5371315498396,1848.4628684501604,3107.5371315498396,0.2540504969934785,more_reliable,48.39,74.19,69760.0,20599.0,0.29528383027522936,False
06037482301,06,037,482301,Census Tract 4823.01; Los Angeles County; California,4974,1136,3821,1135,76.82,2191,552,24,32,2215,552.9267582600792,1662.0732417399208,2767.926758260079,0.24962833330026146,more_reliable,44.53,57.97,85720.0,16149.0,0.1883924405039664,False
06037482303,06,037,482303,Census Tract 4823.03; Los Angeles County; California,4607,496,3037,377,65.92,1847,380,36,42,1883,382.31400706748894,1500.685992932511,2265.314007067489,0.20303452313727507,more_reliable,40.87,62.0,73813.0,10812.0,0.14647826263666291,False
06037482304,06,037,482304,Census Tract 4823.04; Los Angeles County; California,3026,510,1296,324,42.83,840,223,0,14,840,223.4390297150433,616.5609702849567,1063.4390297150433,0.26599884489886105,more_reliable,27.76,64.81,55054.0,7974.0,0.14483961201729212,False
06037482401,06,037,482401,Census Tract 4824.01; Los Angeles County; California,3553,319,2138,277,60.17,1115,316,0,14,1115,316.30997455028194,798.6900254497181,1431.3099745502818,0.2836860758298493,more_reliable,31.38,52.15,70938.0,15241.0,0.2148495869632637,False
06037482403,06,037,482403,Census Tract 4824.03; Los Angeles County; California,3291,489,2024,558,61.5,1422,558,0,14,1422,558.1755996100152,863.8244003899848,1980.175599610015,0.3925285510618953,more_reliable,43.21,70.26,69265.0,33915.0,0.4896412329459323,False
06037482404,06,037,482404,Census Tract 4824.04; Los Angeles County; California,3316,965,2660,984,80.22,980,352,10,16,990,352.3634487287238,637.6365512712762,1342.3634487287238,0.35592267548355944,more_reliable,29.86,37.22,61755.0,14954.0,0.24215043316330662,False
06037482502,06,037,482502,Census Tract 4825.02; Los Angeles County; California,3513,470,2664,413,75.83,1708,429,22,37,1730,430.5926148925455,1299.4073851074545,2160.5926148925455,0.24889746525580664,more_reliable,49.25,64.94,62236.0,13812.0,0.22192942991194806,False
06037482503,06,037,482503,Census Tract 4825.03; Los Angeles County; California,3980,635,3106,643,78.04,2153,604,0,14,2153,604.1622298687663,1548.8377701312338,2757.162229868766,0.2806141337058831,more_reliable,54.1,69.32,82662.0,22061.0,0.26688200140330504,False
06037482521,06,037,482521,Census Tract 4825.21; Los Angeles County; California,5261,725,3089,673,58.72,1940,608,7,12,1947,608.118409522356,1338.8815904776438,2555.118409522356,0.31233611172180586,more_reliable,37.01,63.03,79464.0,7148.0,0.0899526829759388,False
06037482522,06,037,482522,Census Tract 4825.22; Los Angeles County; California,4479,586,1877,478,41.91,942,346,20,31,962,347.3859525081577,614.6140474918423,1309.3859525081577,0.3611080587402887,more_reliable,21.48,51.25,90952.0,21049.0,0.2314297651508488,False
06037482600,06,037,482600,Census Tract 4826; Los Angeles County; California,6611,900,4411,1029,66.72,3062,1067,0,19,3062,1067.169152477713,1994.830847522287,4129.1691524777125,0.3485202980005594,more_reliable,46.32,69.42,114493.0,39517.0,0.3451477382896771,False
06037482701,06,037,482701,Census Tract 4827.01; Los Angeles County; California,3827,466,1396,342,36.48,781,301,0,14,781,301.3254055004324,479.6745944995676,1082.3254055004325,0.38581998143461255,more_reliable,20.41,55.95,78250.0,20052.0,0.2562555910543131,False
06037482702,06,037,482702,Census Tract 4827.02; Los Angeles County; California,2669,306,1452,267,54.4,1002,283,43,36,1045,285.2805636562014,759.7194363437986,1330.2805636562014,0.2729957546949296,more_reliable,39.15,71.97,121146.0,16684.0,0.13771812523731697,False
06037482801,06,037,482801,Census Tract 4828.01; Los Angeles County; California,3920,652,1603,245,40.89,1076,255,50,53,1126,260.4496112494699,865.5503887505301,1386.4496112494699,0.23130516096755765,more_reliable,28.72,70.24,92697.0,27464.0,0.29627711792183137,False
06037500100,06,037,500100,Census Tract 5001; Los Angeles County; California,3626,460,595,165,16.41,328,157,0,14,328,157.62296786953354,170.37703213046646,485.62296786953357,0.48055782887052906,more_reliable,9.05,55.13,190107.0,41164.0,0.2165306906110769,False
06037500202,06,037,500202,Census Tract 5002.02; Los Angeles County; California,4898,1058,598,259,12.21,92,75,32,53,124,91.83681179135085,32.163188208649146,215.83681179135084,0.7406194499302489,usable_with_caution,2.53,20.74,158750.0,68942.0,0.4342803149606299,False
06037500203,06,037,500203,Census Tract 5002.03; Los Angeles County; California,4287,606,130,104,3.03,17,22,0,14,17,26.076809620810597,0.0,43.07680962081059,1.533929977694741,high_uncertainty,0.4,13.08,184286.0,50600.0,0.2745732177159415,False
06037500204,06,037,500204,Census Tract 5002.04; Los Angeles County; California,2341,430,493,181,21.06,251,132,24,38,275,137.3608386695422,137.6391613304578,412.3608386695422,0.4994939587983353,more_reliable,11.75,55.78,160682.0,84302.0,0.524651174369251,False
06037500300,06,037,500300,Census Tract 5003; Los Angeles County; California,2541,388,394,110,15.51,108,81,0,14,108,82.20097323024831,25.79902676975169,190.2009732302483,0.7611201225022991,usable_with_caution,4.25,27.41,116719.0,14323.0,0.12271352564706689,False
06037500402,06,037,500402,Census Tract 5004.02; Los Angeles County; California,4616,930,498,749,10.79,0,14,0,14,0,19.79898987322333,0.0,19.79898987322333,,zero_estimate,0.0,0.0,67004.0,23626.0,0.35260581457823414,False
06037500403,06,037,500403,Census Tract 5004.03; Los Angeles County; California,3868,415,204,164,5.27,19,18,0,14,19,22.80350850198276,0.0,41.80350850198276,1.2001846579990925,high_uncertainty,0.49,9.31,82279.0,46642.0,0.5668761166275721,False
06037500404,06,037,500404,Census Tract 5004.04; Los Angeles County; California,4398,525,365,179,8.3,145,155,0,14,145,155.63097378092831,0.0,300.63097378092834,1.0733170605581264,high_uncertainty,3.3,39.73,104844.0,22012.0,0.20995002098355653,False
06037500500,06,037,500500,Census Tract 5005; Los Angeles County; California,2764,440,138,90,4.99,103,79,0,14,103,80.23091673413684,22.76908326586316,183.23091673413683,0.7789409391663771,usable_with_caution,3.73,74.64,66818.0,23513.0,0.3518961956359065,False
06037500600,06,037,500600,Census Tract 5006; Los Angeles County; California,5853,925,71,99,1.21,49,90,0,19,49,91.98369420718001,0.0,140.98369420718,1.8772182491261227,high_uncertainty,0.84,69.01,114018.0,18694.0,0.16395656826115174,False
06037500700,06,037,500700,Census Tract 5007; Los Angeles County; California,6716,751,93,126,1.38,0,19,0,19,0,26.870057685088806,0.0,26.870057685088806,,zero_estimate,0.0,0.0,79911.0,20409.0,0.2553966287494838,False
06037500800,06,037,500800,Census Tract 5008; Los Angeles County; California,5132,849,66,62,1.29,0,19,0,19,0,26.870057685088806,0.0,26.870057685088806,,zero_estimate,0.0,0.0,111406.0,28316.0,0.2541694343213112,False
06037500900,06,037,500900,Census Tract 5009; Los Angeles County; California,5182,677,121,152,2.34,118,152,0,19,118,153.18289721767243,0.0,271.18289721767246,1.2981601459124783,high_uncertainty,2.28,97.52,70117.0,40021.0,0.5707745625169359,False
06037501001,06,037,501001,Census Tract 5010.01; Los Angeles County; California,2901,510,12,13,0.41,0,14,0,14,0,19.79898987322333,0.0,19.79898987322333,,zero_estimate,0.0,0.0,108594.0,27938.0,0.25727019909018917,False
06037501002,06,037,501002,Census Tract 5010.02; Los Angeles County; California,4475,491,412,327,9.21,40,50,7,12,47,51.419840528729765,0.0,98.41984052872976,1.0940391601857398,high_uncertainty,1.05,11.41,116197.0,11916.0,0.1025499797757257,False
06037501200,06,037,501200,Census Tract 5012; Los Angeles County; California,5093,536,233,195,4.57,39,40,0,19,39,44.28317965096906,0.0,83.28317965096906,1.1354661448966425,high_uncertainty,0.77,16.74,113079.0,15570.0,0.13769134852625156,False
06037501301,06,037,501301,Census Tract 5013.01; Los Angeles County; California,3065,599,135,81,4.4,15,24,0,14,15,27.784887978899608,0.0,42.784887978899604,1.852325865259974,high_uncertainty,0.49,11.11,90417.0,27754.0,0.30695555039428424,False
06037501302,06,037,501302,Census Tract 5013.02; Los Angeles County; California,4345,586,362,207,8.33,36,35,21,33,57,48.104053883222775,8.895946116777225,105.10405388322278,0.8439307698811013,usable_with_caution,1.31,15.75,103478.0,5972.0,0.05771275053634589,False
06037501400,06,037,501400,Census Tract 5014; Los Angeles County; California,3297,616,59,63,1.79,0,14,0,14,0,19.79898987322333,0.0,19.79898987322333,,zero_estimate,0.0,0.0,87273.0,34361.0,0.3937185612961626,False
06037501501,06,037,501501,Census Tract 5015.01; Los Angeles County; California,2097,244,180,79,8.58,27,22,0,14,27,26.076809620810597,0.9231903791894034,53.07680962081059,0.9658077637337258,usable_with_caution,1.29,15.0,144250.0,18411.0,0.12763258232235702,False
06037501503,06,037,501503,Census Tract 5015.03; Los Angeles County; California,5484,762,106,115,1.93,6,10,0,19,6,21.470910553583888,0.0,27.470910553583888,3.5784850922639815,high_uncertainty,0.11,5.66,91820.0,16321.0,0.17774994554563275,False
06037501504,06,037,501504,Census Tract 5015.04; Los Angeles County; California,3551,599,230,97,6.48,142,82,0,14,142,83.18653737234169,58.81346262765831,225.1865373723417,0.5858206857207161,usable_with_caution,4.0,61.74,56576.0,10609.0,0.18751767533936653,False
06037501600,06,037,501600,Census Tract 5016; Los Angeles County; California,6827,851,359,120,5.26,176,135,0,19,176,136.33048081775402,39.66951918224598,312.33048081775405,0.7746050046463296,usable_with_caution,2.58,49.03,104333.0,58192.0,0.5577525806791716,False
06037501700,06,037,501700,Census Tract 5017; Los Angeles County; California,3828,460,104,89,2.72,0,14,0,14,0,19.79898987322333,0.0,19.79898987322333,,zero_estimate,0.0,0.0,101512.0,48496.0,0.47773662227125857,False
06037501802,06,037,501802,Census Tract 5018.02; Los Angeles County; California,3304,375,175,165,5.3,0,14,0,14,0,19.79898987322333,0.0,19.79898987322333,,zero_estimate,0.0,0.0,95909.0,16551.0,0.1725698318197458,False
06037501803,06,037,501803,Census Tract 5018.03; Los Angeles County; California,4804,932,60,51,1.25,0,14,0,14,0,19.79898987322333,0.0,19.79898987322333,,zero_estimate,0.0,0.0,60399.0,5502.0,0.09109422341429493,False
06037501804,06,037,501804,Census Tract 5018.04; Los Angeles County; California,1969,311,58,58,2.95,0,14,0,14,0,19.79898987322333,0.0,19.79898987322333,,zero_estimate,0.0,0.0,62832.0,14533.0,0.23129933791698498,False
06037501900,06,037,501900,Census Tract 5019; Los Angeles County; California,4332,639,201,209,4.64,119,191,0,14,119,191.51240168720145,0.0,310.5124016872014,1.6093479133378272,high_uncertainty,2.75,59.2,112143.0,18173.0,0.16205202286366513,False
06037502003,06,037,502003,Census Tract 5020.03; Los Angeles County; California,2599,389,9,10,0.35,4,5,0,14,4,14.866068747318506,0.0,18.866068747318508,3.7165171868296265,high_uncertainty,0.15,44.44,64088.0,15502.0,0.2418861565347647,False
06037502004,06,037,502004,Census Tract 5020.04; Los Angeles County; California,3621,635,145,85,4.0,6,10,8,12,14,15.620499351813308,0.0,29.620499351813308,1.1157499537009505,high_uncertainty,0.39,9.66,68110.0,7036.0,0.10330347966524739,False
06037502005,06,037,502005,Census Tract 5020.05; Los Angeles County; California,4606,866,130,114,2.82,26,46,0,14,26,48.08326112068523,0.0,74.08326112068522,1.8493561969494319,high_uncertainty,0.56,20.0,108889.0,33914.0,0.311454784229812,False
06037502100,06,037,502100,Census Tract 5021; Los Angeles County; California,5996,637,796,268,13.28,44,42,87,92,131,101.13357503816425,29.866424961835747,232.13357503816425,0.7720120231920935,usable_with_caution,2.18,16.46,95372.0,15657.0,0.16416768024158035,False
06037502200,06,037,502200,Census Tract 5022; Los Angeles County; California,7013,829,337,177,4.81,0,19,0,19,0,26.870057685088806,0.0,26.870057685088806,,zero_estimate,0.0,0.0,121625.0,17185.0,0.14129496402877698,False
06037502303,06,037,502303,Census Tract 5023.03; Los Angeles County; California,8128,1054,38,42,0.47,0,19,0,19,0,26.870057685088806,0.0,26.870057685088806,,zero_estimate,0.0,0.0,87764.0,32750.0,0.37315983774668426,False
06037502401,06,037,502401,Census Tract 5024.01; Los Angeles County; California,4719,820,204,88,4.32,6,23,0,14,6,26.92582403567252,0.0,32.92582403567252,4.487637339278753,high_uncertainty,0.13,2.94,73214.0,20288.0,0.2771054716311088,False
06037502402,06,037,502402,Census Tract 5024.02; Los Angeles County; California,3365,289,174,132,5.17,11,17,0,14,11,22.02271554554524,0.0,33.02271554554524,2.002065049595022,high_uncertainty,0.33,6.32,94429.0,19860.0,0.2103167459149202,False
06037502500,06,037,502500,Census Tract 5025; Los Angeles County; California,4029,459,32,49,0.79,6,16,0,14,6,21.2602916254693,0.0,27.2602916254693,3.5433819375782165,high_uncertainty,0.15,18.75,90313.0,35006.0,0.38760754265720326,False
06037502602,06,037,502602,Census Tract 5026.02; Los Angeles County; California,4040,545,92,80,2.28,14,22,0,14,14,26.076809620810597,0.0,40.07680962081059,1.8626292586293283,high_uncertainty,0.35,15.22,78967.0,18575.0,0.23522484075626526,False
06037502603,06,037,502603,Census Tract 5026.03; Los Angeles County; California,3261,580,49,64,1.5,24,43,0,14,24,45.221676218380054,0.0,69.22167621838005,1.8842365090991688,high_uncertainty,0.74,48.98,99727.0,58309.0,0.5846861933077301,False
06037502604,06,037,502604,Census Tract 5026.04; Los Angeles County; California,3630,585,8,10,0.22,6,9,0,14,6,16.64331697709324,0.0,22.64331697709324,2.773886162848873,high_uncertainty,0.17,75.0,101111.0,52033.0,0.5146126534204982,False
06037502700,06,037,502700,Census Tract 5027; Los Angeles County; California,7159,652,229,155,3.2,78,108,0,19,78,109.65856099730654,0.0,187.65856099730655,1.4058789871449555,high_uncertainty,1.09,34.06,93051.0,6806.0,0.07314268519414084,False
06037502801,06,037,502801,Census Tract 5028.01; Los Angeles County; California,6263,709,386,237,6.16,0,19,0,19,0,26.870057685088806,0.0,26.870057685088806,,zero_estimate,0.0,0.0,110871.0,19725.0,0.17790946234813432,False
06037502901,06,037,502901,Census Tract 5029.01; Los Angeles County; California,5432,706,47,66,0.87,40,64,7,12,47,65.11528238439882,0.0,112.11528238439882,1.385431540093592,high_uncertainty,0.87,100.0,121780.0,14907.0,0.12240926260469699,False
06037503000,06,037,503000,Census Tract 5030; Los Angeles County; California,5762,820,393,487,6.82,0,19,0,19,0,26.870057685088806,0.0,26.870057685088806,,zero_estimate,0.0,0.0,85865.0,37686.0,0.4388982705409655,False
06037503103,06,037,503103,Census Tract 5031.03; Los Angeles County; California,5595,633,282,170,5.04,6,12,6,12,12,16.97056274847714,0.0,28.97056274847714,1.414213562373095,high_uncertainty,0.21,4.26,103363.0,17400.0,0.1683387672571423,False
06037503104,06,037,503104,Census Tract 5031.04; Los Angeles County; California,2375,547,233,225,9.81,5,9,0,14,5,16.64331697709324,0.0,21.64331697709324,3.3286633954186478,high_uncertainty,0.21,2.15,86577.0,7635.0,0.08818739388059184,False
06037503105,06,037,503105,Census Tract 5031.05; Los Angeles County; California,3358,391,494,310,14.71,8,19,0,14,8,23.600847442411894,0.0,31.600847442411894,2.9501059303014867,high_uncertainty,0.24,1.62,101484.0,20654.0,0.20351976666272517,False
06037503106,06,037,503106,Census Tract 5031.06; Los Angeles County; California,3820,560,217,155,5.68,68,81,27,47,95,93.64827814754524,1.3517218524547587,188.64827814754523,0.9857713489215288,usable_with_caution,2.49,43.78,89958.0,22282.0,0.24769336801618533,False
06037503201,06,037,503201,Census Tract 5032.01; Los Angeles County; California,3883,750,183,119,4.71,51,61,0,14,51,62.5859409132754,0.0,113.58594091327541,1.227175312025008,high_uncertainty,1.31,27.87,106655.0,25459.0,0.23870423327551452,False
06037503202,06,037,503202,Census Tract 5032.02; Los Angeles County; California,4394,744,720,361,16.39,88,73,0,14,88,74.33034373659252,13.669656263407475,162.3303437365925,0.8446629970067332,usable_with_caution,2.0,12.22,108779.0,19436.0,0.178674192629092,False
06037503301,06,037,503301,Census Tract 5033.01; Los Angeles County; California,3330,729,122,82,3.66,19,26,0,14,19,29.5296461204668,0.0,48.5296461204668,1.5541919010772,high_uncertainty,0.57,15.57,136678.0,21987.0,0.16086714760239396,False
06037503302,06,037,503302,Census Tract 5033.02; Los Angeles County; California,6129,639,402,159,6.56,25,39,8,13,33,41.10960958218893,0.0,74.10960958218894,1.2457457449148162,high_uncertainty,0.54,8.21,97519.0,10660.0,0.10931203150155354,False
06037503401,06,037,503401,Census Tract 5034.01; Los Angeles County; California,7641,1223,457,216,5.98,292,182,0,19,292,182.98907071188705,109.01092928811295,474.98907071188705,0.6266748996982433,usable_with_caution,3.82,63.89,109356.0,26315.0,0.24063608764036723,False
06037503402,06,037,503402,Census Tract 5034.02; Los Angeles County; California,4141,422,306,161,7.39,63,63,0,14,63,64.53681120105021,0.0,127.53681120105021,1.0243938285880987,high_uncertainty,1.52,20.59,111932.0,49728.0,0.4442697351963692,False
06037503501,06,037,503501,Census Tract 5035.01; Los Angeles County; California,6783,1520,418,302,6.16,128,158,24,39,152,162.74212730574712,0.0,314.7421273057471,1.070671890169389,high_uncertainty,2.24,36.36,102905.0,10931.0,0.10622418735727127,False
06037503502,06,037,503502,Census Tract 5035.02; Los Angeles County; California,3900,541,355,273,9.1,0,14,0,14,0,19.79898987322333,0.0,19.79898987322333,,zero_estimate,0.0,0.0,102500.0,23137.0,0.22572682926829268,False
06037503601,06,037,503601,Census Tract 5036.01; Los Angeles County; California,4177,605,373,213,8.93,27,34,0,14,27,36.76955262170047,0.0,63.76955262170047,1.3618352822852027,high_uncertainty,0.65,7.24,106856.0,17179.0,0.16076776222205585,False
06037503602,06,037,503602,Census Tract 5036.02; Los Angeles County; California,3855,353,731,212,18.96,20,25,100,108,120,110.85576214162258,9.144237858377423,230.85576214162256,0.9237980178468548,usable_with_caution,3.11,16.42,151176.0,25837.0,0.17090675768640526,False
06037503701,06,037,503701,Census Tract 5037.01; Los Angeles County; California,5034,568,456,294,9.06,31,36,0,19,31,40.70626487409524,0.0,71.70626487409524,1.3131053185192012,high_uncertainty,0.62,6.8,106250.0,13003.0,0.12238117647058823,False
06037503702,06,037,503702,Census Tract 5037.02; Los Angeles County; California,4956,593,467,77,9.42,52,68,0,14,52,69.42621983083913,0.0,121.42621983083913,1.3351196121315216,high_uncertainty,1.05,11.13,125417.0,20028.0,0.15969126992353508,False
06037503704,06,037,503704,Census Tract 5037.04; Los Angeles County; California,4526,603,2651,450,58.57,51,54,15,32,66,62.76941930590086,3.230580694099139,128.76941930590087,0.9510518076651646,usable_with_caution,1.46,2.49,68273.0,27746.0,0.40639784395002415,False
06037503705,06,037,503705,Census Tract 5037.05; Los Angeles County; California,2926,444,734,209,25.09,88,86,6,11,94,86.70063436907483,7.299365630925166,180.70063436907483,0.922347174139094,usable_with_caution,3.21,12.81,116850.0,10675.0,0.09135643988018828,False
06037503801,06,037,503801,Census Tract 5038.01; Los Angeles County; California,3712,376,374,197,10.08,9,14,0,14,9,19.79898987322333,0.0,28.79898987322333,2.199887763691481,high_uncertainty,0.24,2.41,95694.0,25733.0,0.26890923150876755,False
06037503802,06,037,503802,Census Tract 5038.02; Los Angeles County; California,5305,558,1501,272,28.29,206,157,73,114,279,194.02319448973105,84.97680551026895,473.02319448973105,0.6954236361639106,usable_with_caution,5.26,18.59,107965.0,4106.0,0.038030843328856576,False
06037503901,06,037,503901,Census Tract 5039.01; Los Angeles County; California,2246,216,674,206,30.01,0,14,0,14,0,19.79898987322333,0.0,19.79898987322333,,zero_estimate,0.0,0.0,130750.0,32197.0,0.24624856596558317,False
06037503902,06,037,503902,Census Tract 5039.02; Los Angeles County; California,5146,682,783,185,15.22,117,156,0,19,117,157.15279189374905,0.0,274.15279189374905,1.3431862555021286,high_uncertainty,2.27,14.94,139451.0,16616.0,0.11915296412359896,False
06037504001,06,037,504001,Census Tract 5040.01; Los Angeles County; California,5133,610,880,296,17.14,303,147,24,36,327,151.34397906755325,175.65602093244675,478.3439790675533,0.4628256240597959,more_reliable,6.37,37.16,65698.0,56103.0,0.8539529361624403,False
06037504002,06,037,504002,Census Tract 5040.02; Los Angeles County; California,4920,477,597,236,12.13,59,45,21,32,80,55.21775076911409,24.78224923088591,135.2177507691141,0.6902218846139261,usable_with_caution,1.63,13.4,129635.0,20899.0,0.1612141782697574,False
06037504101,06,037,504101,Census Tract 5041.01; Los Angeles County; California,5234,607,811,214,15.49,87,113,0,19,87,114.58621208504974,0.0,201.58621208504974,1.3170828975293074,high_uncertainty,1.66,10.73,101025.0,23798.0,0.2355654540955209,False
06037504200,06,037,504200,Census Tract 5042; Los Angeles County; California,7320,634,1028,308,14.04,155,169,0,19,155,170.06469357276953,0.0,325.06469357276956,1.0971915714372227,high_uncertainty,2.12,15.08,64554.0,28986.0,0.44901942559717445,False
06037530005,06,037,530005,Census Tract 5300.05; Los Angeles County; California,3350,330,2004,327,59.82,973,307,83,103,1056,323.81785003300854,732.1821499669915,1379.8178500330087,0.3066456913191369,more_reliable,31.52,52.69,131500.0,41319.0,0.314212927756654,False
06037530006,06,037,530006,Census Tract 5300.06; Los Angeles County; California,4679,608,1101,450,23.53,477,396,0,14,477,396.2473974677941,80.75260253220591,873.2473974677941,0.8307073322175976,usable_with_caution,10.19,43.32,87679.0,18873.0,0.21525108634906875,False
06037530007,06,037,530007,Census Tract 5300.07; Los Angeles County; California,6369,671,1583,456,24.85,563,254,0,19,563,254.70963860835735,308.29036139164265,817.7096386083574,0.45241498864717117,more_reliable,8.84,35.57,86532.0,11812.0,0.1365044145518421,False
06037530101,06,037,530101,Census Tract 5301.01; Los Angeles County; California,5319,507,270,121,5.08,249,121,0,19,249,122.48265183282079,126.51734816717921,371.4826518328208,0.4918982001318104,more_reliable,4.68,92.22,51842.0,20557.0,0.396531769607654,False
06037530102,06,037,530102,Census Tract 5301.02; Los Angeles County; California,5160,529,463,139,8.97,344,95,27,34,371,100.90094152187085,270.09905847812917,471.90094152187083,0.27197019278132306,more_reliable,7.19,80.13,69917.0,17381.0,0.2485947623610853,False
06037530202,06,037,530202,Census Tract 5302.02; Los Angeles County; California,4323,662,240,131,5.55,129,74,0,14,129,75.31268153505093,53.68731846494907,204.31268153505093,0.5838192367058211,usable_with_caution,2.98,53.75,83000.0,26786.0,0.32272289156626505,False
06037530203,06,037,530203,Census Tract 5302.03; Los Angeles County; California,2762,322,392,298,14.19,88,91,0,14,88,92.07062506576133,0.0,180.07062506576133,1.0462571030200152,high_uncertainty,3.19,22.45,58393.0,11963.0,0.20487044680013014,False
06037530204,06,037,530204,Census Tract 5302.04; Los Angeles County; California,3732,680,185,93,4.96,90,64,0,14,90,65.5133574166368,24.486642583363206,155.51335741663678,0.7279261935181865,usable_with_caution,2.41,48.65,78646.0,29711.0,0.37778145105917654,False
06037530301,06,037,530301,Census Tract 5303.01; Los Angeles County; California,1896,335,17,26,0.9,0,14,0,14,0,19.79898987322333,0.0,19.79898987322333,,zero_estimate,0.0,0.0,60588.0,5647.0,0.0932032745758236,False
06037530302,06,037,530302,Census Tract 5303.02; Los Angeles County; California,5724,693,131,177,2.29,116,174,0,19,116,175.03428235634297,0.0,291.03428235634294,1.5089162272098533,high_uncertainty,2.03,88.55,59454.0,12594.0,0.21182763144616007,False
06037530400,06,037,530400,Census Tract 5304; Los Angeles County; California,3895,857,493,168,12.66,250,174,0,14,250,174.56230979223437,75.43769020776563,424.5623097922344,0.6982492391689374,usable_with_caution,6.42,50.71,39320.0,31304.0,0.7961342828077315,False
06037530500,06,037,530500,Census Tract 5305; Los Angeles County; California,3930,565,34,27,0.87,11,16,0,14,11,21.2602916254693,0.0,32.2602916254693,1.9327537841335727,high_uncertainty,0.28,32.35,73452.0,15768.0,0.21467080542395034,False
06037530603,06,037,530603,Census Tract 5306.03; Los Angeles County; California,4141,501,94,65,2.27,33,33,0,14,33,35.84689665786984,0.0,68.84689665786985,1.0862695956930255,high_uncertainty,0.8,35.11,77109.0,17359.0,0.22512287800386466,False
06037530700,06,037,530700,Census Tract 5307; Los Angeles County; California,2118,386,8,12,0.38,0,14,0,14,0,19.79898987322333,0.0,19.79898987322333,,zero_estimate,0.0,0.0,102981.0,35665.0,0.3463260213049009,False
06037530801,06,037,530801,Census Tract 5308.01; Los Angeles County; California,5664,883,333,304,5.88,201,297,0,19,201,297.6071235706565,0.0,498.6071235706565,1.4806324555754053,high_uncertainty,3.55,60.36,107796.0,28698.0,0.2662250918401425,False
06037530802,06,037,530802,Census Tract 5308.02; Los Angeles County; California,3065,340,194,109,6.33,0,14,0,14,0,19.79898987322333,0.0,19.79898987322333,,zero_estimate,0.0,0.0,79583.0,11721.0,0.14728019803224307,False
06037530901,06,037,530901,Census Tract 5309.01; Los Angeles County; California,3642,521,94,92,2.58,0,14,0,14,0,19.79898987322333,0.0,19.79898987322333,,zero_estimate,0.0,0.0,70909.0,15720.0,0.22169259191357937,False
06037530902,06,037,530902,Census Tract 5309.02; Los Angeles County; California,3600,708,163,81,4.53,136,81,0,14,136,82.20097323024831,53.79902676975169,218.2009732302483,0.6044189208106493,usable_with_caution,3.78,83.44,36548.0,6661.0,0.1822534748823465,False
06037531000,06,037,531000,Census Tract 5310; Los Angeles County; California,4585,763,0,14,0.0,0,14,0,14,0,19.79898987322333,0.0,19.79898987322333,,zero_estimate,0.0,,86098.0,11070.0,0.12857441520128227,False
06037531101,06,037,531101,Census Tract 5311.01; Los Angeles County; California,4676,1019,1,2,0.02,1,2,0,14,1,14.142135623730951,0.0,15.142135623730951,14.142135623730951,high_uncertainty,0.02,100.0,64942.0,9820.0,0.15121185057435865,False
06037531102,06,037,531102,Census Tract 5311.02; Los Angeles County; California,2407,284,44,40,1.83,14,22,0,14,14,26.076809620810597,0.0,40.07680962081059,1.8626292586293283,high_uncertainty,0.58,31.82,63571.0,16957.0,0.2667411240974658,False
06037531201,06,037,531201,Census Tract 5312.01; Los Angeles County; California,4260,766,0,14,0.0,0,14,0,14,0,19.79898987322333,0.0,19.79898987322333,,zero_estimate,0.0,,67167.0,31239.0,0.46509446603242666,False
06037531202,06,037,531202,Census Tract 5312.02; Los Angeles County; California,4547,922,13,24,0.29,0,14,0,14,0,19.79898987322333,0.0,19.79898987322333,,zero_estimate,0.0,0.0,68173.0,32141.0,0.47146230912531356,False
06037531301,06,037,531301,Census Tract 5313.01; Los Angeles County; California,5563,1026,23,29,0.41,9,20,0,19,9,27.586228448267445,0.0,36.58622844826745,3.0651364942519383,high_uncertainty,0.16,39.13,56789.0,12199.0,0.2148127278170068,False
06037531302,06,037,531302,Census Tract 5313.02; Los Angeles County; California,5240,642,84,110,1.6,52,86,24,38,76,94.02127418834527,0.0,170.02127418834527,1.2371220287940168,high_uncertainty,1.45,90.48,62961.0,13583.0,0.21573672590969012,False
06037531502,06,037,531502,Census Tract 5315.02; Los Angeles County; California,3084,463,0,14,0.0,0,14,0,14,0,19.79898987322333,0.0,19.79898987322333,,zero_estimate,0.0,,51641.0,10590.0,0.20506961522821016,False
06037531503,06,037,531503,Census Tract 5315.03; Los Angeles County; California,2435,383,0,14,0.0,0,14,0,14,0,19.79898987322333,0.0,19.79898987322333,,zero_estimate,0.0,,69653.0,26450.0,0.37973956613498344,False
06037531504,06,037,531504,Census Tract 5315.04; Los Angeles County; California,3875,639,0,14,0.0,0,14,0,14,0,19.79898987322333,0.0,19.79898987322333,,zero_estimate,0.0,,61708.0,33203.0,0.5380663771310041,False
06037531602,06,037,531602,Census Tract 5316.02; Los Angeles County; California,3671,635,0,14,0.0,0,14,0,14,0,19.79898987322333,0.0,19.79898987322333,,zero_estimate,0.0,,71574.0,31535.0,0.44059295274820465,False
06037531603,06,037,531603,Census Tract 5316.03; Los Angeles County; California,3390,478,20,19,0.59,14,16,0,14,14,21.2602916254693,0.0,35.2602916254693,1.5185922589620928,high_uncertainty,0.41,70.0,72574.0,12039.0,0.16588585443822856,False
06037531604,06,037,531604,Census Tract 5316.04; Los Angeles County; California,3140,416,0,14,0.0,0,14,0,14,0,19.79898987322333,0.0,19.79898987322333,,zero_estimate,0.0,,57596.0,12374.0,0.21484130842419613,False
06037531701,06,037,531701,Census Tract 5317.01; Los Angeles County; California,5350,803,0,19,0.0,0,19,0,19,0,26.870057685088806,0.0,26.870057685088806,,zero_estimate,0.0,,74430.0,14954.0,0.2009136101034529,False
06037531702,06,037,531702,Census Tract 5317.02; Los Angeles County; California,4328,788,19,21,0.44,0,14,0,14,0,19.79898987322333,0.0,19.79898987322333,,zero_estimate,0.0,0.0,76083.0,10857.0,0.14269942036985922,False
06037531800,06,037,531800,Census Tract 5318; Los Angeles County; California,4466,788,27,44,0.6,0,14,0,14,0,19.79898987322333,0.0,19.79898987322333,,zero_estimate,0.0,0.0,102718.0,38838.0,0.37810315621410073,False
06037531901,06,037,531901,Census Tract 5319.01; Los Angeles County; California,6203,918,36,47,0.58,29,45,0,19,29,48.84669896727925,0.0,77.84669896727925,1.684368929906181,high_uncertainty,0.47,80.56,67188.0,15674.0,0.2332857057807942,False
06037531902,06,037,531902,Census Tract 5319.02; Los Angeles County; California,3756,521,32,44,0.85,26,42,0,14,26,44.27188724235731,0.0,70.27188724235731,1.7027648939368196,high_uncertainty,0.69,81.25,93396.0,18044.0,0.19319885219923766,False
06037532001,06,037,532001,Census Tract 5320.01; Los Angeles County; California,2857,482,123,171,4.31,116,170,0,14,116,170.57549648176317,0.0,286.57549648176314,1.4704784179462342,high_uncertainty,4.06,94.31,56645.0,14633.0,0.258328184305764,False
06037532002,06,037,532002,Census Tract 5320.02; Los Angeles County; California,3487,413,258,127,7.4,102,85,0,14,102,86.14522621712709,15.854773782872911,188.1452262171271,0.8445610413443833,usable_with_caution,2.93,39.53,82750.0,9440.0,0.1140785498489426,False
06037532101,06,037,532101,Census Tract 5321.01; Los Angeles County; California,6979,1149,456,196,6.53,261,225,0,19,261,225.80079716422614,35.19920283577386,486.80079716422614,0.8651371538859239,usable_with_caution,3.74,57.24,56989.0,21525.0,0.37770446928354595,False
06037532102,06,037,532102,Census Tract 5321.02; Los Angeles County; California,3618,383,574,251,15.87,254,240,8,13,262,240.3518254559345,21.648174544065512,502.3518254559345,0.9173733796028034,usable_with_caution,7.24,45.64,104688.0,24224.0,0.23139232767843496,False
06037532200,06,037,532200,Census Tract 5322; Los Angeles County; California,6206,828,190,136,3.06,96,106,0,19,96,107.68936809174804,0.0,203.68936809174804,1.1217642509557086,high_uncertainty,1.55,50.53,88393.0,23516.0,0.2660391659973075,False
06037532302,06,037,532302,Census Tract 5323.02; Los Angeles County; California,4437,564,96,91,2.16,0,14,0,14,0,19.79898987322333,0.0,19.79898987322333,,zero_estimate,0.0,0.0,74602.0,22616.0,0.30315541138307284,False
06037532303,06,037,532303,Census Tract 5323.03; Los Angeles County; California,4367,651,5,8,0.11,0,14,0,14,0,19.79898987322333,0.0,19.79898987322333,,zero_estimate,0.0,0.0,80481.0,5545.0,0.06889824927622669,False
06037532304,06,037,532304,Census Tract 5323.04; Los Angeles County; California,3597,421,8,44,0.22,0,14,0,14,0,19.79898987322333,0.0,19.79898987322333,,zero_estimate,0.0,0.0,68551.0,20718.0,0.3022275386208808,False
06037532500,06,037,532500,Census Tract 5325; Los Angeles County; California,3770,527,20,37,0.53,0,14,0,14,0,19.79898987322333,0.0,19.79898987322333,,zero_estimate,0.0,0.0,60043.0,16952.0,0.28233099611944773,False
06037532605,06,037,532605,Census Tract 5326.05; Los Angeles County; California,4141,1231,35,63,0.85,0,14,0,14,0,19.79898987322333,0.0,19.79898987322333,,zero_estimate,0.0,0.0,43036.0,35010.0,0.8135049725810949,False
06037532606,06,037,532606,Census Tract 5326.06; Los Angeles County; California,3820,410,5,20,0.13,0,14,0,14,0,19.79898987322333,0.0,19.79898987322333,,zero_estimate,0.0,0.0,53785.0,14565.0,0.2708004090359766,False
06037532607,06,037,532607,Census Tract 5326.07; Los Angeles County; California,5048,609,58,85,1.15,0,19,0,19,0,26.870057685088806,0.0,26.870057685088806,,zero_estimate,0.0,0.0,55527.0,9596.0,0.17281682784951466,False
06037532700,06,037,532700,Census Tract 5327; Los Angeles County; California,2967,436,12,20,0.4,0,14,0,14,0,19.79898987322333,0.0,19.79898987322333,,zero_estimate,0.0,0.0,66406.0,11398.0,0.17164111676655724,False
06037532800,06,037,532800,Census Tract 5328; Los Angeles County; California,3856,617,27,47,0.7,27,47,0,14,27,49.040799340956916,0.0,76.04079934095691,1.8163259015169229,high_uncertainty,0.7,100.0,56791.0,10040.0,0.17678857565459316,False
06037532900,06,037,532900,Census Tract 5329; Los Angeles County; California,6227,825,14,20,0.22,0,19,0,19,0,26.870057685088806,0.0,26.870057685088806,,zero_estimate,0.0,0.0,43750.0,7347.0,0.16793142857142856,False
06037533001,06,037,533001,Census Tract 5330.01; Los Angeles County; California,4423,874,0,14,0.0,0,14,0,14,0,19.79898987322333,0.0,19.79898987322333,,zero_estimate,0.0,,76250.0,34748.0,0.4557114754098361,False
06037533002,06,037,533002,Census Tract 5330.02; Los Angeles County; California,2386,421,0,14,0.0,0,14,0,14,0,19.79898987322333,0.0,19.79898987322333,,zero_estimate,0.0,,63242.0,13885.0,0.21955346130735903,False
06037533103,06,037,533103,Census Tract 5331.03; Los Angeles County; California,3313,419,0,14,0.0,0,14,0,14,0,19.79898987322333,0.0,19.79898987322333,,zero_estimate,0.0,,60859.0,10858.0,0.17841239586585386,False
06037533104,06,037,533104,Census Tract 5331.04; Los Angeles County; California,4259,772,26,41,0.61,0,14,0,14,0,19.79898987322333,0.0,19.79898987322333,,zero_estimate,0.0,0.0,43140.0,10095.0,0.23400556328233657,False
06037533105,06,037,533105,Census Tract 5331.05; Los Angeles County; California,2267,457,0,14,0.0,0,14,0,14,0,19.79898987322333,0.0,19.79898987322333,,zero_estimate,0.0,,51887.0,12697.0,0.24470483936246074,False
06037533108,06,037,533108,Census Tract 5331.08; Los Angeles County; California,4824,455,34,31,0.7,0,14,0,14,0,19.79898987322333,0.0,19.79898987322333,,zero_estimate,0.0,0.0,60337.0,4932.0,0.08174088867527388,False
06037533201,06,037,533201,Census Tract 5332.01; Los Angeles County; California,2061,335,0,14,0.0,0,14,0,14,0,19.79898987322333,0.0,19.79898987322333,,zero_estimate,0.0,,70147.0,35084.0,0.5001496856601138,False
06037533204,06,037,533204,Census Tract 5332.04; Los Angeles County; California,3972,549,57,73,1.44,0,14,0,14,0,19.79898987322333,0.0,19.79898987322333,,zero_estimate,0.0,0.0,75714.0,14903.0,0.19683281823704996,False
06037533300,06,037,533300,Census Tract 5333; Los Angeles County; California,3126,518,20,34,0.64,0,14,0,14,0,19.79898987322333,0.0,19.79898987322333,,zero_estimate,0.0,0.0,49773.0,22688.0,0.45582946577461675,False
06037533401,06,037,533401,Census Tract 5334.01; Los Angeles County; California,4579,715,0,14,0.0,0,14,0,14,0,19.79898987322333,0.0,19.79898987322333,,zero_estimate,0.0,,61618.0,15002.0,0.24346781784543478,False
06037533402,06,037,533402,Census Tract 5334.02; Los Angeles County; California,3894,535,0,14,0.0,0,14,0,14,0,19.79898987322333,0.0,19.79898987322333,,zero_estimate,0.0,,58350.0,17519.0,0.3002399314481577,False
06037533403,06,037,533403,Census Tract 5334.03; Los Angeles County; California,2306,378,44,35,1.91,6,19,0,14,6,23.600847442411894,0.0,29.600847442411894,3.9334745737353156,high_uncertainty,0.26,13.64,70767.0,7249.0,0.10243475066061865,False
06037533501,06,037,533501,Census Tract 5335.01; Los Angeles County; California,2674,435,0,14,0.0,0,14,0,14,0,19.79898987322333,0.0,19.79898987322333,,zero_estimate,0.0,,73750.0,14417.0,0.19548474576271185,False
06037533504,06,037,533504,Census Tract 5335.04; Los Angeles County; California,3743,507,26,30,0.69,16,26,0,14,16,29.5296461204668,0.0,45.5296461204668,1.845602882529175,high_uncertainty,0.43,61.54,62446.0,10380.0,0.16622361720526535,False
06037533601,06,037,533601,Census Tract 5336.01; Los Angeles County; California,4420,921,142,230,3.21,0,14,0,14,0,19.79898987322333,0.0,19.79898987322333,,zero_estimate,0.0,0.0,65849.0,16785.0,0.25490136524472656,False
06037533602,06,037,533602,Census Tract 5336.02; Los Angeles County; California,5134,731,125,188,2.43,125,188,0,19,125,188.95766721676048,0.0,313.95766721676046,1.511661337734084,high_uncertainty,2.43,100.0,62432.0,16078.0,0.25752819067145055,False
06037533603,06,037,533603,Census Tract 5336.03; Los Angeles County; California,5897,796,0,19,0.0,0,19,0,19,0,26.870057685088806,0.0,26.870057685088806,,zero_estimate,0.0,,48271.0,11313.0,0.23436431812061073,False
06037533701,06,037,533701,Census Tract 5337.01; Los Angeles County; California,2983,542,22,24,0.74,0,14,0,14,0,19.79898987322333,0.0,19.79898987322333,,zero_estimate,0.0,0.0,58694.0,13003.0,0.22153882850035778,False
06037533702,06,037,533702,Census Tract 5337.02; Los Angeles County; California,3699,468,13,15,0.35,0,14,0,14,0,19.79898987322333,0.0,19.79898987322333,,zero_estimate,0.0,0.0,67813.0,20296.0,0.29929364576113726,False
06037533703,06,037,533703,Census Tract 5337.03; Los Angeles County; California,3730,523,61,96,1.64,0,14,0,14,0,19.79898987322333,0.0,19.79898987322333,,zero_estimate,0.0,0.0,58750.0,13363.0,0.22745531914893616,False
06037533803,06,037,533803,Census Tract 5338.03; Los Angeles County; California,5597,694,76,105,1.36,0,19,0,19,0,26.870057685088806,0.0,26.870057685088806,,zero_estimate,0.0,0.0,49588.0,6408.0,0.1292248124546261,False
06037533804,06,037,533804,Census Tract 5338.04; Los Angeles County; California,3520,513,36,67,1.02,0,14,0,14,0,19.79898987322333,0.0,19.79898987322333,,zero_estimate,0.0,0.0,76599.0,16645.0,0.2173004869515268,False
06037533805,06,037,533805,Census Tract 5338.05; Los Angeles County; California,3912,649,64,82,1.64,0,14,0,14,0,19.79898987322333,0.0,19.79898987322333,,zero_estimate,0.0,0.0,62350.0,21215.0,0.34025661587810746,False
06037533806,06,037,533806,Census Tract 5338.06; Los Angeles County; California,3588,651,0,14,0.0,0,14,0,14,0,19.79898987322333,0.0,19.79898987322333,,zero_estimate,0.0,,66677.0,10955.0,0.1642995335722963,False
06037533901,06,037,533901,Census Tract 5339.01; Los Angeles County; California,5172,503,0,19,0.0,0,19,0,19,0,26.870057685088806,0.0,26.870057685088806,,zero_estimate,0.0,,62829.0,14216.0,0.22626494134874023,False
06037533902,06,037,533902,Census Tract 5339.02; Los Angeles County; California,4415,877,0,14,0.0,0,14,0,14,0,19.79898987322333,0.0,19.79898987322333,,zero_estimate,0.0,,60221.0,5800.0,0.09631191776954882,False
06037534001,06,037,534001,Census Tract 5340.01; Los Angeles County; California,5036,682,0,19,0.0,0,19,0,19,0,26.870057685088806,0.0,26.870057685088806,,zero_estimate,0.0,,71052.0,3822.0,0.053791589258571186,False
06037534002,06,037,534002,Census Tract 5340.02; Los Angeles County; California,3857,523,96,93,2.49,8,16,0,14,8,21.2602916254693,0.0,29.2602916254693,2.6575364531836625,high_uncertainty,0.21,8.33,89672.0,13163.0,0.14679052547060398,False
06037534101,06,037,534101,Census Tract 5341.01; Los Angeles County; California,1852,419,12,15,0.65,0,14,0,14,0,19.79898987322333,0.0,19.79898987322333,,zero_estimate,0.0,0.0,65119.0,20398.0,0.3132419109630062,False
06037534102,06,037,534102,Census Tract 5341.02; Los Angeles County; California,5777,862,12,18,0.21,0,19,0,19,0,26.870057685088806,0.0,26.870057685088806,,zero_estimate,0.0,0.0,47018.0,13229.0,0.2813603300863499,False
06037534201,06,037,534201,Census Tract 5342.01; Los Angeles County; California,4070,659,10,9,0.25,0,14,0,14,0,19.79898987322333,0.0,19.79898987322333,,zero_estimate,0.0,0.0,58826.0,14514.0,0.24672763743922754,False
06037534202,06,037,534202,Census Tract 5342.02; Los Angeles County; California,4770,602,59,58,1.24,30,70,0,14,30,71.386273190299,0.0,101.386273190299,2.379542439676633,high_uncertainty,0.63,50.85,57614.0,22653.0,0.3931856840351303,False
06037534203,06,037,534203,Census Tract 5342.03; Los Angeles County; California,3280,578,23,62,0.7,0,14,0,14,0,19.79898987322333,0.0,19.79898987322333,,zero_estimate,0.0,0.0,52500.0,6788.0,0.1292952380952381,False
06037534301,06,037,534301,Census Tract 5343.01; Los Angeles County; California,3850,564,0,14,0.0,0,14,0,14,0,19.79898987322333,0.0,19.79898987322333,,zero_estimate,0.0,,51859.0,16765.0,0.32328043348309843,False
06037534302,06,037,534302,Census Tract 5343.02; Los Angeles County; California,3759,501,12,19,0.32,0,14,0,14,0,19.79898987322333,0.0,19.79898987322333,,zero_estimate,0.0,0.0,66149.0,9462.0,0.14304071112186126,False
06037534403,06,037,534403,Census Tract 5344.03; Los Angeles County; California,3246,615,0,14,0.0,0,14,0,14,0,19.79898987322333,0.0,19.79898987322333,,zero_estimate,0.0,,64656.0,11298.0,0.17474016332590944,False
06037534404,06,037,534404,Census Tract 5344.04; Los Angeles County; California,3199,439,0,14,0.0,0,14,0,14,0,19.79898987322333,0.0,19.79898987322333,,zero_estimate,0.0,,56500.0,14018.0,0.24810619469026549,False
06037534405,06,037,534405,Census Tract 5344.05; Los Angeles County; California,4065,527,14,20,0.34,2,7,0,14,2,15.652475842498529,0.0,17.65247584249853,7.826237921249264,high_uncertainty,0.05,14.29,71645.0,24415.0,0.34077744434363877,False
06037534406,06,037,534406,Census Tract 5344.06; Los Angeles County; California,3968,468,0,14,0.0,0,14,0,14,0,19.79898987322333,0.0,19.79898987322333,,zero_estimate,0.0,,44583.0,11499.0,0.25792342372653254,False
06037534501,06,037,534501,Census Tract 5345.01; Los Angeles County; California,5494,1338,73,111,1.33,0,19,0,19,0,26.870057685088806,0.0,26.870057685088806,,zero_estimate,0.0,0.0,72074.0,13743.0,0.190679024336099,False
06037534502,06,037,534502,Census Tract 5345.02; Los Angeles County; California,3722,577,0,14,0.0,0,14,0,14,0,19.79898987322333,0.0,19.79898987322333,,zero_estimate,0.0,,92625.0,22333.0,0.24111201079622133,False
06037534700,06,037,534700,Census Tract 5347; Los Angeles County; California,3876,476,27,35,0.7,0,14,0,14,0,19.79898987322333,0.0,19.79898987322333,,zero_estimate,0.0,0.0,84150.0,19717.0,0.2343077837195484,False
06037534802,06,037,534802,Census Tract 5348.02; Los Angeles County; California,2568,359,18,27,0.7,0,14,0,14,0,19.79898987322333,0.0,19.79898987322333,,zero_estimate,0.0,0.0,73413.0,10955.0,0.14922425183550597,False
06037534803,06,037,534803,Census Tract 5348.03; Los Angeles County; California,4262,525,32,38,0.75,22,36,0,14,22,38.62641583165593,0.0,60.62641583165593,1.7557461741661788,high_uncertainty,0.52,68.75,82130.0,6372.0,0.07758431754535493,False
06037534804,06,037,534804,Census Tract 5348.04; Los Angeles County; California,4252,800,5,7,0.12,0,14,0,14,0,19.79898987322333,0.0,19.79898987322333,,zero_estimate,0.0,0.0,74881.0,18457.0,0.2464844219494932,False
06037534900,06,037,534900,Census Tract 5349; Los Angeles County; California,5869,905,20,35,0.34,0,19,0,19,0,26.870057685088806,0.0,26.870057685088806,,zero_estimate,0.0,0.0,74145.0,13890.0,0.1873356261379729,False
06037535001,06,037,535001,Census Tract 5350.01; Los Angeles County; California,3804,391,0,14,0.0,0,14,0,14,0,19.79898987322333,0.0,19.79898987322333,,zero_estimate,0.0,,59444.0,24087.0,0.4052048987282148,False
06037535002,06,037,535002,Census Tract 5350.02; Los Angeles County; California,3663,553,28,32,0.76,0,14,0,14,0,19.79898987322333,0.0,19.79898987322333,,zero_estimate,0.0,0.0,50754.0,4926.0,0.09705638964416598,False
06037535101,06,037,535101,Census Tract 5351.01; Los Angeles County; California,7219,927,0,19,0.0,0,19,0,19,0,26.870057685088806,0.0,26.870057685088806,,zero_estimate,0.0,,68537.0,6321.0,0.09222755591870085,False
06037535102,06,037,535102,Census Tract 5351.02; Los Angeles County; California,4819,666,24,38,0.5,14,21,0,14,14,25.238858928247925,0.0,39.23885892824792,1.8027756377319946,high_uncertainty,0.29,58.33,64959.0,17933.0,0.27606644190951213,False
06037535200,06,037,535200,Census Tract 5352; Los Angeles County; California,6155,886,0,19,0.0,0,19,0,19,0,26.870057685088806,0.0,26.870057685088806,,zero_estimate,0.0,,81000.0,9738.0,0.12022222222222222,False
06037535300,06,037,535300,Census Tract 5353; Los Angeles County; California,5937,890,32,41,0.54,0,19,0,19,0,26.870057685088806,0.0,26.870057685088806,,zero_estimate,0.0,0.0,73750.0,15525.0,0.2105084745762712,False
06037535400,06,037,535400,Census Tract 5354; Los Angeles County; California,3365,546,0,14,0.0,0,14,0,14,0,19.79898987322333,0.0,19.79898987322333,,zero_estimate,0.0,,68514.0,20024.0,0.2922614356189976,False
06037535501,06,037,535501,Census Tract 5355.01; Los Angeles County; California,2964,395,0,14,0.0,0,14,0,14,0,19.79898987322333,0.0,19.79898987322333,,zero_estimate,0.0,,58849.0,13375.0,0.22727658923686045,False
06037535502,06,037,535502,Census Tract 5355.02; Los Angeles County; California,4809,1215,36,42,0.75,0,14,0,14,0,19.79898987322333,0.0,19.79898987322333,,zero_estimate,0.0,0.0,66969.0,28061.0,0.41901476802699755,False
06037535503,06,037,535503,Census Tract 5355.03; Los Angeles County; California,2513,439,62,48,2.47,0,14,0,14,0,19.79898987322333,0.0,19.79898987322333,,zero_estimate,0.0,0.0,81875.0,22045.0,0.26925190839694657,False
06037535603,06,037,535603,Census Tract 5356.03; Los Angeles County; California,3485,451,51,79,1.46,0,14,0,14,0,19.79898987322333,0.0,19.79898987322333,,zero_estimate,0.0,0.0,47647.0,12914.0,0.27103490251222534,False
06037535604,06,037,535604,Census Tract 5356.04; Los Angeles County; California,4306,600,16,25,0.37,16,25,0,14,16,28.653097563788805,0.0,44.653097563788805,1.7908185977368003,high_uncertainty,0.37,100.0,74583.0,12669.0,0.16986444632154782,False
06037535605,06,037,535605,Census Tract 5356.05; Los Angeles County; California,4651,792,7,12,0.15,0,14,0,14,0,19.79898987322333,0.0,19.79898987322333,,zero_estimate,0.0,0.0,71111.0,9722.0,0.13671583861849784,False
06037535606,06,037,535606,Census Tract 5356.06; Los Angeles County; California,1949,406,44,73,2.26,0,14,0,14,0,19.79898987322333,0.0,19.79898987322333,,zero_estimate,0.0,0.0,65658.0,18243.0,0.27784885314813124,False
06037535607,06,037,535607,Census Tract 5356.07; Los Angeles County; California,4517,641,39,49,0.86,0,14,0,14,0,19.79898987322333,0.0,19.79898987322333,,zero_estimate,0.0,0.0,74187.0,18485.0,0.24916764392683355,False
06037535701,06,037,535701,Census Tract 5357.01; Los Angeles County; California,5761,880,314,462,5.45,0,19,0,19,0,26.870057685088806,0.0,26.870057685088806,,zero_estimate,0.0,0.0,84167.0,30965.0,0.36789953307115614,False
06037535702,06,037,535702,Census Tract 5357.02; Los Angeles County; California,5639,880,38,42,0.67,10,17,0,19,10,25.495097567963924,0.0,35.495097567963924,2.5495097567963922,high_uncertainty,0.18,26.32,73236.0,8520.0,0.11633622808454858,False
06037535802,06,037,535802,Census Tract 5358.02; Los Angeles County; California,5932,674,10,16,0.17,0,19,0,19,0,26.870057685088806,0.0,26.870057685088806,,zero_estimate,0.0,0.0,100694.0,13369.0,0.1327685860130693,False
06037535803,06,037,535803,Census Tract 5358.03; Los Angeles County; California,3342,482,0,14,0.0,0,14,0,14,0,19.79898987322333,0.0,19.79898987322333,,zero_estimate,0.0,,74130.0,15537.0,0.2095912585997572,False
06037535804,06,037,535804,Census Tract 5358.04; Los Angeles County; California,6063,1367,0,19,0.0,0,19,0,19,0,26.870057685088806,0.0,26.870057685088806,,zero_estimate,0.0,,81103.0,28149.0,0.3470771734707717,False
06037535901,06,037,535901,Census Tract 5359.01; Los Angeles County; California,6139,1049,0,19,0.0,0,19,0,19,0,26.870057685088806,0.0,26.870057685088806,,zero_estimate,0.0,,64598.0,21861.0,0.33841605003250874,False
06037535902,06,037,535902,Census Tract 5359.02; Los Angeles County; California,5790,579,94,98,1.62,0,19,0,19,0,26.870057685088806,0.0,26.870057685088806,,zero_estimate,0.0,0.0,100947.0,20665.0,0.20471138320108573,False
06037536000,06,037,536000,Census Tract 5360; Los Angeles County; California,3091,397,11,17,0.36,0,14,0,14,0,19.79898987322333,0.0,19.79898987322333,,zero_estimate,0.0,0.0,50000.0,18783.0,0.37566,False
06037536102,06,037,536102,Census Tract 5361.02; Los Angeles County; California,3560,597,48,54,1.35,0,14,0,14,0,19.79898987322333,0.0,19.79898987322333,,zero_estimate,0.0,0.0,80116.0,7228.0,0.09021918218583054,False
06037536103,06,037,536103,Census Tract 5361.03; Los Angeles County; California,5158,740,17,20,0.33,0,19,0,19,0,26.870057685088806,0.0,26.870057685088806,,zero_estimate,0.0,0.0,75583.0,7790.0,0.1030655041477581,False
06037536104,06,037,536104,Census Tract 5361.04; Los Angeles County; California,3897,588,25,39,0.64,0,14,0,14,0,19.79898987322333,0.0,19.79898987322333,,zero_estimate,0.0,0.0,68750.0,12423.0,0.1806981818181818,False
06037536201,06,037,536201,Census Tract 5362.01; Los Angeles County; California,3588,539,52,44,1.45,0,14,0,14,0,19.79898987322333,0.0,19.79898987322333,,zero_estimate,0.0,0.0,103214.0,33502.0,0.32458774972387466,False
06037536202,06,037,536202,Census Tract 5362.02; Los Angeles County; California,4329,733,28,33,0.65,18,28,0,14,18,31.304951684997057,0.0,49.30495168499706,1.7391639824998366,high_uncertainty,0.42,64.29,77500.0,20300.0,0.26193548387096777,False
06037540000,06,037,540000,Census Tract 5400; Los Angeles County; California,6784,963,121,182,1.78,0,19,0,19,0,26.870057685088806,0.0,26.870057685088806,,zero_estimate,0.0,0.0,61595.0,5566.0,0.09036447763617177,False
06037540101,06,037,540101,Census Tract 5401.01; Los Angeles County; California,6222,887,0,19,0.0,0,19,0,19,0,26.870057685088806,0.0,26.870057685088806,,zero_estimate,0.0,,90179.0,12283.0,0.13620687743266172,False
06037540102,06,037,540102,Census Tract 5401.02; Los Angeles County; California,6222,908,42,60,0.68,8,13,0,19,8,23.021728866442675,0.0,31.021728866442675,2.8777161083053344,high_uncertainty,0.13,19.05,118380.0,19058.0,0.1609900321000169,False
06037540201,06,037,540201,Census Tract 5402.01; Los Angeles County; California,2090,358,33,37,1.58,0,14,0,14,0,19.79898987322333,0.0,19.79898987322333,,zero_estimate,0.0,0.0,60231.0,13024.0,0.21623416513091265,False
06037540202,06,037,540202,Census Tract 5402.02; Los Angeles County; California,6357,797,220,214,3.46,0,19,4,9,4,21.02379604162864,0.0,25.02379604162864,5.25594901040716,high_uncertainty,0.06,1.82,67767.0,9544.0,0.14083550990895274,False
06037540203,06,037,540203,Census Tract 5402.03; Los Angeles County; California,5202,687,7,57,0.13,0,19,0,19,0,26.870057685088806,0.0,26.870057685088806,,zero_estimate,0.0,0.0,84196.0,19151.0,0.2274573613948406,False
06037540300,06,037,540300,Census Tract 5403; Los Angeles County; California,4479,553,0,14,0.0,0,14,0,14,0,19.79898987322333,0.0,19.79898987322333,,zero_estimate,0.0,,75964.0,15558.0,0.20480754041388025,False
06037540400,06,037,540400,Census Tract 5404; Los Angeles County; California,2216,413,0,14,0.0,0,14,0,14,0,19.79898987322333,0.0,19.79898987322333,,zero_estimate,0.0,,86895.0,7621.0,0.08770355026181023,False
06037540501,06,037,540501,Census Tract 5405.01; Los Angeles County; California,5110,659,71,80,1.39,0,19,0,19,0,26.870057685088806,0.0,26.870057685088806,,zero_estimate,0.0,0.0,82933.0,25547.0,0.3080438426199462,False
06037540502,06,037,540502,Census Tract 5405.02; Los Angeles County; California,6742,1063,0,19,0.0,0,19,0,19,0,26.870057685088806,0.0,26.870057685088806,,zero_estimate,0.0,,61534.0,12632.0,0.20528488315402868,False
06037540600,06,037,540600,Census Tract 5406; Los Angeles County; California,4465,1089,233,306,5.22,233,306,0,14,233,306.32009401931174,0.0,539.3200940193117,1.3146785151043423,high_uncertainty,5.22,100.0,34211.0,25779.0,0.7535295665136944,False
06037540700,06,037,540700,Census Tract 5407; Los Angeles County; California,3070,603,8,15,0.26,0,14,0,14,0,19.79898987322333,0.0,19.79898987322333,,zero_estimate,0.0,0.0,71563.0,20216.0,0.28249234939843215,False
06037540800,06,037,540800,Census Tract 5408; Los Angeles County; California,5331,937,246,198,4.61,0,19,0,19,0,26.870057685088806,0.0,26.870057685088806,,zero_estimate,0.0,0.0,84688.0,20873.0,0.24646939353863592,False
06037540901,06,037,540901,Census Tract 5409.01; Los Angeles County; California,5250,818,53,52,1.01,4,9,0,19,4,21.02379604162864,0.0,25.02379604162864,5.25594901040716,high_uncertainty,0.08,7.55,85500.0,23289.0,0.2723859649122807,False
06037540902,06,037,540902,Census Tract 5409.02; Los Angeles County; California,4523,738,0,14,0.0,0,14,0,14,0,19.79898987322333,0.0,19.79898987322333,,zero_estimate,0.0,,85307.0,27360.0,0.32072397341367065,False
06037541003,06,037,541003,Census Tract 5410.03; Los Angeles County; California,4602,644,154,154,3.35,9,14,0,14,9,19.79898987322333,0.0,28.79898987322333,2.199887763691481,high_uncertainty,0.2,5.84,80208.0,25273.0,0.3150932575304209,False
06037541100,06,037,541100,Census Tract 5411; Los Angeles County; California,2999,497,1,4,0.03,0,14,0,14,0,19.79898987322333,0.0,19.79898987322333,,zero_estimate,0.0,0.0,93782.0,24547.0,0.2617453242626517,False
06037541200,06,037,541200,Census Tract 5412; Los Angeles County; California,6058,1009,73,70,1.21,13,20,0,19,13,27.586228448267445,0.0,40.58622844826745,2.1220175729436495,high_uncertainty,0.21,17.81,82414.0,24640.0,0.2989783289246973,False
06037541300,06,037,541300,Census Tract 5413; Los Angeles County; California,6058,974,151,155,2.49,0,19,0,19,0,26.870057685088806,0.0,26.870057685088806,,zero_estimate,0.0,0.0,100882.0,15192.0,0.15059178049602506,False
06037541401,06,037,541401,Census Tract 5414.01; Los Angeles County; California,3361,563,0,14,0.0,0,14,0,14,0,19.79898987322333,0.0,19.79898987322333,,zero_estimate,0.0,,68728.0,14323.0,0.20840123384937725,False
06037541402,06,037,541402,Census Tract 5414.02; Los Angeles County; California,3001,637,0,14,0.0,0,14,0,14,0,19.79898987322333,0.0,19.79898987322333,,zero_estimate,0.0,,57727.0,34339.0,0.5948516292202956,False
06037541500,06,037,541500,Census Tract 5415; Los Angeles County; California,5199,733,0,19,0.0,0,19,0,19,0,26.870057685088806,0.0,26.870057685088806,,zero_estimate,0.0,,64055.0,31880.0,0.4976972913902115,False
06037541603,06,037,541603,Census Tract 5416.03; Los Angeles County; California,2855,500,17,25,0.6,0,14,0,14,0,19.79898987322333,0.0,19.79898987322333,,zero_estimate,0.0,0.0,69405.0,15356.0,0.2212520711764282,False
06037541604,06,037,541604,Census Tract 5416.04; Los Angeles County; California,5276,603,26,37,0.49,0,19,0,19,0,26.870057685088806,0.0,26.870057685088806,,zero_estimate,0.0,0.0,60804.0,21721.0,0.3572297875139793,False
06037541605,06,037,541605,Census Tract 5416.05; Los Angeles County; California,5320,817,291,413,5.47,0,19,0,19,0,26.870057685088806,0.0,26.870057685088806,,zero_estimate,0.0,0.0,68805.0,15298.0,0.22233849284208995,False
06037541606,06,037,541606,Census Tract 5416.06; Los Angeles County; California,2666,474,0,14,0.0,0,14,0,14,0,19.79898987322333,0.0,19.79898987322333,,zero_estimate,0.0,,51667.0,25805.0,0.49944839065554414,False
06037541700,06,037,541700,Census Tract 5417; Los Angeles County; California,5410,841,15,17,0.28,0,19,0,19,0,26.870057685088806,0.0,26.870057685088806,,zero_estimate,0.0,0.0,87157.0,20689.0,0.23737622910380118,False
06037541801,06,037,541801,Census Tract 5418.01; Los Angeles County; California,5538,664,0,19,0.0,0,19,0,19,0,26.870057685088806,0.0,26.870057685088806,,zero_estimate,0.0,,67188.0,15869.0,0.23618800976364826,False
06037541802,06,037,541802,Census Tract 5418.02; Los Angeles County; California,5129,1403,0,19,0.0,0,19,0,19,0,26.870057685088806,0.0,26.870057685088806,,zero_estimate,0.0,,84010.0,31174.0,0.371074872039043,False
06037542000,06,037,542000,Census Tract 5420; Los Angeles County; California,5061,853,151,128,2.98,0,19,0,19,0,26.870057685088806,0.0,26.870057685088806,,zero_estimate,0.0,0.0,100256.0,19726.0,0.19675630386211299,False
06037542103,06,037,542103,Census Tract 5421.03; Los Angeles County; California,3371,421,2,10,0.06,0,14,0,14,0,19.79898987322333,0.0,19.79898987322333,,zero_estimate,0.0,0.0,69950.0,27402.0,0.3917369549678342,False
06037542104,06,037,542104,Census Tract 5421.04; Los Angeles County; California,4141,926,19,26,0.46,0,14,0,14,0,19.79898987322333,0.0,19.79898987322333,,zero_estimate,0.0,0.0,74099.0,14925.0,0.20141972226345833,False
06037542105,06,037,542105,Census Tract 5421.05; Los Angeles County; California,4682,909,10,26,0.21,0,14,0,14,0,19.79898987322333,0.0,19.79898987322333,,zero_estimate,0.0,0.0,64202.0,17508.0,0.2727017849911218,False
06037542106,06,037,542106,Census Tract 5421.06; Los Angeles County; California,2211,271,37,39,1.67,0,14,0,14,0,19.79898987322333,0.0,19.79898987322333,,zero_estimate,0.0,0.0,55625.0,9976.0,0.1793438202247191,False
06037542200,06,037,542200,Census Tract 5422; Los Angeles County; California,7418,995,9,13,0.12,0,19,0,19,0,26.870057685088806,0.0,26.870057685088806,,zero_estimate,0.0,0.0,78203.0,13276.0,0.1697633083129803,False
06037542401,06,037,542401,Census Tract 5424.01; Los Angeles County; California,4062,709,35,58,0.86,0,14,0,14,0,19.79898987322333,0.0,19.79898987322333,,zero_estimate,0.0,0.0,59960.0,16769.0,0.2796697798532355,False
06037542402,06,037,542402,Census Tract 5424.02; Los Angeles County; California,3961,663,17,26,0.43,0,14,0,14,0,19.79898987322333,0.0,19.79898987322333,,zero_estimate,0.0,0.0,88705.0,12880.0,0.14520038329293727,False
06037542501,06,037,542501,Census Tract 5425.01; Los Angeles County; California,4361,543,0,14,0.0,0,14,0,14,0,19.79898987322333,0.0,19.79898987322333,,zero_estimate,0.0,,90281.0,22139.0,0.24522324741639992,False
06037542502,06,037,542502,Census Tract 5425.02; Los Angeles County; California,4360,968,0,14,0.0,0,14,0,14,0,19.79898987322333,0.0,19.79898987322333,,zero_estimate,0.0,,65917.0,18702.0,0.2837204363062639,False
06037542601,06,037,542601,Census Tract 5426.01; Los Angeles County; California,3162,567,5,9,0.16,0,14,0,14,0,19.79898987322333,0.0,19.79898987322333,,zero_estimate,0.0,0.0,73281.0,15768.0,0.2151717361935563,False
06037542602,06,037,542602,Census Tract 5426.02; Los Angeles County; California,4788,771,0,14,0.0,0,14,0,14,0,19.79898987322333,0.0,19.79898987322333,,zero_estimate,0.0,,59469.0,9470.0,0.15924263061426963,False
06037542700,06,037,542700,Census Tract 5427; Los Angeles County; California,5791,891,115,178,1.99,0,19,0,19,0,26.870057685088806,0.0,26.870057685088806,,zero_estimate,0.0,0.0,80523.0,13178.0,0.16365510475267936,False
06037542800,06,037,542800,Census Tract 5428; Los Angeles County; California,3106,537,1,5,0.03,1,5,0,14,1,14.866068747318506,0.0,15.866068747318506,14.866068747318506,high_uncertainty,0.03,100.0,71528.0,12389.0,0.17320489878089698,False
06037542900,06,037,542900,Census Tract 5429; Los Angeles County; California,3492,348,1,1,0.03,0,14,0,14,0,19.79898987322333,0.0,19.79898987322333,,zero_estimate,0.0,0.0,97936.0,23580.0,0.2407694821107662,False
06037543000,06,037,543000,Census Tract 5430; Los Angeles County; California,4605,867,293,341,6.36,197,310,0,14,197,310.3159680068043,0.0,507.3159680068043,1.5752079594254027,high_uncertainty,4.28,67.24,84786.0,25030.0,0.2952138324723421,False
06037543100,06,037,543100,Census Tract 5431; Los Angeles County; California,6775,965,10,18,0.15,0,19,0,19,0,26.870057685088806,0.0,26.870057685088806,,zero_estimate,0.0,0.0,107552.0,26819.0,0.24935844986611128,False
06037543201,06,037,543201,Census Tract 5432.01; Los Angeles County; California,3958,591,0,14,0.0,0,14,0,14,0,19.79898987322333,0.0,19.79898987322333,,zero_estimate,0.0,,103850.0,38450.0,0.3702455464612422,False
06037543203,06,037,543203,Census Tract 5432.03; Los Angeles County; California,4006,620,42,44,1.05,20,31,0,14,20,34.0147027033899,0.0,54.0147027033899,1.700735135169495,high_uncertainty,0.5,47.62,46144.0,7983.0,0.17300190707350901,False
06037543304,06,037,543304,Census Tract 5433.04; Los Angeles County; California,6984,1004,186,155,2.66,0,19,0,19,0,26.870057685088806,0.0,26.870057685088806,,zero_estimate,0.0,0.0,113438.0,19406.0,0.17107142227472275,False
06037543305,06,037,543305,Census Tract 5433.05; Los Angeles County; California,3265,515,269,129,8.24,8,20,0,14,8,24.413111231467404,0.0,32.413111231467404,3.0516389039334255,high_uncertainty,0.25,2.97,97195.0,23989.0,0.24681310767014764,False
06037543306,06,037,543306,Census Tract 5433.06; Los Angeles County; California,6708,1024,2168,500,32.32,50,59,0,19,50,61.98386886924694,0.0,111.98386886924695,1.2396773773849388,high_uncertainty,0.75,2.31,103209.0,14539.0,0.14086949781511302,False
06037543321,06,037,543321,Census Tract 5433.21; Los Angeles County; California,5594,852,1355,553,24.22,30,30,0,19,30,35.510561809129406,0.0,65.5105618091294,1.1836853936376468,high_uncertainty,0.54,2.21,125789.0,30066.0,0.2390193101145569,False
06037543322,06,037,543322,Census Tract 5433.22; Los Angeles County; California,6750,1280,220,162,3.26,0,19,0,19,0,26.870057685088806,0.0,26.870057685088806,,zero_estimate,0.0,0.0,122001.0,16500.0,0.1352447930754666,False
06037543400,06,037,543400,Census Tract 5434; Los Angeles County; California,3565,531,453,139,12.71,81,106,0,14,81,106.92053123698928,0.0,187.9205312369893,1.3200065584813492,high_uncertainty,2.27,17.88,103575.0,16252.0,0.15691045136374607,False
06037543501,06,037,543501,Census Tract 5435.01; Los Angeles County; California,6069,660,3597,744,59.27,230,138,0,19,230,139.30183056945089,90.69816943054911,369.3018305694509,0.605660132910656,usable_with_caution,3.79,6.39,97231.0,18907.0,0.1944544435416688,False
06037543502,06,037,543502,Census Tract 5435.02; Los Angeles County; California,4813,977,1268,423,26.35,211,184,0,14,211,184.53184007102948,26.468159928970522,395.5318400710295,0.8745584837489548,usable_with_caution,4.38,16.64,100284.0,24581.0,0.24511387659048303,False
06037543503,06,037,543503,Census Tract 5435.03; Los Angeles County; California,5473,800,2443,445,44.64,219,140,0,19,219,141.2834031300209,77.7165968699791,360.28340313002093,0.6451296946576297,usable_with_caution,4.0,8.96,100580.0,18220.0,0.18114933386359117,False
06037543601,06,037,543601,Census Tract 5436.01; Los Angeles County; California,4322,1274,1630,772,37.71,0,14,0,14,0,19.79898987322333,0.0,19.79898987322333,,zero_estimate,0.0,0.0,109844.0,36953.0,0.3364134590874331,False
06037543603,06,037,543603,Census Tract 5436.03; Los Angeles County; California,3676,446,1103,285,30.01,22,28,9,15,31,31.76476034853718,0.0,62.76476034853718,1.0246696886624898,high_uncertainty,0.84,2.81,83521.0,21011.0,0.25156547455131045,False
06037543605,06,037,543605,Census Tract 5436.05; Los Angeles County; California,4242,592,1746,421,41.16,222,117,0,14,222,117.83462988442744,104.16537011557256,339.83462988442744,0.5307866211010245,usable_with_caution,5.23,12.71,93636.0,21600.0,0.2306805074971165,False
06037543606,06,037,543606,Census Tract 5436.06; Los Angeles County; California,3939,617,1490,615,37.83,154,118,4,8,158,118.27087553578015,39.72912446421985,276.27087553578014,0.7485498451631655,usable_with_caution,4.01,10.6,75192.0,18681.0,0.24844398340248963,False
06037543607,06,037,543607,Census Tract 5436.07; Los Angeles County; California,4991,494,2611,415,52.31,0,14,0,14,0,19.79898987322333,0.0,19.79898987322333,,zero_estimate,0.0,0.0,112614.0,37067.0,0.32915090486085213,False
06037543701,06,037,543701,Census Tract 5437.01; Los Angeles County; California,3063,385,1218,310,39.76,20,30,0,14,20,33.1058907144937,0.0,53.1058907144937,1.6552945357246849,high_uncertainty,0.65,1.64,145690.0,18253.0,0.12528656736907132,False
06037543703,06,037,543703,Census Tract 5437.03; Los Angeles County; California,4113,787,901,333,21.91,8,15,3,11,11,18.601075237738275,0.0,29.601075237738275,1.6910068397943887,high_uncertainty,0.27,1.22,120025.0,21714.0,0.18091230993543012,False
06037543704,06,037,543704,Census Tract 5437.04; Los Angeles County; California,3021,384,821,248,27.18,0,14,0,14,0,19.79898987322333,0.0,19.79898987322333,,zero_estimate,0.0,0.0,102925.0,19137.0,0.18593150352198204,False
06037543705,06,037,543705,Census Tract 5437.05; Los Angeles County; California,2936,394,928,173,31.61,0,14,0,14,0,19.79898987322333,0.0,19.79898987322333,,zero_estimate,0.0,0.0,106393.0,18962.0,0.17822601110975347,False
06037543801,06,037,543801,Census Tract 5438.01; Los Angeles County; California,4371,410,1730,421,39.58,30,40,0,14,30,42.37924020083418,0.0,72.37924020083418,1.4126413400278062,high_uncertainty,0.69,1.73,107623.0,11230.0,0.10434572535610417,False
06037543803,06,037,543803,Census Tract 5438.03; Los Angeles County; California,4535,791,1665,482,36.71,204,275,0,14,204,275.35613303502066,0.0,479.35613303502066,1.3497849658579444,high_uncertainty,4.5,12.25,95529.0,12149.0,0.12717604078342704,False
06037543804,06,037,543804,Census Tract 5438.04; Los Angeles County; California,4643,1452,2399,1449,51.67,32,14,0,14,32,19.79898987322333,12.20101012677667,51.798989873223334,0.6187184335382291,usable_with_caution,0.69,1.33,128350.0,32562.0,0.2536969224776003,False
06037543903,06,037,543903,Census Tract 5439.03; Los Angeles County; California,4023,814,1379,269,34.28,25,41,0,14,25,43.32435804486894,0.0,68.32435804486894,1.7329743217947575,high_uncertainty,0.62,1.81,134856.0,25365.0,0.18808951770777718,False
06037543905,06,037,543905,Census Tract 5439.05; Los Angeles County; California,4602,732,313,143,6.8,0,14,0,14,0,19.79898987322333,0.0,19.79898987322333,,zero_estimate,0.0,0.0,92212.0,17450.0,0.18923784323081594,False
06037544001,06,037,544001,Census Tract 5440.01; Los Angeles County; California,4354,529,804,188,18.47,0,14,0,14,0,19.79898987322333,0.0,19.79898987322333,,zero_estimate,0.0,0.0,97880.0,23410.0,0.2391704127503065,False
06037544002,06,037,544002,Census Tract 5440.02; Los Angeles County; California,3758,1010,660,280,17.56,8,12,0,14,8,18.439088914585774,0.0,26.439088914585774,2.3048861143232218,high_uncertainty,0.21,1.21,105667.0,13797.0,0.13057056602345102,False
06037550101,06,037,550101,Census Tract 5501.01; Los Angeles County; California,3862,699,321,178,8.31,63,97,15,21,78,99.24716620639605,0.0,177.24716620639606,1.2723995667486672,high_uncertainty,2.02,24.3,120789.0,10357.0,0.08574456283270827,False
06037550201,06,037,550201,Census Tract 5502.01; Los Angeles County; California,3072,438,323,209,10.51,17,23,0,14,17,26.92582403567252,0.0,43.92582403567252,1.5838720020983834,high_uncertainty,0.55,5.26,96000.0,13611.0,0.14178125,False
06037550202,06,037,550202,Census Tract 5502.02; Los Angeles County; California,5130,517,549,206,10.7,164,132,0,19,164,133.3604139165742,30.639586083425797,297.3604139165742,0.8131732555888671,usable_with_caution,3.2,29.87,109205.0,30638.0,0.28055491964653634,False
06037550301,06,037,550301,Census Tract 5503.01; Los Angeles County; California,4196,1203,395,150,9.41,79,75,0,14,79,76.2954782408499,2.704521759150097,155.2954782408499,0.9657655473525304,usable_with_caution,1.88,20.0,83561.0,24689.0,0.29546080109141826,False
06037550501,06,037,550501,Census Tract 5505.01; Los Angeles County; California,3904,597,130,84,3.33,65,61,0,14,65,62.5859409132754,2.414059086724599,127.58594091327541,0.9628606294350062,usable_with_caution,1.66,50.0,78902.0,32440.0,0.4111429368076855,False
06037550502,06,037,550502,Census Tract 5505.02; Los Angeles County; California,4226,526,553,296,13.09,159,139,0,14,159,139.70325694127536,19.296743058724644,298.70325694127536,0.8786368361086501,usable_with_caution,3.76,28.75,136349.0,36959.0,0.2710617606289742,False
06037550601,06,037,550601,Census Tract 5506.01; Los Angeles County; California,5729,802,498,120,8.69,44,59,0,19,44,61.98386886924694,0.0,105.98386886924695,1.408724292482885,high_uncertainty,0.77,8.84,97579.0,8375.0,0.08582789329671343,False
06037550602,06,037,550602,Census Tract 5506.02; Los Angeles County; California,3924,433,227,100,5.78,6,8,10,16,16,17.88854381999832,0.0,33.88854381999832,1.118033988749895,high_uncertainty,0.41,7.05,128393.0,16546.0,0.12886995396945317,False
06037550700,06,037,550700,Census Tract 5507; Los Angeles County; California,6398,1047,1003,618,15.68,129,134,59,95,188,164.2589419179364,23.741058082063603,352.2589419179364,0.8737177761592362,usable_with_caution,2.94,18.74,94327.0,44666.0,0.4735229573716963,False
06037550801,06,037,550801,Census Tract 5508.01; Los Angeles County; California,5120,883,144,91,2.81,0,19,0,19,0,26.870057685088806,0.0,26.870057685088806,,zero_estimate,0.0,0.0,113889.0,68736.0,0.603535020941443,False
06037550802,06,037,550802,Census Tract 5508.02; Los Angeles County; California,2149,406,75,49,3.49,4,12,0,14,4,18.439088914585774,0.0,22.439088914585774,4.6097722286464435,high_uncertainty,0.19,5.33,84361.0,35578.0,0.42173516198243266,False
06037550901,06,037,550901,Census Tract 5509.01; Los Angeles County; California,4446,817,450,410,10.12,0,14,0,14,0,19.79898987322333,0.0,19.79898987322333,,zero_estimate,0.0,0.0,90200.0,16025.0,0.1776607538802661,False
06037550902,06,037,550902,Census Tract 5509.02; Los Angeles County; California,5305,452,674,267,12.7,28,41,0,19,28,45.18849411078001,0.0,73.18849411078001,1.6138747896707148,high_uncertainty,0.53,4.15,84181.0,11354.0,0.1348760409118447,False
06037551001,06,037,551001,Census Tract 5510.01; Los Angeles County; California,3159,358,178,120,5.63,0,14,0,14,0,19.79898987322333,0.0,19.79898987322333,,zero_estimate,0.0,0.0,83895.0,10343.0,0.1232850587043328,False
06037551002,06,037,551002,Census Tract 5510.02; Los Angeles County; California,4350,765,294,171,6.76,53,57,0,14,53,58.69412236331676,0.0,111.69412236331675,1.1074362710059766,high_uncertainty,1.22,18.03,107400.0,33740.0,0.3141527001862197,False
06037551101,06,037,551101,Census Tract 5511.01; Los Angeles County; California,4072,420,445,373,10.93,60,98,0,14,60,98.99494936611666,0.0,158.99494936611666,1.649915822768611,high_uncertainty,1.47,13.48,76552.0,41664.0,0.5442574981711777,False
06037551102,06,037,551102,Census Tract 5511.02; Los Angeles County; California,5388,639,94,81,1.74,0,19,0,19,0,26.870057685088806,0.0,26.870057685088806,,zero_estimate,0.0,0.0,61713.0,7712.0,0.12496556641226322,False
06037551201,06,037,551201,Census Tract 5512.01; Los Angeles County; California,3751,788,162,104,4.32,0,14,0,14,0,19.79898987322333,0.0,19.79898987322333,,zero_estimate,0.0,0.0,80833.0,24503.0,0.30313114693256465,False
06037551203,06,037,551203,Census Tract 5512.03; Los Angeles County; California,4150,946,453,539,10.92,0,14,0,14,0,19.79898987322333,0.0,19.79898987322333,,zero_estimate,0.0,0.0,91845.0,41967.0,0.4569328760411563,False
06037551204,06,037,551204,Census Tract 5512.04; Los Angeles County; California,3556,396,56,51,1.57,0,14,0,14,0,19.79898987322333,0.0,19.79898987322333,,zero_estimate,0.0,0.0,72531.0,14755.0,0.20343025740717763,False
06037551300,06,037,551300,Census Tract 5513; Los Angeles County; California,5181,776,400,268,7.72,0,19,0,19,0,26.870057685088806,0.0,26.870057685088806,,zero_estimate,0.0,0.0,71741.0,17396.0,0.24248337770591433,False
06037551401,06,037,551401,Census Tract 5514.01; Los Angeles County; California,4087,546,132,116,3.23,0,14,0,14,0,19.79898987322333,0.0,19.79898987322333,,zero_estimate,0.0,0.0,97463.0,40087.0,0.4113048028482604,False
06037551402,06,037,551402,Census Tract 5514.02; Los Angeles County; California,5014,812,179,171,3.57,0,19,0,19,0,26.870057685088806,0.0,26.870057685088806,,zero_estimate,0.0,0.0,94643.0,23346.0,0.24667434464249866,False
06037551501,06,037,551501,Census Tract 5515.01; Los Angeles County; California,4707,801,372,279,7.9,0,14,0,14,0,19.79898987322333,0.0,19.79898987322333,,zero_estimate,0.0,0.0,101094.0,29032.0,0.28717826972916294,False
06037551502,06,037,551502,Census Tract 5515.02; Los Angeles County; California,4360,700,534,299,12.25,2,13,0,14,2,19.1049731745428,0.0,21.1049731745428,9.5524865872714,high_uncertainty,0.05,0.37,95655.0,18085.0,0.18906486853797502,False
06037551700,06,037,551700,Census Tract 5517; Los Angeles County; California,6134,886,303,228,4.94,58,69,0,19,58,71.56814934033156,0.0,129.56814934033156,1.2339336093160613,high_uncertainty,0.95,19.14,87471.0,26454.0,0.30243166306547314,False
06037551801,06,037,551801,Census Tract 5518.01; Los Angeles County; California,3319,557,375,235,11.3,43,42,0,14,43,44.27188724235731,0.0,87.27188724235731,1.029578773078077,high_uncertainty,1.3,11.47,96090.0,14048.0,0.14619627432615256,False
06037551802,06,037,551802,Census Tract 5518.02; Los Angeles County; California,3983,586,467,160,11.72,0,14,0,14,0,19.79898987322333,0.0,19.79898987322333,,zero_estimate,0.0,0.0,85772.0,11094.0,0.12934290910786736,False
06037551900,06,037,551900,Census Tract 5519; Los Angeles County; California,5361,838,912,700,17.01,0,19,0,19,0,26.870057685088806,0.0,26.870057685088806,,zero_estimate,0.0,0.0,111020.0,33959.0,0.30588182309493783,False
06037552001,06,037,552001,Census Tract 5520.01; Los Angeles County; California,3934,479,582,185,14.79,0,14,0,14,0,19.79898987322333,0.0,19.79898987322333,,zero_estimate,0.0,0.0,103006.0,18107.0,0.17578587655088054,False
06037552002,06,037,552002,Census Tract 5520.02; Los Angeles County; California,3243,497,541,325,16.68,2,5,0,14,2,14.866068747318506,0.0,16.866068747318508,7.433034373659253,high_uncertainty,0.06,0.37,105750.0,15736.0,0.14880378250591017,False
06037552100,06,037,552100,Census Tract 5521; Los Angeles County; California,5226,889,613,263,11.73,94,86,0,19,94,88.07383266328314,5.926167336716858,182.07383266328316,0.9369556666306718,usable_with_caution,1.8,15.33,77350.0,11035.0,0.14266321913380736,False
06037552200,06,037,552200,Census Tract 5522; Los Angeles County; California,6498,688,692,234,10.65,75,85,0,19,75,87.0976463516667,0.0,162.0976463516667,1.161301951355556,high_uncertainty,1.15,10.84,66827.0,11089.0,0.1659359241025334,False
06037552301,06,037,552301,Census Tract 5523.01; Los Angeles County; California,3955,329,584,163,14.77,0,14,0,14,0,19.79898987322333,0.0,19.79898987322333,,zero_estimate,0.0,0.0,86125.0,19355.0,0.22473149492017416,False
06037552302,06,037,552302,Census Tract 5523.02; Los Angeles County; California,4005,1186,613,147,15.31,29,46,0,14,29,48.08326112068523,0.0,77.08326112068522,1.6580434869201803,high_uncertainty,0.72,4.73,81705.0,39295.0,0.48093751912367666,False
06037552400,06,037,552400,Census Tract 5524; Los Angeles County; California,2294,426,307,132,13.38,28,37,0,14,28,39.56008088970496,0.0,67.56008088970496,1.4128600317751772,high_uncertainty,1.22,9.12,80217.0,15499.0,0.19321340862909359,False
06037552601,06,037,552601,Census Tract 5526.01; Los Angeles County; California,5198,1111,274,256,5.27,0,19,0,19,0,26.870057685088806,0.0,26.870057685088806,,zero_estimate,0.0,0.0,97946.0,16751.0,0.17102280848630877,False
06037552602,06,037,552602,Census Tract 5526.02; Los Angeles County; California,3682,328,1282,248,34.82,166,131,0,14,166,131.7459676802292,34.2540323197708,297.7459676802292,0.7936504077122241,usable_with_caution,4.51,12.95,115227.0,12822.0,0.1112760030201255,False
06037552700,06,037,552700,Census Tract 5527; Los Angeles County; California,6511,833,1276,629,19.6,23,30,30,48,53,56.60388679233962,0.0,109.60388679233962,1.067997864006408,high_uncertainty,0.81,4.15,106250.0,15381.0,0.14476235294117648,False
06037552800,06,037,552800,Census Tract 5528; Los Angeles County; California,5635,543,406,185,7.2,0,19,0,19,0,26.870057685088806,0.0,26.870057685088806,,zero_estimate,0.0,0.0,117935.0,20717.0,0.17566456098698435,False
06037552900,06,037,552900,Census Tract 5529; Los Angeles County; California,6937,876,819,239,11.81,61,90,27,44,88,100.17983829094555,0.0,188.17983829094555,1.1384072533061995,high_uncertainty,1.27,10.74,83365.0,11302.0,0.13557248245666648,False
06037553000,06,037,553000,Census Tract 5530; Los Angeles County; California,5204,678,666,396,12.8,181,221,0,19,181,221.81523843054606,0.0,402.81523843054606,1.2254985548648953,high_uncertainty,3.48,27.18,147083.0,48324.0,0.32854918651373716,False
06037553100,06,037,553100,Census Tract 5531; Los Angeles County; California,6633,876,618,346,9.32,0,19,0,19,0,26.870057685088806,0.0,26.870057685088806,,zero_estimate,0.0,0.0,109401.0,16406.0,0.14996206616027274,False
06037553201,06,037,553201,Census Tract 5532.01; Los Angeles County; California,3898,714,288,138,7.39,6,14,0,14,6,19.79898987322333,0.0,25.79898987322333,3.2998316455372216,high_uncertainty,0.15,2.08,100357.0,15905.0,0.15848421136542543,False
06037553202,06,037,553202,Census Tract 5532.02; Los Angeles County; California,2879,328,407,235,14.14,0,14,0,14,0,19.79898987322333,0.0,19.79898987322333,,zero_estimate,0.0,0.0,93295.0,49755.0,0.5333083230612573,False
06037553300,06,037,553300,Census Tract 5533; Los Angeles County; California,3399,548,333,89,9.8,0,14,0,14,0,19.79898987322333,0.0,19.79898987322333,,zero_estimate,0.0,0.0,102336.0,8177.0,0.07990345528455285,False
06037553400,06,037,553400,Census Tract 5534; Los Angeles County; California,3381,431,145,102,4.29,0,14,0,14,0,19.79898987322333,0.0,19.79898987322333,,zero_estimate,0.0,0.0,111400.0,19495.0,0.175,False
06037553502,06,037,553502,Census Tract 5535.02; Los Angeles County; California,3453,544,53,58,1.53,0,14,0,14,0,19.79898987322333,0.0,19.79898987322333,,zero_estimate,0.0,0.0,80348.0,13275.0,0.16521879822770946,False
06037553503,06,037,553503,Census Tract 5535.03; Los Angeles County; California,2935,603,15,23,0.51,15,23,0,14,15,26.92582403567252,0.0,41.92582403567252,1.7950549357115013,high_uncertainty,0.51,100.0,59375.0,9256.0,0.15589052631578948,False
06037553504,06,037,553504,Census Tract 5535.04; Los Angeles County; California,4840,563,98,98,2.02,0,14,0,14,0,19.79898987322333,0.0,19.79898987322333,,zero_estimate,0.0,0.0,81984.0,22114.0,0.2697355581576893,False
06037553601,06,037,553601,Census Tract 5536.01; Los Angeles County; California,4771,683,211,193,4.42,0,14,14,23,14,26.92582403567252,0.0,40.92582403567252,1.92327314540518,high_uncertainty,0.29,6.64,69655.0,13414.0,0.19257770440025843,False
06037553602,06,037,553602,Census Tract 5536.02; Los Angeles County; California,5231,823,118,115,2.26,0,19,0,19,0,26.870057685088806,0.0,26.870057685088806,,zero_estimate,0.0,0.0,93190.0,14386.0,0.1543727867796974,False
06037553701,06,037,553701,Census Tract 5537.01; Los Angeles County; California,3658,587,67,58,1.83,0,14,0,14,0,19.79898987322333,0.0,19.79898987322333,,zero_estimate,0.0,0.0,71250.0,9923.0,0.1392701754385965,False
06037553702,06,037,553702,Census Tract 5537.02; Los Angeles County; California,4559,496,56,87,1.23,0,14,0,14,0,19.79898987322333,0.0,19.79898987322333,,zero_estimate,0.0,0.0,66570.0,12724.0,0.19113714886585548,False
06037553801,06,037,553801,Census Tract 5538.01; Los Angeles County; California,3710,581,163,116,4.39,34,46,0,14,34,48.08326112068523,0.0,82.08326112068522,1.414213562373095,high_uncertainty,0.92,20.86,66250.0,18948.0,0.2860075471698113,False
06037553802,06,037,553802,Census Tract 5538.02; Los Angeles County; California,6585,969,829,487,12.59,90,147,0,19,90,148.22280526288793,0.0,238.22280526288793,1.6469200584765327,high_uncertainty,1.37,10.86,64875.0,18864.0,0.2907745664739884,False
06037553901,06,037,553901,Census Tract 5539.01; Los Angeles County; California,6092,837,261,108,4.28,0,19,0,19,0,26.870057685088806,0.0,26.870057685088806,,zero_estimate,0.0,0.0,87683.0,12279.0,0.14003854795114218,False
06037553902,06,037,553902,Census Tract 5539.02; Los Angeles County; California,6216,951,176,115,2.83,0,19,0,19,0,26.870057685088806,0.0,26.870057685088806,,zero_estimate,0.0,0.0,77548.0,10544.0,0.13596740083561148,False
06037554001,06,037,554001,Census Tract 5540.01; Los Angeles County; California,4519,721,530,503,11.73,0,14,0,14,0,19.79898987322333,0.0,19.79898987322333,,zero_estimate,0.0,0.0,89959.0,9938.0,0.11047254860547583,False
06037554002,06,037,554002,Census Tract 5540.02; Los Angeles County; California,5755,581,527,129,9.16,47,67,30,40,77,78.03204469959762,0.0,155.03204469959763,1.0134031779168522,high_uncertainty,1.34,14.61,83953.0,41532.0,0.4947053708622682,False
06037554101,06,037,554101,Census Tract 5541.01; Los Angeles County; California,3643,438,745,232,20.45,69,107,0,14,69,107.91200118615167,0.0,176.91200118615166,1.563942046176111,high_uncertainty,1.89,9.26,70087.0,9672.0,0.13799991439211265,False
06037554105,06,037,554105,Census Tract 5541.05; Los Angeles County; California,4327,897,574,378,13.27,6,11,0,14,6,17.804493814764857,0.0,23.804493814764857,2.967415635794143,high_uncertainty,0.14,1.05,48553.0,10888.0,0.2242497888904908,False
06037554106,06,037,554106,Census Tract 5541.06; Los Angeles County; California,3974,562,596,187,15.0,0,14,0,14,0,19.79898987322333,0.0,19.79898987322333,,zero_estimate,0.0,0.0,85000.0,24151.0,0.2841294117647059,False
06037554201,06,037,554201,Census Tract 5542.01; Los Angeles County; California,3630,365,398,198,10.96,54,123,0,14,54,123.79418403139947,0.0,177.79418403139948,2.2924848894703604,high_uncertainty,1.49,13.57,94457.0,27732.0,0.2935939104566099,False
06037554203,06,037,554203,Census Tract 5542.03; Los Angeles County; California,3549,605,448,166,12.62,5,8,0,14,5,16.1245154965971,0.0,21.1245154965971,3.2249030993194197,high_uncertainty,0.14,1.12,72083.0,24392.0,0.3383876919662056,False
06037554204,06,037,554204,Census Tract 5542.04; Los Angeles County; California,4735,795,164,103,3.46,0,14,0,14,0,19.79898987322333,0.0,19.79898987322333,,zero_estimate,0.0,0.0,41750.0,15066.0,0.3608622754491018,False
06037554301,06,037,554301,Census Tract 5543.01; Los Angeles County; California,3293,532,176,109,5.34,0,14,0,14,0,19.79898987322333,0.0,19.79898987322333,,zero_estimate,0.0,0.0,85694.0,18883.0,0.2203538170700399,False
06037554302,06,037,554302,Census Tract 5543.02; Los Angeles County; California,3937,755,649,420,16.48,0,14,0,14,0,19.79898987322333,0.0,19.79898987322333,,zero_estimate,0.0,0.0,73882.0,19341.0,0.26178230150780973,False
06037554403,06,037,554403,Census Tract 5544.03; Los Angeles County; California,5622,752,658,312,11.7,31,47,49,77,80,90.21086409075129,0.0,170.21086409075127,1.127635801134391,high_uncertainty,1.42,12.16,70736.0,15327.0,0.21667891879665235,False
06037554404,06,037,554404,Census Tract 5544.04; Los Angeles County; California,4309,570,436,254,10.12,39,48,0,14,39,50.0,0.0,89.0,1.2820512820512822,high_uncertainty,0.91,8.94,75972.0,20370.0,0.26812509872058127,False
06037554405,06,037,554405,Census Tract 5544.05; Los Angeles County; California,3907,609,657,351,16.82,168,222,6,11,174,222.27235545609355,0.0,396.2723554560936,1.2774273302074342,high_uncertainty,4.45,26.48,49342.0,19623.0,0.3976936484131166,False
06037554406,06,037,554406,Census Tract 5544.06; Los Angeles County; California,4810,516,802,219,16.67,69,71,0,14,69,72.3671196055225,0.0,141.3671196055225,1.048798834862645,high_uncertainty,1.43,8.6,89562.0,22738.0,0.2538799937473482,False
06037554511,06,037,554511,Census Tract 5545.11; Los Angeles County; California,3620,636,2409,233,66.55,511,214,32,32,543,216.3792966066763,326.6207033933237,759.3792966066762,0.3984885757029029,more_reliable,15.0,22.54,146250.0,37895.0,0.2591111111111111,False
06037554512,06,037,554512,Census Tract 5545.12; Los Angeles County; California,6504,654,4008,465,61.62,601,284,217,180,818,336.23801093868013,481.76198906131987,1154.2380109386802,0.4110489131279708,more_reliable,12.58,20.41,181179.0,26856.0,0.14822909939893697,False
06037554513,06,037,554513,Census Tract 5545.13; Los Angeles County; California,2537,240,1684,191,66.38,330,118,168,76,498,140.356688476182,357.643311523818,638.356688476182,0.28184073991201203,more_reliable,19.63,29.57,143594.0,37023.0,0.2578311071493238,False
06037554514,06,037,554514,Census Tract 5545.14; Los Angeles County; California,4571,563,2335,287,51.08,399,154,87,87,486,176.87566254292872,309.1243374570713,662.8756625429287,0.363941692475162,more_reliable,10.63,20.81,146946.0,12858.0,0.08750153117471725,False
06037554515,06,037,554515,Census Tract 5545.15; Los Angeles County; California,3263,386,2091,352,64.08,144,99,0,14,144,99.98499887483122,44.01500112516878,243.9849988748312,0.6943402699641057,usable_with_caution,4.41,6.89,89161.0,11468.0,0.12862125817341663,False
06037554516,06,037,554516,Census Tract 5545.16; Los Angeles County; California,3922,693,2836,690,72.31,536,242,426,326,962,406.00492607848986,555.9950739215101,1368.00492607849,0.4220425427011329,more_reliable,24.53,33.92,165357.0,42479.0,0.25689266254225707,False
06037554517,06,037,554517,Census Tract 5545.17; Los Angeles County; California,4513,355,3296,408,73.03,674,215,173,121,847,246.71035649116962,600.2896435088304,1093.7103564911697,0.2912755094346749,more_reliable,18.77,25.7,136435.0,16872.0,0.12366328288195844,False
06037554518,06,037,554518,Census Tract 5545.18; Los Angeles County; California,4993,477,3529,370,70.68,897,303,44,36,941,305.1311193569086,635.8688806430914,1246.1311193569086,0.3242626135567573,more_reliable,18.85,26.66,117120.0,20906.0,0.1785006830601093,False
06037554519,06,037,554519,Census Tract 5545.19; Los Angeles County; California,3201,652,2524,637,78.85,295,156,249,147,544,214.34784813475503,329.65215186524495,758.347848134755,0.39402177965947616,more_reliable,16.99,21.55,115058.0,22187.0,0.19283317978758538,False
06037554521,06,037,554521,Census Tract 5545.21; Los Angeles County; California,5809,655,2540,566,43.73,322,166,52,65,374,178.27226368675525,195.72773631324475,552.2722636867552,0.4766638066490782,more_reliable,6.44,14.72,122148.0,13244.0,0.10842584405802796,False
06037554522,06,037,554522,Census Tract 5545.22; Los Angeles County; California,4934,694,2531,580,51.3,283,178,37,45,320,183.60010893242955,136.39989106757045,503.6001089324295,0.5737503404138423,usable_with_caution,6.49,12.64,122243.0,40848.0,0.33415410289341724,False
06037554600,06,037,554600,Census Tract 5546; Los Angeles County; California,3941,633,1215,316,30.83,127,77,0,14,127,78.26237921249263,48.73762078750737,205.26237921249265,0.6162392063975798,usable_with_caution,3.22,10.45,101563.0,35475.0,0.34929058810787394,False
06037554700,06,037,554700,Census Tract 5547; Los Angeles County; California,4289,535,589,166,13.73,15,22,0,14,15,26.076809620810597,0.0,41.07680962081059,1.7384539747207064,high_uncertainty,0.35,2.55,119688.0,24422.0,0.20404718935900007,False
06037554801,06,037,554801,Census Tract 5548.01; Los Angeles County; California,3037,445,408,201,13.43,14,17,0,14,14,22.02271554554524,0.0,36.02271554554524,1.5730511103960885,high_uncertainty,0.46,3.43,113047.0,29872.0,0.26424407547303336,False
06037554802,06,037,554802,Census Tract 5548.02; Los Angeles County; California,5630,579,3603,646,64.0,358,210,129,114,487,238.94769302087852,248.05230697912148,725.9476930208785,0.49065234706545896,more_reliable,8.65,13.52,109000.0,20044.0,0.18388990825688073,False
06037554900,06,037,554900,Census Tract 5549; Los Angeles County; California,7222,719,2889,909,40.0,196,240,86,137,282,276.3494165001982,5.650583499801826,558.3494165001982,0.9799624698588588,usable_with_caution,3.9,9.76,91471.0,14097.0,0.15411441877753604,False
06037555001,06,037,555001,Census Tract 5550.01; Los Angeles County; California,5158,549,1701,490,32.98,436,367,45,53,481,370.8072275455267,110.1927724544733,851.8072275455268,0.770908996976147,usable_with_caution,9.33,28.28,92967.0,17619.0,0.18951886153151118,False
06037555002,06,037,555002,Census Tract 5550.02; Los Angeles County; California,4076,526,710,235,17.42,0,14,0,14,0,19.79898987322333,0.0,19.79898987322333,,zero_estimate,0.0,0.0,88285.0,29452.0,0.33360140454210796,False
06037555105,06,037,555105,Census Tract 5551.05; Los Angeles County; California,5885,638,1439,245,24.45,50,64,24,34,74,72.47068372797375,1.52931627202625,146.47068372797375,0.9793335638915371,usable_with_caution,1.26,5.14,108199.0,16746.0,0.1547703768057006,False
06037555106,06,037,555106,Census Tract 5551.06; Los Angeles County; California,2594,402,658,205,25.37,21,33,0,14,21,35.84689665786984,0.0,56.84689665786984,1.706995078946183,high_uncertainty,0.81,3.19,49041.0,18322.0,0.3736057584470137,False
06037555107,06,037,555107,Census Tract 5551.07; Los Angeles County; California,5111,626,1751,431,34.26,269,147,27,43,296,153.16004700965587,142.83995299034413,449.16004700965584,0.5174325912488374,usable_with_caution,5.79,16.9,84222.0,8418.0,0.099950131794543,False
06037555202,06,037,555202,Census Tract 5552.02; Los Angeles County; California,3606,695,545,119,15.11,9,14,0,14,9,19.79898987322333,0.0,28.79898987322333,2.199887763691481,high_uncertainty,0.25,1.65,144583.0,28126.0,0.1945318605921858,False
06037555211,06,037,555211,Census Tract 5552.11; Los Angeles County; California,6040,611,435,209,7.2,26,43,66,103,92,111.61541112229978,0.0,203.61541112229978,1.21321099045978,high_uncertainty,1.52,21.15,90962.0,22574.0,0.24816956531298784,False
06037555212,06,037,555212,Census Tract 5552.12; Los Angeles County; California,5057,626,837,377,16.55,0,19,0,19,0,26.870057685088806,0.0,26.870057685088806,,zero_estimate,0.0,0.0,79078.0,15685.0,0.19834846607147374,False
06037555300,06,037,555300,Census Tract 5553; Los Angeles County; California,4591,666,362,159,7.88,28,31,0,14,28,34.0147027033899,0.0,62.0147027033899,1.2148108108353537,high_uncertainty,0.61,7.73,114698.0,40323.0,0.35155800449877067,False
06037570001,06,037,570001,Census Tract 5700.01; Los Angeles County; California,4919,817,859,325,17.46,0,14,0,14,0,19.79898987322333,0.0,19.79898987322333,,zero_estimate,0.0,0.0,137500.0,36438.0,0.2650036363636364,False
06037570002,06,037,570002,Census Tract 5700.02; Los Angeles County; California,2658,310,353,83,13.28,11,12,0,14,11,18.439088914585774,0.0,29.439088914585774,1.6762808104168885,high_uncertainty,0.41,3.12,127321.0,25974.0,0.20400405274856465,False
06037570003,06,037,570003,Census Tract 5700.03; Los Angeles County; California,3870,481,266,123,6.87,0,14,0,14,0,19.79898987322333,0.0,19.79898987322333,,zero_estimate,0.0,0.0,126389.0,17369.0,0.13742493413192602,False
06037570100,06,037,570100,Census Tract 5701; Los Angeles County; California,3044,497,990,420,32.52,11,14,17,20,28,24.413111231467404,3.586888768532596,52.413111231467404,0.8718968296952644,usable_with_caution,0.92,2.83,113478.0,4708.0,0.04148821798057773,False
06037570202,06,037,570202,Census Tract 5702.02; Los Angeles County; California,6381,808,555,354,8.7,24,40,0,19,24,44.28317965096906,0.0,68.28317965096906,1.8451324854570441,high_uncertainty,0.38,4.32,72702.0,32102.0,0.4415559406893896,False
06037570203,06,037,570203,Census Tract 5702.03; Los Angeles County; California,3708,646,255,112,6.88,0,14,0,14,0,19.79898987322333,0.0,19.79898987322333,,zero_estimate,0.0,0.0,57094.0,26302.0,0.46067888044277855,False
06037570204,06,037,570204,Census Tract 5702.04; Los Angeles County; California,4465,820,683,385,15.3,21,33,0,14,21,35.84689665786984,0.0,56.84689665786984,1.706995078946183,high_uncertainty,0.47,3.07,77609.0,17507.0,0.225579507531343,False
06037570303,06,037,570303,Census Tract 5703.03; Los Angeles County; California,3765,654,294,160,7.81,25,38,0,14,25,40.496913462633174,0.0,65.49691346263317,1.6198765385053269,high_uncertainty,0.66,8.5,64848.0,6402.0,0.09872316802368616,False
06037570304,06,037,570304,Census Tract 5703.04; Los Angeles County; California,4688,547,120,102,2.56,0,14,0,14,0,19.79898987322333,0.0,19.79898987322333,,zero_estimate,0.0,0.0,64188.0,18216.0,0.28379136287156476,False
06037570305,06,037,570305,Census Tract 5703.05; Los Angeles County; California,5119,759,335,188,6.54,0,19,0,19,0,26.870057685088806,0.0,26.870057685088806,,zero_estimate,0.0,0.0,67545.0,12367.0,0.18309275297949515,False
06037570306,06,037,570306,Census Tract 5703.06; Los Angeles County; California,3239,664,661,340,20.41,0,14,0,14,0,19.79898987322333,0.0,19.79898987322333,,zero_estimate,0.0,0.0,108368.0,40446.0,0.3732282592647276,False
06037570402,06,037,570402,Census Tract 5704.02; Los Angeles County; California,3372,509,107,90,3.17,3,6,0,14,3,15.231546211727817,0.0,18.231546211727817,5.077182070575939,high_uncertainty,0.09,2.8,103953.0,17622.0,0.16951891720296672,False
06037570403,06,037,570403,Census Tract 5704.03; Los Angeles County; California,3789,431,179,162,4.72,0,14,0,14,0,19.79898987322333,0.0,19.79898987322333,,zero_estimate,0.0,0.0,69391.0,7167.0,0.10328428758772752,False
06037570404,06,037,570404,Census Tract 5704.04; Los Angeles County; California,3973,787,290,171,7.3,0,14,0,14,0,19.79898987322333,0.0,19.79898987322333,,zero_estimate,0.0,0.0,80505.0,8648.0,0.10742189926091547,False
06037570502,06,037,570502,Census Tract 5705.02; Los Angeles County; California,5618,629,1081,175,19.24,59,64,0,19,59,66.76076692189807,0.0,125.76076692189807,1.131538422405052,high_uncertainty,1.05,5.46,102222.0,27974.0,0.27365929056367516,False
06037570503,06,037,570503,Census Tract 5705.03; Los Angeles County; California,3693,937,489,244,13.24,74,77,0,14,74,78.26237921249263,0.0,152.26237921249265,1.0575997190877382,high_uncertainty,2.0,15.13,87960.0,17797.0,0.2023306048203729,False
06037570504,06,037,570504,Census Tract 5705.04; Los Angeles County; California,3207,490,436,139,13.6,47,63,0,14,47,64.53681120105021,0.0,111.53681120105021,1.3731236425755364,high_uncertainty,1.47,10.78,92375.0,11142.0,0.12061705006765899,False
06037570601,06,037,570601,Census Tract 5706.01; Los Angeles County; California,6081,942,754,202,12.4,27,35,0,19,27,39.824615503479755,0.0,66.82461550347975,1.474985759388139,high_uncertainty,0.44,3.58,98783.0,15602.0,0.15794215603899456,False
06037570602,06,037,570602,Census Tract 5706.02; Los Angeles County; California,5692,665,2633,691,46.26,263,261,0,19,263,261.6906570743404,1.309342925659621,524.6906570743404,0.9950215097883665,usable_with_caution,4.62,9.99,86645.0,24091.0,0.2780425875699694,False
06037570603,06,037,570603,Census Tract 5706.03; Los Angeles County; California,5038,597,135,109,2.68,0,19,0,19,0,26.870057685088806,0.0,26.870057685088806,,zero_estimate,0.0,0.0,46339.0,5320.0,0.11480610285073048,False
06037570701,06,037,570701,Census Tract 5707.01; Los Angeles County; California,7323,1088,1401,616,19.13,32,53,0,19,32,56.302753041036986,0.0,88.302753041037,1.7594610325324058,high_uncertainty,0.44,2.28,101975.0,21553.0,0.21135572444226527,False
06037570703,06,037,570703,Census Tract 5707.03; Los Angeles County; California,2906,260,658,260,22.64,50,59,38,68,88,90.02777349240623,0.0,178.02777349240623,1.0230428805955254,high_uncertainty,3.03,13.37,116974.0,24332.0,0.2080120368628926,False
06037570800,06,037,570800,Census Tract 5708; Los Angeles County; California,5489,509,936,184,17.05,220,167,0,19,220,168.0773631397161,51.92263686028389,388.0773631397161,0.7639880142714369,usable_with_caution,4.01,23.5,130625.0,16244.0,0.12435598086124403,False
06037570901,06,037,570901,Census Tract 5709.01; Los Angeles County; California,5549,663,945,258,17.03,82,95,0,19,82,96.88137075826292,0.0,178.8813707582629,1.1814801311983283,high_uncertainty,1.48,8.68,121071.0,14310.0,0.11819510865525187,False
06037570902,06,037,570902,Census Tract 5709.02; Los Angeles County; California,3350,509,325,149,9.7,27,23,0,14,27,26.92582403567252,0.07417596432748041,53.92582403567252,0.9972527420619451,usable_with_caution,0.81,8.31,147063.0,26311.0,0.17890971896398142,False
06037571000,06,037,571000,Census Tract 5710; Los Angeles County; California,5505,596,619,210,11.24,82,88,0,19,82,90.02777349240623,0.0,172.02777349240623,1.0978996767366613,high_uncertainty,1.49,13.25,132196.0,16094.0,0.12174347181457836,False
06037571101,06,037,571101,Census Tract 5711.01; Los Angeles County; California,5026,669,309,115,6.15,16,21,0,19,16,28.319604517012593,0.0,44.31960451701259,1.769975282313287,high_uncertainty,0.32,5.18,130982.0,18466.0,0.14098120352414836,False
06037571102,06,037,571102,Census Tract 5711.02; Los Angeles County; California,3609,342,507,181,14.05,0,14,0,14,0,19.79898987322333,0.0,19.79898987322333,,zero_estimate,0.0,0.0,140574.0,20248.0,0.14403801556475593,False
06037571201,06,037,571201,Census Tract 5712.01; Los Angeles County; California,3973,689,245,129,6.17,75,72,0,14,75,73.348483283569,1.6515167164310043,148.348483283569,0.9779797771142533,usable_with_caution,1.89,30.61,179148.0,63323.0,0.3534675240583205,False
06037571202,06,037,571202,Census Tract 5712.02; Los Angeles County; California,3839,622,508,325,13.23,69,99,0,14,69,99.98499887483122,0.0,168.9849988748312,1.449057954707699,high_uncertainty,1.8,13.58,104821.0,35493.0,0.3386058137205331,False
06037571300,06,037,571300,Census Tract 5713; Los Angeles County; California,4685,485,569,195,12.15,56,51,10,16,66,53.45091205957107,12.549087940428933,119.45091205957107,0.8098623039328949,usable_with_caution,1.41,11.6,136806.0,28656.0,0.2094644971711767,False
06037571400,06,037,571400,Census Tract 5714; Los Angeles County; California,4779,516,906,303,18.96,32,23,12,18,44,29.206163733020468,14.793836266979532,73.20616373302047,0.6637764484777379,usable_with_caution,0.92,4.86,120588.0,19984.0,0.16572129896838822,False
06037571502,06,037,571502,Census Tract 5715.02; Los Angeles County; California,5022,820,978,744,19.47,84,88,0,19,84,90.02777349240623,0.0,174.02777349240623,1.0717592082429312,high_uncertainty,1.67,8.59,102981.0,8966.0,0.08706460415028015,False
06037571504,06,037,571504,Census Tract 5715.04; Los Angeles County; California,5120,925,908,268,17.73,94,82,0,19,94,84.17244204607586,9.827557953924142,178.17244204607584,0.8954515111284665,usable_with_caution,1.84,10.35,89880.0,40137.0,0.4465620827770361,False
06037571505,06,037,571505,Census Tract 5715.05; Los Angeles County; California,2681,684,657,140,24.51,34,23,7,12,41,25.942243542145693,15.057756457854307,66.94224354214569,0.6327376473694072,usable_with_caution,1.53,6.24,95871.0,9512.0,0.09921665571444963,False
06037571600,06,037,571600,Census Tract 5716; Los Angeles County; California,2384,451,26,21,1.09,4,6,0,14,4,15.231546211727817,0.0,19.231546211727817,3.8078865529319543,high_uncertainty,0.17,15.38,31402.0,8039.0,0.25600280236927586,False
06037571701,06,037,571701,Census Tract 5717.01; Los Angeles County; California,5653,1469,533,266,9.43,8,12,0,19,8,22.47220505424423,0.0,30.47220505424423,2.809025631780529,high_uncertainty,0.14,1.5,81867.0,12603.0,0.15394481292828613,False
06037571703,06,037,571703,Census Tract 5717.03; Los Angeles County; California,3363,503,614,345,18.26,0,14,0,14,0,19.79898987322333,0.0,19.79898987322333,,zero_estimate,0.0,0.0,67750.0,23982.0,0.3539778597785978,False
06037571704,06,037,571704,Census Tract 5717.04; Los Angeles County; California,3782,582,343,130,9.07,8,12,0,14,8,18.439088914585774,0.0,26.439088914585774,2.3048861143232218,high_uncertainty,0.21,2.33,63021.0,10131.0,0.1607559384966916,False
06037571800,06,037,571800,Census Tract 5718; Los Angeles County; California,3005,565,316,180,10.52,206,166,16,26,222,168.02380783686579,53.976192163134215,390.0238078368658,0.7568639992651612,usable_with_caution,7.39,70.25,131204.0,45711.0,0.34839639035395265,False
06037571900,06,037,571900,Census Tract 5719; Los Angeles County; California,6378,1094,804,368,12.61,6,9,19,32,25,33.24154027718932,0.0,58.24154027718932,1.329661611087573,high_uncertainty,0.39,3.11,165625.0,32749.0,0.1977298113207547,False
06037572001,06,037,572001,Census Tract 5720.01; Los Angeles County; California,5836,769,466,175,7.98,32,55,0,19,32,58.18934610390462,0.0,90.18934610390463,1.8184170657470193,high_uncertainty,0.55,6.87,130929.0,34148.0,0.2608131124502593,False
06037572201,06,037,572201,Census Tract 5722.01; Los Angeles County; California,6275,1034,1874,485,29.86,23,35,0,19,23,39.824615503479755,0.0,62.824615503479755,1.7315050218904242,high_uncertainty,0.37,1.23,89545.0,19242.0,0.2148863699815735,False
06037572202,06,037,572202,Census Tract 5722.02; Los Angeles County; California,3468,402,693,208,19.98,51,56,7,22,58,60.166435825965294,0.0,118.1664358259653,1.0373523418269879,high_uncertainty,1.67,8.37,138134.0,33718.0,0.24409631227648515,False
06037572301,06,037,572301,Census Tract 5723.01; Los Angeles County; California,3648,507,637,132,17.46,8,13,0,14,8,19.1049731745428,0.0,27.1049731745428,2.38812164681785,high_uncertainty,0.22,1.26,103576.0,26719.0,0.25796516567544603,False
06037572500,06,037,572500,Census Tract 5725; Los Angeles County; California,4011,742,783,618,19.52,99,142,0,14,99,142.68847185389575,0.0,241.68847185389575,1.4412976954938965,high_uncertainty,2.47,12.64,58354.0,21430.0,0.3672413202179799,False
06037572600,06,037,572600,Census Tract 5726; Los Angeles County; California,4929,722,1512,462,30.68,23,45,0,14,23,47.12748667179272,0.0,70.12748667179272,2.0490211596431616,high_uncertainty,0.47,1.52,121746.0,24392.0,0.20035155159101736,False
06037572700,06,037,572700,Census Tract 5727; Los Angeles County; California,5078,621,2568,398,50.57,0,19,0,19,0,26.870057685088806,0.0,26.870057685088806,,zero_estimate,0.0,0.0,89375.0,10182.0,0.11392447552447553,False
06037573002,06,037,573002,Census Tract 5730.02; Los Angeles County; California,3282,516,288,175,8.78,0,14,0,14,0,19.79898987322333,0.0,19.79898987322333,,zero_estimate,0.0,0.0,62066.0,18116.0,0.2918828344020881,False
06037573003,06,037,573003,Census Tract 5730.03; Los Angeles County; California,1699,225,352,156,20.72,23,27,0,14,23,30.4138126514911,0.0,53.4138126514911,1.322339680499613,high_uncertainty,1.35,6.53,97375.0,29085.0,0.2986906290115533,False
06037573004,06,037,573004,Census Tract 5730.04; Los Angeles County; California,5127,976,168,135,3.28,0,19,0,19,0,26.870057685088806,0.0,26.870057685088806,,zero_estimate,0.0,0.0,65294.0,13319.0,0.20398505222531932,False
06037573101,06,037,573101,Census Tract 5731.01; Los Angeles County; California,4485,798,617,162,13.76,10,15,0,14,10,20.518284528683193,0.0,30.518284528683193,2.0518284528683193,high_uncertainty,0.22,1.62,64194.0,24960.0,0.3888213851761847,False
06037573102,06,037,573102,Census Tract 5731.02; Los Angeles County; California,3120,584,411,319,13.17,14,25,0,14,14,28.653097563788805,0.0,42.653097563788805,2.0466498259849146,high_uncertainty,0.45,3.41,99547.0,12575.0,0.1263222397460496,False
06037573201,06,037,573201,Census Tract 5732.01; Los Angeles County; California,3845,601,533,212,13.86,10,15,0,14,10,20.518284528683193,0.0,30.518284528683193,2.0518284528683193,high_uncertainty,0.26,1.88,54953.0,12372.0,0.22513784506760323,False
06037573202,06,037,573202,Census Tract 5732.02; Los Angeles County; California,6426,1046,1627,908,25.32,329,310,0,19,329,310.5817122755298,18.41828772447019,639.5817122755298,0.9440173625396043,usable_with_caution,5.12,20.22,89613.0,17848.0,0.19916753149654626,False
06037573300,06,037,573300,Census Tract 5733; Los Angeles County; California,3572,530,1090,353,30.52,0,14,0,14,0,19.79898987322333,0.0,19.79898987322333,,zero_estimate,0.0,0.0,57115.0,13439.0,0.23529720738860194,False
06037573401,06,037,573401,Census Tract 5734.01; Los Angeles County; California,1276,260,262,97,20.53,23,30,0,14,23,33.1058907144937,0.0,56.1058907144937,1.4393865528040737,high_uncertainty,1.8,8.78,87708.0,24079.0,0.27453596023167787,False
06037573402,06,037,573402,Census Tract 5734.02; Los Angeles County; California,6838,654,1364,525,19.95,179,191,0,19,179,191.94269978303421,0.0,370.9426997830342,1.0723055853800794,high_uncertainty,2.62,13.12,84831.0,35056.0,0.4132451580200634,False
06037573403,06,037,573403,Census Tract 5734.03; Los Angeles County; California,3354,543,1020,265,30.41,107,75,0,14,107,76.2954782408499,30.704521759150097,183.2954782408499,0.7130418527182234,usable_with_caution,3.19,10.49,141950.0,44585.0,0.3140894681225784,False
06037573601,06,037,573601,Census Tract 5736.01; Los Angeles County; California,6300,584,658,390,10.44,13,23,28,45,41,50.53711507397311,0.0,91.53711507397311,1.232612562779832,high_uncertainty,0.65,6.23,134436.0,22852.0,0.1699842304144723,False
06037573700,06,037,573700,Census Tract 5737; Los Angeles County; California,5105,570,720,313,14.1,81,98,27,32,108,103.09219175087898,4.907808249121018,211.09219175087898,0.9545573310266572,usable_with_caution,2.12,15.0,154266.0,16480.0,0.1068284651186911,False
06037573800,06,037,573800,Census Tract 5738; Los Angeles County; California,4377,437,390,200,8.91,74,68,0,14,74,69.42621983083913,4.5737801691608695,143.42621983083913,0.9381921598762044,usable_with_caution,1.69,18.97,135434.0,23580.0,0.1741069450802605,False
06037573902,06,037,573902,Census Tract 5739.02; Los Angeles County; California,2248,220,292,86,12.99,48,47,0,14,48,49.040799340956916,0.0,97.04079934095691,1.021683319603269,high_uncertainty,2.14,16.44,155724.0,24101.0,0.1547674090056767,False
06037574000,06,037,574000,Census Tract 5740; Los Angeles County; California,5246,477,345,135,6.58,116,109,0,19,116,110.64357188738983,5.356428112610175,226.64357188738984,0.9538238955809468,usable_with_caution,2.21,33.62,140320.0,9000.0,0.06413911060433296,False
06037574100,06,037,574100,Census Tract 5741; Los Angeles County; California,5107,661,650,231,12.73,24,25,0,19,24,31.400636936215164,0.0,55.400636936215164,1.3083598723422984,high_uncertainty,0.47,3.69,135774.0,16811.0,0.12381604725499727,False
06037574201,06,037,574201,Census Tract 5742.01; Los Angeles County; California,3125,369,490,145,15.68,62,88,0,14,62,89.10667763978185,0.0,151.10667763978185,1.4372044780609976,high_uncertainty,1.98,12.65,134821.0,40270.0,0.2986923402140616,False
06037574202,06,037,574202,Census Tract 5742.02; Los Angeles County; California,2131,304,280,157,13.14,0,14,0,14,0,19.79898987322333,0.0,19.79898987322333,,zero_estimate,0.0,0.0,123782.0,7810.0,0.06309479568919552,False
06037574300,06,037,574300,Census Tract 5743; Los Angeles County; California,6424,1126,518,237,8.06,18,28,0,19,18,33.83784863137726,0.0,51.83784863137726,1.879880479520959,high_uncertainty,0.28,3.47,119009.0,27502.0,0.2310917661689452,False
06037574400,06,037,574400,Census Tract 5744; Los Angeles County; California,5484,746,577,344,10.52,40,42,11,18,51,45.69463863518345,5.305361364816548,96.69463863518345,0.8959733065722245,usable_with_caution,0.93,8.84,130455.0,33936.0,0.2601356789697597,False
06037574500,06,037,574500,Census Tract 5745; Los Angeles County; California,6679,861,819,384,12.26,70,80,24,40,94,89.44271909999159,4.557280900008408,183.4427190999916,0.9515182882977828,usable_with_caution,1.41,11.48,161653.0,50639.0,0.31325740938924734,False
06037574602,06,037,574602,Census Tract 5746.02; Los Angeles County; California,1240,229,243,98,19.6,25,21,11,14,36,25.238858928247925,10.761141071752075,61.23885892824792,0.7010794146735535,usable_with_caution,2.9,14.81,158500.0,24188.0,0.15260567823343849,False
06037574800,06,037,574800,Census Tract 5748; Los Angeles County; California,3170,442,238,109,7.51,66,57,0,14,66,58.69412236331676,7.305877636683242,124.69412236331675,0.8893048842926782,usable_with_caution,2.08,27.73,108321.0,28895.0,0.26675344577690385,False
06037574901,06,037,574901,Census Tract 5749.01; Los Angeles County; California,3940,554,428,221,10.86,51,78,11,16,62,79.62411694957753,0.0,141.6241169495775,1.2842599507996375,high_uncertainty,1.57,14.49,140144.0,34952.0,0.24940061650873388,False
06037574902,06,037,574902,Census Tract 5749.02; Los Angeles County; California,5570,613,1319,499,23.68,242,247,69,99,311,266.101484400219,44.89851559978098,577.1014844002191,0.8556317826373602,usable_with_caution,5.58,23.58,88871.0,12833.0,0.14440031056250072,False
06037575001,06,037,575001,Census Tract 5750.01; Los Angeles County; California,4123,830,819,239,19.86,67,75,6,10,73,75.66372975210778,0.0,148.66372975210777,1.0364894486590108,high_uncertainty,1.77,8.91,96677.0,30635.0,0.31687991973271823,False
06037575002,06,037,575002,Census Tract 5750.02; Los Angeles County; California,4632,461,738,266,15.93,67,59,0,14,67,60.63827174318213,6.3617282568178695,127.63827174318213,0.905048831987793,usable_with_caution,1.45,9.08,102083.0,11748.0,0.11508282476024412,False
06037575101,06,037,575101,Census Tract 5751.01; Los Angeles County; California,4401,596,1041,382,23.65,21,26,0,14,21,29.5296461204668,0.0,50.5296461204668,1.4061736247841334,high_uncertainty,0.48,2.02,65181.0,14384.0,0.2206778048817907,False
06037575102,06,037,575102,Census Tract 5751.02; Los Angeles County; California,4147,513,445,208,10.73,10,16,0,14,10,21.2602916254693,0.0,31.2602916254693,2.12602916254693,high_uncertainty,0.24,2.25,55278.0,15414.0,0.27884511017041136,False
06037575103,06,037,575103,Census Tract 5751.03; Los Angeles County; California,4632,601,560,232,12.09,0,14,0,14,0,19.79898987322333,0.0,19.79898987322333,,zero_estimate,0.0,0.0,59259.0,7219.0,0.12182115796756611,False
06037575201,06,037,575201,Census Tract 5752.01; Los Angeles County; California,4190,706,1253,405,29.9,46,58,0,14,46,59.665735560705194,0.0,105.6657355607052,1.2970812078414173,high_uncertainty,1.1,3.67,54327.0,5975.0,0.10998214515802456,False
06037575202,06,037,575202,Census Tract 5752.02; Los Angeles County; California,3647,405,864,197,23.69,0,14,0,14,0,19.79898987322333,0.0,19.79898987322333,,zero_estimate,0.0,0.0,63661.0,21698.0,0.34083661896608597,False
06037575300,06,037,575300,Census Tract 5753; Los Angeles County; California,4209,788,434,196,10.31,57,89,0,14,57,90.09439494219383,0.0,147.09439494219384,1.5806034200384882,high_uncertainty,1.35,13.13,45481.0,10374.0,0.22809524856533497,False
06037575401,06,037,575401,Census Tract 5754.01; Los Angeles County; California,4027,702,76,96,1.89,13,20,0,14,13,24.413111231467404,0.0,37.413111231467404,1.8779316331898004,high_uncertainty,0.32,17.11,50852.0,11778.0,0.2316133092110438,False
06037575402,06,037,575402,Census Tract 5754.02; Los Angeles County; California,3565,463,230,130,6.45,56,48,0,14,56,50.0,6.0,106.0,0.8928571428571429,usable_with_caution,1.57,24.35,72623.0,7048.0,0.09704914421051182,False
06037575801,06,037,575801,Census Tract 5758.01; Los Angeles County; California,2225,554,107,91,4.81,0,14,0,14,0,19.79898987322333,0.0,19.79898987322333,,zero_estimate,0.0,0.0,48696.0,17566.0,0.36072778051585347,False
06037575802,06,037,575802,Census Tract 5758.02; Los Angeles County; California,4237,696,154,118,3.63,0,14,0,14,0,19.79898987322333,0.0,19.79898987322333,,zero_estimate,0.0,0.0,60863.0,4841.0,0.07953929316662012,False
06037575803,06,037,575803,Census Tract 5758.03; Los Angeles County; California,2416,409,266,106,11.01,54,59,0,14,54,60.63827174318213,0.0,114.63827174318213,1.1229309582070766,high_uncertainty,2.24,20.3,25268.0,8961.0,0.35463827766344785,False
06037575901,06,037,575901,Census Tract 5759.01; Los Angeles County; California,3328,556,397,272,11.93,147,219,0,14,147,219.44703233354514,0.0,366.44703233354517,1.492836954649967,high_uncertainty,4.42,37.03,51297.0,22959.0,0.4475700333352828,False
06037575902,06,037,575902,Census Tract 5759.02; Los Angeles County; California,5020,561,682,278,13.59,53,78,0,19,53,80.2807573457052,0.0,133.28075734570518,1.514731270673683,high_uncertainty,1.06,7.77,60904.0,12238.0,0.20093918297648758,False
06037576001,06,037,576001,Census Tract 5760.01; Los Angeles County; California,6518,736,854,339,13.1,143,102,0,19,143,103.75451797391764,39.24548202608236,246.75451797391764,0.7255560697476758,usable_with_caution,2.19,16.74,105933.0,9152.0,0.08639423031538802,False
06037576200,06,037,576200,Census Tract 5762; Los Angeles County; California,5437,538,200,133,3.68,21,33,0,19,21,38.07886552931954,0.0,59.07886552931954,1.8132793109199783,high_uncertainty,0.39,10.5,63250.0,12575.0,0.19881422924901185,False
06037576301,06,037,576301,Census Tract 5763.01; Los Angeles County; California,4897,700,233,145,4.76,0,14,0,14,0,19.79898987322333,0.0,19.79898987322333,,zero_estimate,0.0,0.0,67594.0,20812.0,0.3078971506346717,False
06037576302,06,037,576302,Census Tract 5763.02; Los Angeles County; California,3188,520,583,210,18.29,30,45,0,14,30,47.12748667179272,0.0,77.12748667179272,1.5709162223930906,high_uncertainty,0.94,5.15,54095.0,25570.0,0.4726869396432203,False
06037576401,06,037,576401,Census Tract 5764.01; Los Angeles County; California,4027,603,295,213,7.33,0,14,0,14,0,19.79898987322333,0.0,19.79898987322333,,zero_estimate,0.0,0.0,63860.0,30804.0,0.4823676792984654,False
06037576402,06,037,576402,Census Tract 5764.02; Los Angeles County; California,4404,623,610,203,13.85,0,14,0,14,0,19.79898987322333,0.0,19.79898987322333,,zero_estimate,0.0,0.0,55313.0,12846.0,0.23224196843418365,False
06037576403,06,037,576403,Census Tract 5764.03; Los Angeles County; California,4854,774,588,248,12.11,0,14,18,25,18,28.653097563788805,0.0,46.653097563788805,1.5918387535438225,high_uncertainty,0.37,3.06,74356.0,12758.0,0.17157996664694175,False
06037576501,06,037,576501,Census Tract 5765.01; Los Angeles County; California,2926,357,144,115,4.92,8,19,0,14,8,23.600847442411894,0.0,31.600847442411894,2.9501059303014867,high_uncertainty,0.27,5.56,46172.0,22725.0,0.49218140864593257,False
06037576502,06,037,576502,Census Tract 5765.02; Los Angeles County; California,5064,1010,206,127,4.07,14,15,0,19,14,24.20743687382041,0.0,38.20743687382041,1.729102633844315,high_uncertainty,0.28,6.8,82569.0,19013.0,0.23026801826351295,False
06037576503,06,037,576503,Census Tract 5765.03; Los Angeles County; California,3715,387,312,157,8.4,46,51,0,14,46,52.88667128870941,0.0,98.88667128870941,1.1497102454067263,high_uncertainty,1.24,14.74,69345.0,11329.0,0.16337154805681736,False
06037576601,06,037,576601,Census Tract 5766.01; Los Angeles County; California,4204,466,662,274,15.75,32,53,0,14,32,54.817880294662984,0.0,86.81788029466298,1.7130587592082183,high_uncertainty,0.76,4.83,76560.0,14078.0,0.18388192267502612,False
06037576602,06,037,576602,Census Tract 5766.02; Los Angeles County; California,4408,648,257,182,5.83,22,36,0,14,22,38.62641583165593,0.0,60.62641583165593,1.7557461741661788,high_uncertainty,0.5,8.56,86916.0,15473.0,0.178022458465645,False
06037576700,06,037,576700,Census Tract 5767; Los Angeles County; California,4229,542,236,154,5.58,104,134,0,14,104,134.72935834479432,0.0,238.72935834479432,1.295474599469176,high_uncertainty,2.46,44.07,104483.0,19750.0,0.18902596594661333,False
06037576801,06,037,576801,Census Tract 5768.01; Los Angeles County; California,3437,650,449,185,13.06,16,25,33,53,49,58.60034129593445,0.0,107.60034129593444,1.1959253325700907,high_uncertainty,1.43,10.91,78627.0,24124.0,0.3068157248782225,False
06037576802,06,037,576802,Census Tract 5768.02; Los Angeles County; California,4389,673,264,134,6.02,12,18,9,14,21,22.80350850198276,0.0,43.80350850198276,1.0858813572372743,high_uncertainty,0.48,7.95,100871.0,20378.0,0.20202040229600182,False
06037576901,06,037,576901,Census Tract 5769.01; Los Angeles County; California,4944,692,795,191,16.08,0,14,0,14,0,19.79898987322333,0.0,19.79898987322333,,zero_estimate,0.0,0.0,68422.0,7598.0,0.11104615474554967,False
06037576903,06,037,576903,Census Tract 5769.03; Los Angeles County; California,4048,439,176,125,4.35,43,39,0,14,43,41.43669871020132,1.5633012897986802,84.43669871020131,0.9636441560511935,usable_with_caution,1.06,24.43,75302.0,9527.0,0.1265172239781148,False
06037576904,06,037,576904,Census Tract 5769.04; Los Angeles County; California,3330,518,197,96,5.92,0,14,0,14,0,19.79898987322333,0.0,19.79898987322333,,zero_estimate,0.0,0.0,72442.0,12020.0,0.16592584412357472,False
06037577000,06,037,577000,Census Tract 5770; Los Angeles County; California,7177,1089,720,408,10.03,32,26,0,19,32,32.202484376209235,0.0,64.20248437620924,1.0063276367565386,high_uncertainty,0.45,4.44,85020.0,24218.0,0.2848506233827335,False
06037577100,06,037,577100,Census Tract 5771; Los Angeles County; California,7179,842,504,243,7.02,162,144,0,19,162,145.24806367039804,16.75193632960196,307.24806367039804,0.896592985619741,usable_with_caution,2.26,32.14,97094.0,19315.0,0.1989309329103755,False
06037577200,06,037,577200,Census Tract 5772; Los Angeles County; California,5432,669,642,506,11.82,60,62,0,19,60,64.8459713474939,0.0,124.8459713474939,1.0807661891248983,high_uncertainty,1.1,9.35,109805.0,3464.0,0.031546833022175674,False
06037577300,06,037,577300,Census Tract 5773; Los Angeles County; California,5869,773,369,283,6.29,47,76,0,19,47,78.33900688673555,0.0,125.33900688673555,1.6667873805688413,high_uncertainty,0.8,12.74,108548.0,16283.0,0.15000737001142353,False
06037577400,06,037,577400,Census Tract 5774; Los Angeles County; California,3112,444,212,122,6.81,0,14,0,14,0,19.79898987322333,0.0,19.79898987322333,,zero_estimate,0.0,0.0,137098.0,24508.0,0.17876263694583436,False
06037577501,06,037,577501,Census Tract 5775.01; Los Angeles County; California,3209,378,218,148,6.79,48,57,15,27,63,63.071388124885914,0.0,126.07138812488591,1.001133144839459,high_uncertainty,1.96,28.9,134896.0,39281.0,0.29119469813782467,False
06037577504,06,037,577504,Census Tract 5775.04; Los Angeles County; California,1223,224,83,41,6.79,7,11,0,14,7,17.804493814764857,0.0,24.804493814764857,2.5434991163949796,high_uncertainty,0.57,8.43,101938.0,34847.0,0.3418450430653927,False
06037577602,06,037,577602,Census Tract 5776.02; Los Angeles County; California,3301,308,232,140,7.03,36,36,0,14,36,38.62641583165593,0.0,74.62641583165593,1.072955995323776,high_uncertainty,1.09,15.52,110964.0,16847.0,0.15182401499585452,False
06037577604,06,037,577604,Census Tract 5776.04; Los Angeles County; California,1638,419,23,21,1.4,5,8,0,14,5,16.1245154965971,0.0,21.1245154965971,3.2249030993194197,high_uncertainty,0.31,21.74,107195.0,14161.0,0.13210504221278976,False
06037577605,06,037,577605,Census Tract 5776.05; Los Angeles County; California,4668,608,277,153,5.93,68,59,41,62,109,85.58621384311844,23.413786156881557,194.58621384311846,0.7851946224139307,usable_with_caution,2.34,39.35,168750.0,59385.0,0.3519111111111111,False
06037577606,06,037,577606,Census Tract 5776.06; Los Angeles County; California,3757,927,256,134,6.81,48,55,0,14,48,56.753854494650845,0.0,104.75385449465085,1.1823719686385592,high_uncertainty,1.28,18.75,140792.0,10632.0,0.0755156542985397,False
06037577700,06,037,577700,Census Tract 5777; Los Angeles County; California,4652,615,824,263,17.71,38,62,0,14,38,63.56099432828282,0.0,101.56099432828282,1.6726577454811267,high_uncertainty,0.82,4.61,98125.0,17987.0,0.18330700636942676,False
06037577800,06,037,577800,Census Tract 5778; Los Angeles County; California,4722,605,303,108,6.42,23,26,0,14,23,29.5296461204668,0.0,52.5296461204668,1.2838976574116001,high_uncertainty,0.49,7.59,121250.0,31774.0,0.2620536082474227,False
06037577900,06,037,577900,Census Tract 5779; Los Angeles County; California,6928,1052,1328,581,19.17,188,202,0,19,188,202.89159667172024,0.0,390.8915966717202,1.0792106205942567,high_uncertainty,2.71,14.16,81528.0,25992.0,0.3188107153370621,False
06037578000,06,037,578000,Census Tract 5780; Los Angeles County; California,5403,1020,715,241,13.23,0,19,0,19,0,26.870057685088806,0.0,26.870057685088806,,zero_estimate,0.0,0.0,58504.0,19914.0,0.34038698208669493,False
06037578100,06,037,578100,Census Tract 5781; Los Angeles County; California,2273,47,414,101,18.21,57,44,42,40,99,59.464274989274024,39.535725010725976,158.46427498927403,0.6006492423158992,usable_with_caution,4.36,23.91,,,,False
06037599000,06,037,599000,Census Tract 5990; Los Angeles County; California,3074,202,4,6,0.13,0,14,0,14,0,19.79898987322333,0.0,19.79898987322333,,zero_estimate,0.0,0.0,101288.0,27437.0,0.2708810520496011,False
06037599100,06,037,599100,Census Tract 5991; Los Angeles County; California,554,214,27,42,4.87,5,15,0,14,5,20.518284528683193,0.0,25.518284528683193,4.1036569057366385,high_uncertainty,0.9,18.52,118882.0,4156.0,0.03495903500950522,False
06037600100,06,037,600100,Census Tract 6001; Los Angeles County; California,7423,1064,1,4,0.01,0,19,0,19,0,26.870057685088806,0.0,26.870057685088806,,zero_estimate,0.0,0.0,56102.0,12506.0,0.22291540408541585,False
06037600201,06,037,600201,Census Tract 6002.01; Los Angeles County; California,4830,835,1,3,0.02,0,14,0,14,0,19.79898987322333,0.0,19.79898987322333,,zero_estimate,0.0,0.0,64583.0,22148.0,0.3429385441989378,False
06037600202,06,037,600202,Census Tract 6002.02; Los Angeles County; California,6670,1283,210,331,3.15,0,19,0,19,0,26.870057685088806,0.0,26.870057685088806,,zero_estimate,0.0,0.0,33134.0,15591.0,0.4705438522363735,False
06037600302,06,037,600302,Census Tract 6003.02; Los Angeles County; California,2678,530,0,14,0.0,0,14,0,14,0,19.79898987322333,0.0,19.79898987322333,,zero_estimate,0.0,,76288.0,18352.0,0.24056208053691275,False
06037600303,06,037,600303,Census Tract 6003.03; Los Angeles County; California,4605,869,27,50,0.59,18,33,0,14,18,35.84689665786984,0.0,53.84689665786984,1.9914942587705466,high_uncertainty,0.39,66.67,35573.0,11914.0,0.3349169313805414,False
06037600304,06,037,600304,Census Tract 6003.04; Los Angeles County; California,3623,792,3,6,0.08,0,14,0,14,0,19.79898987322333,0.0,19.79898987322333,,zero_estimate,0.0,0.0,61378.0,5582.0,0.09094463814396038,False
06037600400,06,037,600400,Census Tract 6004; Los Angeles County; California,4294,563,218,153,5.08,58,95,0,14,58,96.0260381354974,0.0,154.0260381354974,1.6556213471637482,high_uncertainty,1.35,26.61,41726.0,27918.0,0.669079231174807,False
06037600501,06,037,600501,Census Tract 6005.01; Los Angeles County; California,2478,367,21,30,0.85,4,10,0,14,4,17.204650534085253,0.0,21.204650534085253,4.301162633521313,high_uncertainty,0.16,19.05,95645.0,20956.0,0.21910188718699358,False
06037600601,06,037,600601,Census Tract 6006.01; Los Angeles County; California,2394,317,0,14,0.0,0,14,0,14,0,19.79898987322333,0.0,19.79898987322333,,zero_estimate,0.0,,103333.0,26579.0,0.2572169587643831,False
06037600602,06,037,600602,Census Tract 6006.02; Los Angeles County; California,2760,713,128,174,4.64,4,6,0,14,4,15.231546211727817,0.0,19.231546211727817,3.8078865529319543,high_uncertainty,0.14,3.12,66541.0,6997.0,0.10515321380802814,False
06037600702,06,037,600702,Census Tract 6007.02; Los Angeles County; California,4704,728,16,25,0.34,0,14,0,14,0,19.79898987322333,0.0,19.79898987322333,,zero_estimate,0.0,0.0,116071.0,25924.0,0.22334605543158928,False
06037600703,06,037,600703,Census Tract 6007.03; Los Angeles County; California,1773,237,90,95,5.08,18,27,0,14,18,30.4138126514911,0.0,48.4138126514911,1.6896562584161723,high_uncertainty,1.02,20.0,92826.0,22022.0,0.23723956650076486,False
06037600704,06,037,600704,Census Tract 6007.04; Los Angeles County; California,2643,366,68,99,2.57,0,14,0,14,0,19.79898987322333,0.0,19.79898987322333,,zero_estimate,0.0,0.0,79630.0,16740.0,0.21022227803591612,False
06037600801,06,037,600801,Census Tract 6008.01; Los Angeles County; California,3018,590,47,50,1.56,13,22,13,22,26,31.11269837220809,0.0,57.11269837220809,1.1966422450849266,high_uncertainty,0.86,55.32,139494.0,45726.0,0.32779904512022023,False
06037600802,06,037,600802,Census Tract 6008.02; Los Angeles County; California,2570,474,1,2,0.04,0,14,0,14,0,19.79898987322333,0.0,19.79898987322333,,zero_estimate,0.0,0.0,69018.0,23397.0,0.33899852212466314,False
06037600902,06,037,600902,Census Tract 6009.02; Los Angeles County; California,6585,1274,125,105,1.9,70,78,0,19,70,80.2807573457052,0.0,150.28075734570518,1.1468679620815028,high_uncertainty,1.06,56.0,64163.0,13467.0,0.20988731823636675,False
06037600911,06,037,600911,Census Tract 6009.11; Los Angeles County; California,3595,1001,24,27,0.67,3,13,0,14,3,19.1049731745428,0.0,22.1049731745428,6.368324391514267,high_uncertainty,0.08,12.5,75167.0,25013.0,0.3327657083560605,False
06037600912,06,037,600912,Census Tract 6009.12; Los Angeles County; California,4522,535,32,34,0.71,0,14,0,14,0,19.79898987322333,0.0,19.79898987322333,,zero_estimate,0.0,0.0,77637.0,8300.0,0.1069077888120355,False
06037601001,06,037,601001,Census Tract 6010.01; Los Angeles County; California,2614,672,251,152,9.6,79,84,0,14,79,85.15867542417507,0.0,164.15867542417507,1.0779579167617097,high_uncertainty,3.02,31.47,64650.0,24560.0,0.37989172467130705,False
06037601002,06,037,601002,Census Tract 6010.02; Los Angeles County; California,5222,706,45,51,0.86,0,19,0,19,0,26.870057685088806,0.0,26.870057685088806,,zero_estimate,0.0,0.0,62986.0,23297.0,0.3698758454259677,False
06037601100,06,037,601100,Census Tract 6011; Los Angeles County; California,6188,979,514,391,8.31,0,19,0,19,0,26.870057685088806,0.0,26.870057685088806,,zero_estimate,0.0,0.0,61563.0,8198.0,0.13316440069522278,False
06037601202,06,037,601202,Census Tract 6012.02; Los Angeles County; California,3807,668,270,305,7.09,13,23,0,14,13,26.92582403567252,0.0,39.92582403567252,2.071217233513271,high_uncertainty,0.34,4.81,88750.0,18078.0,0.20369577464788732,False
06037601211,06,037,601211,Census Tract 6012.11; Los Angeles County; California,2907,590,63,43,2.17,6,9,0,14,6,16.64331697709324,0.0,22.64331697709324,2.773886162848873,high_uncertainty,0.21,9.52,52788.0,24843.0,0.4706183223459877,False
06037601212,06,037,601212,Census Tract 6012.12; Los Angeles County; California,5295,866,43,68,0.81,0,19,0,19,0,26.870057685088806,0.0,26.870057685088806,,zero_estimate,0.0,0.0,61023.0,18430.0,0.3020172721760648,False
06037601301,06,037,601301,Census Tract 6013.01; Los Angeles County; California,2222,267,55,37,2.48,5,7,0,14,5,15.652475842498529,0.0,20.65247584249853,3.1304951684997055,high_uncertainty,0.23,9.09,126307.0,29538.0,0.23385877267293181,False
06037601302,06,037,601302,Census Tract 6013.02; Los Angeles County; California,6377,895,191,123,3.0,69,80,0,19,69,82.22530024268686,0.0,151.22530024268684,1.1916710180099543,high_uncertainty,1.08,36.13,78608.0,5724.0,0.07281701607978831,False
06037601303,06,037,601303,Census Tract 6013.03; Los Angeles County; California,5379,637,58,57,1.08,23,36,0,19,23,40.70626487409524,0.0,63.70626487409524,1.7698376032215322,high_uncertainty,0.43,39.66,43010.0,15955.0,0.3709602418042316,False
06037601401,06,037,601401,Census Tract 6014.01; Los Angeles County; California,6057,835,151,109,2.49,0,19,0,19,0,26.870057685088806,0.0,26.870057685088806,,zero_estimate,0.0,0.0,62042.0,13578.0,0.21885174559169596,False
06037601402,06,037,601402,Census Tract 6014.02; Los Angeles County; California,4551,746,144,105,3.16,0,14,0,14,0,19.79898987322333,0.0,19.79898987322333,,zero_estimate,0.0,0.0,82917.0,27204.0,0.32808712326784617,False
06037601501,06,037,601501,Census Tract 6015.01; Los Angeles County; California,3553,612,139,121,3.91,0,14,0,14,0,19.79898987322333,0.0,19.79898987322333,,zero_estimate,0.0,0.0,52708.0,12648.0,0.23996357289216058,False
06037601502,06,037,601502,Census Tract 6015.02; Los Angeles County; California,3218,800,66,80,2.05,0,14,0,14,0,19.79898987322333,0.0,19.79898987322333,,zero_estimate,0.0,0.0,66801.0,24856.0,0.3720902381700873,False
06037601600,06,037,601600,Census Tract 6016; Los Angeles County; California,3978,490,104,133,2.61,38,45,0,14,38,47.12748667179272,0.0,85.12748667179272,1.2401970176787558,high_uncertainty,0.96,36.54,51250.0,41870.0,0.8169756097560975,False
06037601700,06,037,601700,Census Tract 6017; Los Angeles County; California,5006,759,204,219,4.08,12,20,0,19,12,27.586228448267445,0.0,39.58622844826745,2.298852370688954,high_uncertainty,0.24,5.88,52938.0,14062.0,0.2656314934451623,False
06037601801,06,037,601801,Census Tract 6018.01; Los Angeles County; California,3082,363,92,103,2.99,0,14,9,14,9,19.79898987322333,0.0,28.79898987322333,2.199887763691481,high_uncertainty,0.29,9.78,57098.0,14006.0,0.24529755858348803,False
06037601802,06,037,601802,Census Tract 6018.02; Los Angeles County; California,3164,492,34,40,1.07,0,14,0,14,0,19.79898987322333,0.0,19.79898987322333,,zero_estimate,0.0,0.0,85590.0,17905.0,0.2091949994158196,False
06037601900,06,037,601900,Census Tract 6019; Los Angeles County; California,4498,605,47,54,1.04,0,14,0,14,0,19.79898987322333,0.0,19.79898987322333,,zero_estimate,0.0,0.0,68518.0,9248.0,0.13497183221927084,False
06037602002,06,037,602002,Census Tract 6020.02; Los Angeles County; California,3044,547,51,35,1.68,5,10,7,11,12,14.866068747318506,0.0,26.866068747318508,1.2388390622765422,high_uncertainty,0.39,23.53,82770.0,16731.0,0.20213845596230517,False
06037602003,06,037,602003,Census Tract 6020.03; Los Angeles County; California,4005,596,46,49,1.15,0,14,0,14,0,19.79898987322333,0.0,19.79898987322333,,zero_estimate,0.0,0.0,77736.0,10551.0,0.13572861994442728,False
06037602103,06,037,602103,Census Tract 6021.03; Los Angeles County; California,5527,664,199,188,3.6,0,19,0,19,0,26.870057685088806,0.0,26.870057685088806,,zero_estimate,0.0,0.0,56660.0,10083.0,0.17795623014472292,False
06037602104,06,037,602104,Census Tract 6021.04; Los Angeles County; California,5401,796,272,160,5.04,0,19,0,19,0,26.870057685088806,0.0,26.870057685088806,,zero_estimate,0.0,0.0,71959.0,17772.0,0.24697397128920634,False
06037602105,06,037,602105,Census Tract 6021.05; Los Angeles County; California,4255,591,118,87,2.77,23,27,0,14,23,30.4138126514911,0.0,53.4138126514911,1.322339680499613,high_uncertainty,0.54,19.49,64276.0,13127.0,0.2042286389943369,False
06037602106,06,037,602106,Census Tract 6021.06; Los Angeles County; California,5992,1150,897,490,14.97,17,27,15,26,32,37.48332962798263,0.0,69.48332962798263,1.171354050874457,high_uncertainty,0.53,3.57,84431.0,9950.0,0.11784770996434958,False
06037602201,06,037,602201,Census Tract 6022.01; Los Angeles County; California,4458,699,894,478,20.05,259,119,11,17,270,120.20815280171308,149.79184719828692,390.2081528017131,0.4452153807470855,more_reliable,6.06,30.2,141857.0,19572.0,0.1379699274621626,False
06037602202,06,037,602202,Census Tract 6022.02; Los Angeles County; California,2728,799,479,164,17.56,52,96,17,29,69,100.2845950283492,0.0,169.2845950283492,1.45339992794709,high_uncertainty,2.53,14.41,81719.0,26844.0,0.32849153807560055,False
06037602301,06,037,602301,Census Tract 6023.01; Los Angeles County; California,6936,970,733,224,10.57,167,131,10,17,177,132.09844813622905,44.90155186377095,309.0984481362291,0.746318916023893,usable_with_caution,2.55,24.15,130163.0,26548.0,0.2039596505919501,False
06037602302,06,037,602302,Census Tract 6023.02; Los Angeles County; California,4651,467,1119,283,24.06,365,194,163,164,528,254.03149411047443,273.96850588952555,782.0314941104745,0.48112025399711067,more_reliable,11.35,47.18,176066.0,17749.0,0.10080878761373575,False
06037602402,06,037,602402,Census Tract 6024.02; Los Angeles County; California,6969,1188,531,140,7.62,9,15,0,19,9,24.20743687382041,0.0,33.20743687382041,2.6897152082022675,high_uncertainty,0.13,1.69,102917.0,23703.0,0.23031180465812257,False
06037602403,06,037,602403,Census Tract 6024.03; Los Angeles County; California,3969,427,257,125,6.48,40,48,0,14,40,50.0,0.0,90.0,1.25,high_uncertainty,1.01,15.56,74883.0,18089.0,0.24156350573561422,False
06037602404,06,037,602404,Census Tract 6024.04; Los Angeles County; California,5636,1095,494,228,8.77,28,49,0,19,28,52.55473337388365,0.0,80.55473337388365,1.8769547633529875,high_uncertainty,0.5,5.67,56165.0,11362.0,0.20229680405946765,False
06037602504,06,037,602504,Census Tract 6025.04; Los Angeles County; California,4681,519,259,146,5.53,0,14,0,14,0,19.79898987322333,0.0,19.79898987322333,,zero_estimate,0.0,0.0,64984.0,19849.0,0.30544441708728304,False
06037602505,06,037,602505,Census Tract 6025.05; Los Angeles County; California,4459,587,132,101,2.96,0,14,0,14,0,19.79898987322333,0.0,19.79898987322333,,zero_estimate,0.0,0.0,66250.0,13306.0,0.20084528301886792,False
06037602506,06,037,602506,Census Tract 6025.06; Los Angeles County; California,4296,484,125,91,2.91,0,14,0,14,0,19.79898987322333,0.0,19.79898987322333,,zero_estimate,0.0,0.0,76826.0,16072.0,0.20920001041314137,False
06037602507,06,037,602507,Census Tract 6025.07; Los Angeles County; California,4574,571,256,164,5.6,52,58,14,23,66,62.39390995922599,3.6060900407740135,128.393909959226,0.9453622721094846,usable_with_caution,1.44,25.78,51446.0,9596.0,0.1865256774093224,False
06037602510,06,037,602510,Census Tract 6025.10; Los Angeles County; California,4001,932,132,111,3.3,0,14,0,14,0,19.79898987322333,0.0,19.79898987322333,,zero_estimate,0.0,0.0,47231.0,14177.0,0.30016302851940463,False
06037602511,06,037,602511,Census Tract 6025.11; Los Angeles County; California,4395,1379,91,83,2.07,0,14,0,14,0,19.79898987322333,0.0,19.79898987322333,,zero_estimate,0.0,0.0,57625.0,19125.0,0.3318872017353579,False
06037602512,06,037,602512,Census Tract 6025.12; Los Angeles County; California,1928,371,484,138,25.1,15,23,0,14,15,26.92582403567252,0.0,41.92582403567252,1.7950549357115013,high_uncertainty,0.78,3.1,83920.0,13525.0,0.1611653956148713,False
06037602513,06,037,602513,Census Tract 6025.13; Los Angeles County; California,1433,299,22,23,1.54,7,10,0,14,7,17.204650534085253,0.0,24.204650534085253,2.457807219155036,high_uncertainty,0.49,31.82,66406.0,20436.0,0.30774327620998104,False
06037602601,06,037,602601,Census Tract 6026.01; Los Angeles County; California,4990,815,243,124,4.87,47,47,0,14,47,49.040799340956916,0.0,96.04079934095691,1.0434212625735515,high_uncertainty,0.94,19.34,104125.0,30871.0,0.29648019207683074,False
06037602602,06,037,602602,Census Tract 6026.02; Los Angeles County; California,2957,738,214,161,7.24,20,21,0,14,20,25.238858928247925,0.0,45.23885892824792,1.2619429464123963,high_uncertainty,0.68,9.35,57708.0,40712.0,0.705482775351771,False
06037602700,06,037,602700,Census Tract 6027; Los Angeles County; California,3749,573,368,155,9.82,104,96,0,14,104,97.01546268507923,6.984537314920772,201.01546268507923,0.9328409873565311,usable_with_caution,2.77,28.26,114702.0,38778.0,0.33807605795888473,False
06037602801,06,037,602801,Census Tract 6028.01; Los Angeles County; California,4059,756,2,6,0.05,0,14,0,14,0,19.79898987322333,0.0,19.79898987322333,,zero_estimate,0.0,0.0,55329.0,32732.0,0.5915884978944134,False
06037602802,06,037,602802,Census Tract 6028.02; Los Angeles County; California,4265,672,78,51,1.83,8,15,0,14,8,20.518284528683193,0.0,28.518284528683193,2.564785566085399,high_uncertainty,0.19,10.26,97961.0,18869.0,0.1926174702177397,False
06037602900,06,037,602900,Census Tract 6029; Los Angeles County; California,4670,681,483,148,10.34,138,133,19,31,157,136.56500283747664,20.43499716252336,293.56500283747664,0.8698407824043098,usable_with_caution,3.36,32.51,106083.0,14066.0,0.1325942893771858,False
06037603004,06,037,603004,Census Tract 6030.04; Los Angeles County; California,1649,193,411,98,24.92,8,14,8,14,16,19.79898987322333,0.0,35.798989873223334,1.2374368670764582,high_uncertainty,0.97,3.89,76696.0,21191.0,0.2762986335662877,False
06037603005,06,037,603005,Census Tract 6030.05; Los Angeles County; California,6073,1167,1079,514,17.77,38,47,11,18,49,50.32891812864648,0.0,99.32891812864648,1.0271207781356424,high_uncertainty,0.81,4.54,75459.0,12426.0,0.1646722060986761,False
06037603006,06,037,603006,Census Tract 6030.06; Los Angeles County; California,1822,226,960,212,52.69,134,122,0,14,134,122.80065146407001,11.199348535929985,256.80065146407003,0.9164227721199255,usable_with_caution,7.35,13.96,73242.0,18639.0,0.2544851314819366,False
06037603007,06,037,603007,Census Tract 6030.07; Los Angeles County; California,3463,577,458,205,13.23,43,40,0,14,43,42.37924020083418,0.6207597991658176,85.37924020083418,0.985563725600795,usable_with_caution,1.24,9.39,80035.0,27960.0,0.34934716061723,False
06037603008,06,037,603008,Census Tract 6030.08; Los Angeles County; California,3820,816,532,166,13.93,108,105,7,11,115,105.57461816175325,9.42538183824675,220.57461816175325,0.9180401579282891,usable_with_caution,3.01,21.62,74280.0,13476.0,0.181421647819063,False
06037603101,06,037,603101,Census Tract 6031.01; Los Angeles County; California,4810,670,1726,547,35.88,37,46,102,137,139,144.51643505151932,0.0,283.51643505151935,1.0396865831044555,high_uncertainty,2.89,8.05,98017.0,27725.0,0.2828590958711244,False
06037603102,06,037,603102,Census Tract 6031.02; Los Angeles County; California,3420,574,1260,452,36.84,113,92,0,14,113,93.05912099305473,19.940879006945266,206.05912099305473,0.8235320441863251,usable_with_caution,3.3,8.97,68300.0,9812.0,0.14366032210834553,False
06037603200,06,037,603200,Census Tract 6032; Los Angeles County; California,3364,434,1652,460,49.11,137,104,33,37,170,110.38568747804219,59.614312521957814,280.3856874780422,0.6493275734002482,usable_with_caution,5.05,10.29,111711.0,9927.0,0.08886322743507802,False
06037603301,06,037,603301,Census Tract 6033.01; Los Angeles County; California,3431,524,1628,316,47.45,113,125,10,16,123,126.01983970788092,0.0,249.01983970788092,1.0245515423404952,high_uncertainty,3.58,7.56,75217.0,13737.0,0.18263158594466677,False
06037603302,06,037,603302,Census Tract 6033.02; Los Angeles County; California,4315,543,2015,432,46.7,106,79,4,8,110,79.40403012442127,30.59596987557873,189.40403012442127,0.7218548193129206,usable_with_caution,2.55,5.46,88889.0,25356.0,0.2852546434316957,False
06037603400,06,037,603400,Census Tract 6034; Los Angeles County; California,3979,498,1094,280,27.49,194,111,0,14,194,111.87939935484101,82.12060064515899,305.879399354841,0.5766979348187681,usable_with_caution,4.88,17.73,96508.0,15372.0,0.1592821320512289,False
06037603500,06,037,603500,Census Tract 6035; Los Angeles County; California,2749,417,490,122,17.82,41,30,0,14,41,33.1058907144937,7.894109285506303,74.1058907144937,0.8074607491339926,usable_with_caution,1.49,8.37,84712.0,12606.0,0.1488100859382378,False
06037603600,06,037,603600,Census Tract 6036; Los Angeles County; California,3910,509,1245,214,31.84,118,69,38,58,156,90.13878188659973,65.86121811340027,246.13878188659973,0.5778127044012803,usable_with_caution,3.99,12.53,96932.0,21002.0,0.21666735443403623,False
06037603702,06,037,603702,Census Tract 6037.02; Los Angeles County; California,5008,529,890,370,17.77,41,43,28,47,69,63.702433234531945,5.297566765468055,132.70243323453195,0.9232236700656804,usable_with_caution,1.38,7.75,111845.0,28324.0,0.25324332781975056,False
06037603703,06,037,603703,Census Tract 6037.03; Los Angeles County; California,2631,429,525,163,19.95,16,20,14,14,30,24.413111231467404,5.586888768532596,54.413111231467404,0.8137703743822468,usable_with_caution,1.14,5.71,131023.0,31358.0,0.23933202567488152,False
06037603705,06,037,603705,Census Tract 6037.05; Los Angeles County; California,2860,640,32,34,1.12,0,14,0,14,0,19.79898987322333,0.0,19.79898987322333,,zero_estimate,0.0,0.0,76622.0,13523.0,0.17648978100284513,False
06037603706,06,037,603706,Census Tract 6037.06; Los Angeles County; California,3423,442,135,91,3.94,0,14,0,14,0,19.79898987322333,0.0,19.79898987322333,,zero_estimate,0.0,0.0,69476.0,11045.0,0.15897576141401348,False
06037603801,06,037,603801,Census Tract 6038.01; Los Angeles County; California,4712,628,849,470,18.02,26,31,0,14,26,34.0147027033899,0.0,60.0147027033899,1.308257796284227,high_uncertainty,0.55,3.06,69706.0,17293.0,0.2480848133589648,False
06037603802,06,037,603802,Census Tract 6038.02; Los Angeles County; California,3510,583,587,221,16.72,14,22,0,14,14,26.076809620810597,0.0,40.07680962081059,1.8626292586293283,high_uncertainty,0.4,2.39,86744.0,18242.0,0.210296965784377,False
06037603901,06,037,603901,Census Tract 6039.01; Los Angeles County; California,4065,469,431,272,10.6,42,31,0,14,42,34.0147027033899,7.985297296610099,76.0147027033899,0.8098738738902357,usable_with_caution,1.03,9.74,133378.0,18904.0,0.141732519605932,False
06037603902,06,037,603902,Census Tract 6039.02; Los Angeles County; California,3446,903,570,285,16.54,0,14,0,14,0,19.79898987322333,0.0,19.79898987322333,,zero_estimate,0.0,0.0,77199.0,36399.0,0.47149574476353323,False
06037604001,06,037,604001,Census Tract 6040.01; Los Angeles County; California,4780,1123,158,87,3.31,14,19,0,14,14,23.600847442411894,0.0,37.60084744241189,1.6857748173151352,high_uncertainty,0.29,8.86,79167.0,24041.0,0.30367451084416486,False
06037604002,06,037,604002,Census Tract 6040.02; Los Angeles County; California,3805,434,403,251,10.59,44,34,0,14,44,36.76955262170047,7.23044737829953,80.76955262170047,0.8356716504931925,usable_with_caution,1.16,10.92,85967.0,12547.0,0.14595135342631474,False
06037604101,06,037,604101,Census Tract 6041.01; Los Angeles County; California,3923,922,169,109,4.31,0,14,0,14,0,19.79898987322333,0.0,19.79898987322333,,zero_estimate,0.0,0.0,72051.0,18952.0,0.26303590512276026,False
06037604102,06,037,604102,Census Tract 6041.02; Los Angeles County; California,2540,571,343,186,13.5,6,9,0,14,6,16.64331697709324,0.0,22.64331697709324,2.773886162848873,high_uncertainty,0.24,1.75,87891.0,29714.0,0.3380778464234108,False
06037604200,06,037,604200,Census Tract 6042; Los Angeles County; California,5603,765,107,100,1.91,0,19,0,19,0,26.870057685088806,0.0,26.870057685088806,,zero_estimate,0.0,0.0,75880.0,16175.0,0.213165524512388,False
06037609900,06,037,609900,Census Tract 6099; Los Angeles County; California,1770,313,185,156,10.45,0,14,0,14,0,19.79898987322333,0.0,19.79898987322333,,zero_estimate,0.0,0.0,91429.0,17841.0,0.19513502280458062,False
06037620001,06,037,620001,Census Tract 6200.01; Los Angeles County; California,4242,437,446,134,10.51,157,99,0,14,157,99.98499887483122,57.01500112516878,256.9849988748312,0.6368471265912816,usable_with_caution,3.7,35.2,164141.0,15213.0,0.09268251076818101,False
06037620002,06,037,620002,Census Tract 6200.02; Los Angeles County; California,3463,476,410,164,11.84,74,67,0,14,74,68.4470598345904,5.552940165409595,142.4470598345904,0.9249602680350055,usable_with_caution,2.14,18.05,150458.0,20164.0,0.13401746666843903,False
06037620101,06,037,620101,Census Tract 6201.01; Los Angeles County; California,5050,528,696,286,13.78,126,146,0,19,126,147.2311108427835,0.0,273.2311108427835,1.168500879704631,high_uncertainty,2.5,18.1,123261.0,33720.0,0.2735658480784676,False
06037620102,06,037,620102,Census Tract 6201.02; Los Angeles County; California,4014,505,339,186,8.45,36,40,52,53,88,66.40030120413611,21.599698795863887,154.4003012041361,0.7545488773197285,usable_with_caution,2.19,25.96,158816.0,29903.0,0.18828707435019143,False
06037620201,06,037,620201,Census Tract 6202.01; Los Angeles County; California,1559,359,130,76,8.34,44,42,13,21,57,46.95742752749558,10.042572472504418,103.95742752749558,0.8238145180262383,usable_with_caution,3.66,43.85,196563.0,85921.0,0.4371168531208824,False
06037620301,06,037,620301,Census Tract 6203.01; Los Angeles County; California,4270,483,342,163,8.01,92,80,13,22,105,82.96987405076617,22.030125949233835,187.96987405076618,0.7901892766739634,usable_with_caution,2.46,30.7,241250.0,64972.0,0.2693139896373057,False
06037620303,06,037,620303,Census Tract 6203.03; Los Angeles County; California,4741,545,758,269,15.99,374,303,8,13,382,303.27874966769434,78.72125033230566,685.2787496676943,0.7939234284494616,usable_with_caution,8.06,50.4,217083.0,72319.0,0.33313985894796,False
06037620305,06,037,620305,Census Tract 6203.05; Los Angeles County; California,5844,942,362,209,6.19,81,62,0,19,81,64.8459713474939,16.1540286525061,145.8459713474939,0.8005675474999246,usable_with_caution,1.39,22.38,211158.0,50610.0,0.23967834512545108,False
06037620400,06,037,620400,Census Tract 6204; Los Angeles County; California,5045,804,1232,712,24.42,722,741,72,113,794,749.5665414091,44.433458590900045,1543.5665414091,0.9440384652507556,usable_with_caution,15.74,64.45,172188.0,45282.0,0.26297999860617466,False
06037620501,06,037,620501,Census Tract 6205.01; Los Angeles County; California,6133,737,1152,408,18.78,411,270,11,18,422,270.5993348107123,151.40066518928768,692.5993348107123,0.6412306512102187,usable_with_caution,6.88,36.63,182560.0,35262.0,0.19315293602103417,False
06037620521,06,037,620521,Census Tract 6205.21; Los Angeles County; California,4414,754,1197,303,27.12,277,196,16,24,293,197.46392075515973,95.53607924484027,490.46392075515973,0.6739382960926953,usable_with_caution,6.64,24.48,126071.0,32283.0,0.25606999230592287,False
06037620522,06,037,620522,Census Tract 6205.22; Los Angeles County; California,4683,461,1005,178,21.46,179,95,81,76,260,121.65936051122412,138.34063948877588,381.6593605112241,0.467920617350862,more_reliable,5.55,25.87,138617.0,45944.0,0.3314456379809114,False
06037620601,06,037,620601,Census Tract 6206.01; Los Angeles County; California,5881,601,1602,653,27.24,178,150,62,69,240,165.10905486980417,74.89094513019583,405.10905486980414,0.6879543952908507,usable_with_caution,4.08,14.98,132416.0,16204.0,0.12237191880135331,False
06037620602,06,037,620602,Census Tract 6206.02; Los Angeles County; California,5899,773,1164,343,19.73,270,228,144,132,414,263.4539808012018,150.5460191987982,677.4539808012019,0.636362272466671,usable_with_caution,7.02,35.57,158000.0,41931.0,0.2653860759493671,False
06037620701,06,037,620701,Census Tract 6207.01; Los Angeles County; California,7033,712,1185,316,16.85,249,168,0,19,249,169.07099100673656,79.92900899326344,418.07099100673656,0.6789999638824762,usable_with_caution,3.54,21.01,205080.0,34718.0,0.1692900331577921,False
06037620703,06,037,620703,Census Tract 6207.03; Los Angeles County; California,3547,575,467,224,13.17,149,112,0,14,149,112.8716084761797,36.1283915238203,261.8716084761797,0.7575275736656356,usable_with_caution,4.2,31.91,248207.0,45932.0,0.18505521600921812,False
06037620704,06,037,620704,Census Tract 6207.04; Los Angeles County; California,3835,637,985,527,25.68,200,130,10,16,210,130.98091464026353,79.01908535973647,340.98091464026356,0.623718641144112,usable_with_caution,5.48,21.32,194597.0,18775.0,0.09648144627101138,False
06037620801,06,037,620801,Census Tract 6208.01; Los Angeles County; California,3842,464,981,295,25.53,373,181,69,91,442,202.58825237411966,239.41174762588034,644.5882523741196,0.45834446238488613,more_reliable,11.5,45.06,219188.0,40668.0,0.18553935434421592,False
06037620802,06,037,620802,Census Tract 6208.02; Los Angeles County; California,3550,762,455,111,12.82,136,93,82,101,218,137.2953021774598,80.7046978225402,355.2953021774598,0.629794964116788,usable_with_caution,6.14,47.91,191250.0,121620.0,0.635921568627451,False
06037620901,06,037,620901,Census Tract 6209.01; Los Angeles County; California,2722,451,238,136,8.74,151,128,40,42,191,134.7145129523913,56.28548704760871,325.71451295239126,0.7053115861381742,usable_with_caution,7.02,80.25,250001.0,,,True
06037620904,06,037,620904,Census Tract 6209.04; Los Angeles County; California,2637,317,63,52,2.39,29,32,0,14,29,34.92849839314596,0.0,63.92849839314596,1.2044309790739987,high_uncertainty,1.1,46.03,212359.0,27532.0,0.12964837845346794,False
06037621001,06,037,621001,Census Tract 6210.01; Los Angeles County; California,4954,550,448,235,9.04,150,116,19,20,169,117.71151175649729,51.28848824350271,286.7115117564973,0.6965178210443627,usable_with_caution,3.41,37.72,175699.0,34905.0,0.198663623583515,False
06037621005,06,037,621005,Census Tract 6210.05; Los Angeles County; California,4830,645,192,125,3.98,20,44,0,14,20,46.17358552246078,0.0,66.17358552246078,2.3086792761230392,high_uncertainty,0.41,10.42,156261.0,43824.0,0.2804538560485342,False
06037621102,06,037,621102,Census Tract 6211.02; Los Angeles County; California,3032,392,225,162,7.42,109,131,7,13,116,131.64345787011217,0.0,247.64345787011217,1.1348573954320016,high_uncertainty,3.83,51.56,183958.0,39053.0,0.21229302340751693,False
06037621104,06,037,621104,Census Tract 6211.04; Los Angeles County; California,6247,658,525,220,8.4,10,17,16,26,26,31.064449134018133,0.0,57.06444913401813,1.1947865051545437,high_uncertainty,0.42,4.95,145515.0,38839.0,0.26690719169845034,False
06037621201,06,037,621201,Census Tract 6212.01; Los Angeles County; California,7226,676,793,254,10.97,154,84,9,19,163,86.12200647918046,76.87799352081954,249.12200647918047,0.5283558679704322,usable_with_caution,2.26,20.55,147083.0,45784.0,0.3112800255637973,False
06037621204,06,037,621204,Census Tract 6212.04; Los Angeles County; California,2819,424,581,223,20.61,36,29,0,14,36,32.202484376209235,3.7975156237907655,68.20248437620924,0.8945134548947009,usable_with_caution,1.28,6.2,98909.0,12159.0,0.12293117916468674,False
06037621301,06,037,621301,Census Tract 6213.01; Los Angeles County; California,7118,709,998,285,14.02,221,188,0,19,221,188.95766721676048,32.042332783239516,409.95766721676046,0.8550120688541198,usable_with_caution,3.1,22.14,121763.0,32743.0,0.2689076320392894,False
06037621324,06,037,621324,Census Tract 6213.24; Los Angeles County; California,3252,864,136,84,4.18,17,25,69,90,86,93.40770846134703,0.0,179.40770846134703,1.086136144899384,high_uncertainty,2.64,63.24,120577.0,55368.0,0.45919205155212023,False
06037621326,06,037,621326,Census Tract 6213.26; Los Angeles County; California,3052,496,216,132,7.08,43,47,10,16,53,49.64876634922564,3.351233650774361,102.64876634922564,0.9367691764004837,usable_with_caution,1.74,24.54,113646.0,34830.0,0.30647801066469565,False
06037621400,06,037,621400,Census Tract 6214; Los Angeles County; California,4399,659,810,380,18.41,28,33,16,28,44,43.278170016764804,0.721829983235196,87.2781700167648,0.983594773108291,usable_with_caution,1.0,5.43,173466.0,31695.0,0.18271592127563904,False
06037650001,06,037,650001,Census Tract 6500.01; Los Angeles County; California,6087,638,2811,414,46.18,259,134,13,21,272,135.63554106501732,136.36445893498268,407.6355410650173,0.49866007744491664,more_reliable,4.47,9.68,105573.0,30209.0,0.2861432373807697,False
06037650003,06,037,650003,Census Tract 6500.03; Los Angeles County; California,2912,344,914,269,31.39,119,100,34,59,153,116.1077086157504,36.8922913842496,269.1077086157504,0.7588739125212445,usable_with_caution,5.25,16.74,96182.0,14723.0,0.15307437982158825,False
06037650004,06,037,650004,Census Tract 6500.04; Los Angeles County; California,4337,840,1647,325,37.98,244,136,32,37,276,140.9432509913121,135.0567490086879,416.9432509913121,0.5106639528670729,usable_with_caution,6.36,16.76,103800.0,26087.0,0.2513198458574181,False
06037650101,06,037,650101,Census Tract 6501.01; Los Angeles County; California,4841,840,2788,611,57.59,141,89,31,53,172,103.58571330062848,68.41428669937152,275.58571330062847,0.6022425191897005,usable_with_caution,3.55,6.17,100500.0,25275.0,0.25149253731343285,False
06037650102,06,037,650102,Census Tract 6501.02; Los Angeles County; California,2187,294,617,120,28.21,139,83,0,14,139,84.17244204607586,54.82755795392414,223.17244204607584,0.6055571370221284,usable_with_caution,6.36,22.53,127628.0,7961.0,0.06237659447770082,False
06037650200,06,037,650200,Census Tract 6502; Los Angeles County; California,5945,596,1655,243,27.84,147,96,0,19,147,97.86214794290998,49.137852057090015,244.86214794290998,0.6657288975708162,usable_with_caution,2.47,8.88,150742.0,17748.0,0.1177375913813005,False
06037650300,06,037,650300,Census Tract 6503; Los Angeles County; California,7693,1061,3233,1079,42.03,270,254,0,19,270,254.70963860835735,15.290361391642648,524.7096386083574,0.943369031882805,usable_with_caution,3.51,8.35,81885.0,23309.0,0.28465530927520305,False
06037650401,06,037,650401,Census Tract 6504.01; Los Angeles County; California,4360,605,1616,423,37.06,139,111,151,207,290,234.8829495727606,55.117050427239406,524.8829495727606,0.8099412054233124,usable_with_caution,6.65,17.95,142566.0,20306.0,0.14243227698048624,False
06037650501,06,037,650501,Census Tract 6505.01; Los Angeles County; California,2772,356,942,205,33.98,186,162,33,38,219,166.39711535961192,52.60288464038808,385.3971153596119,0.7598041797242553,usable_with_caution,7.9,23.25,163750.0,53657.0,0.3276763358778626,False
06037650502,06,037,650502,Census Tract 6505.02; Los Angeles County; California,4177,579,1174,225,28.11,170,116,0,14,170,116.84177335182824,53.15822664817176,286.84177335182824,0.6873045491284014,usable_with_caution,4.07,14.48,150241.0,16909.0,0.11254584301222702,False
06037650603,06,037,650603,Census Tract 6506.03; Los Angeles County; California,3454,384,1335,362,38.65,267,117,207,199,474,230.8462691922917,243.1537308077083,704.8462691922916,0.48701744555335796,more_reliable,13.72,35.51,125417.0,26013.0,0.20741207332339315,False
06037650604,06,037,650604,Census Tract 6506.04; Los Angeles County; California,5438,1199,1870,446,34.39,154,148,28,51,182,156.54072952429985,25.45927047570015,338.5407295242999,0.860113898485164,usable_with_caution,3.35,9.73,69970.0,9255.0,0.1322709732742604,False
06037650605,06,037,650605,Census Tract 6506.05; Los Angeles County; California,2668,309,1571,327,58.88,110,112,9,15,119,113.0,6.0,232.0,0.9495798319327731,usable_with_caution,4.46,7.57,114531.0,22392.0,0.19551038583440292,False
06037650606,06,037,650606,Census Tract 6506.06; Los Angeles County; California,4042,475,1500,357,37.11,166,112,99,147,265,184.8053029542172,80.19469704578279,449.8053029542172,0.6973785017140273,usable_with_caution,6.56,17.67,87031.0,7429.0,0.0853603888269697,False
06037650607,06,037,650607,Census Tract 6506.07; Los Angeles County; California,2858,510,1028,305,35.97,41,93,0,14,41,94.04786015641186,0.0,135.04786015641184,2.2938502477173626,high_uncertainty,1.43,3.99,102049.0,12121.0,0.11877627414281375,False
06037650701,06,037,650701,Census Tract 6507.01; Los Angeles County; California,2591,247,865,162,33.38,47,50,25,27,72,56.824290580701486,15.175709419298514,128.82429058070147,0.7892262580652984,usable_with_caution,2.78,8.32,163417.0,25253.0,0.1545310463415679,False
06037650702,06,037,650702,Census Tract 6507.02; Los Angeles County; California,4754,471,1354,396,28.48,288,146,27,24,315,147.95945390545344,167.04054609454656,462.9594539054534,0.4697125520808046,more_reliable,6.63,23.26,158493.0,21613.0,0.1363656439085638,False
06037650801,06,037,650801,Census Tract 6508.01; Los Angeles County; California,3931,553,2760,559,70.21,139,114,40,63,179,130.24976007655445,48.75023992344555,309.2497600765545,0.7276522909304718,usable_with_caution,4.55,6.49,146406.0,29050.0,0.19842082974741473,False
06037650802,06,037,650802,Census Tract 6508.02; Los Angeles County; California,3495,547,2400,498,68.67,84,60,38,58,122,83.45058418010026,38.549415819899735,205.45058418010026,0.6840211818041005,usable_with_caution,3.49,5.08,130532.0,15351.0,0.11760334630588667,False
06037650901,06,037,650901,Census Tract 6509.01; Los Angeles County; California,4920,542,1604,372,32.6,268,267,0,14,268,267.36678926149375,0.63321073850625,535.3667892614938,0.9976372733637826,usable_with_caution,5.45,16.71,104861.0,23809.0,0.22705295581770152,False
06037650903,06,037,650903,Census Tract 6509.03; Los Angeles County; California,4888,1498,1011,259,20.68,63,91,0,14,63,92.07062506576133,0.0,155.07062506576133,1.4614384931073228,high_uncertainty,1.29,6.23,93643.0,14059.0,0.15013401962773512,False
06037650904,06,037,650904,Census Tract 6509.04; Los Angeles County; California,2440,310,1346,324,55.16,114,71,0,14,114,72.3671196055225,41.632880394477496,186.3671196055225,0.6347992947852851,usable_with_caution,4.67,8.47,126645.0,8411.0,0.06641399186702988,False
06037651001,06,037,651001,Census Tract 6510.01; Los Angeles County; California,5360,647,1495,450,27.89,86,62,32,39,118,73.24616030891995,44.753839691080046,191.24616030891997,0.6207301721094911,usable_with_caution,2.2,7.89,123191.0,26095.0,0.2118255392033509,False
06037651002,06,037,651002,Census Tract 6510.02; Los Angeles County; California,4571,544,2071,440,45.31,184,79,56,55,240,96.26006440887103,143.73993559112898,336.260064408871,0.4010836017036293,more_reliable,5.25,11.59,119868.0,18256.0,0.1523008642840458,False
06037651101,06,037,651101,Census Tract 6511.01; Los Angeles County; California,4732,532,1978,470,41.8,261,156,40,39,301,160.80111939908875,140.19888060091125,461.80111939908875,0.5342229880368397,usable_with_caution,6.36,15.22,126535.0,9565.0,0.07559173351246691,False
06037651102,06,037,651102,Census Tract 6511.02; Los Angeles County; California,4179,646,1804,450,43.17,346,128,105,137,451,187.49133313302778,263.50866686697225,638.4913331330278,0.41572357679163585,more_reliable,10.79,25.0,84688.0,18488.0,0.21830719818628377,False
06037651201,06,037,651201,Census Tract 6512.01; Los Angeles County; California,4391,904,1311,731,29.86,303,149,11,17,314,149.96666296213968,164.03333703786032,463.9666629621397,0.4776008374590436,more_reliable,7.15,23.95,162875.0,50228.0,0.30838372985418266,False
06037651221,06,037,651221,Census Tract 6512.21; Los Angeles County; California,3502,608,1408,377,40.21,177,111,0,14,177,111.87939935484101,65.12060064515899,288.879399354841,0.6320870020047514,usable_with_caution,5.05,12.57,99844.0,25129.0,0.25168262489483595,False
06037651222,06,037,651222,Census Tract 6512.22; Los Angeles County; California,6113,878,2138,716,34.97,349,288,15,26,364,289.1712295509358,74.82877044906422,653.1712295509358,0.7944264548102631,usable_with_caution,5.95,17.03,105276.0,12048.0,0.11444203807135529,False
06037651302,06,037,651302,Census Tract 6513.02; Los Angeles County; California,5847,970,929,261,15.89,189,110,49,58,238,124.35433245367851,113.64566754632149,362.3543324536785,0.5224971951835231,usable_with_caution,4.07,25.62,150237.0,30930.0,0.20587471794564588,False
06037651304,06,037,651304,Census Tract 6513.04; Los Angeles County; California,5005,746,831,462,16.6,112,104,0,19,112,105.72133181151285,6.278668188487146,217.72133181151287,0.9439404626027933,usable_with_caution,2.24,13.48,125945.0,23863.0,0.18947159474373734,False
06037651401,06,037,651401,Census Tract 6514.01; Los Angeles County; California,2361,291,774,284,32.78,115,70,17,26,132,74.67261881037788,57.327381189622116,206.67261881037788,0.5657016576543779,usable_with_caution,5.59,17.05,88095.0,33343.0,0.37848913105170556,False
06037651402,06,037,651402,Census Tract 6514.02; Los Angeles County; California,5279,729,2305,562,43.66,488,288,61,88,549,301.14448359549937,247.85551640450063,850.1444835954994,0.5485327570045526,usable_with_caution,10.4,23.82,124053.0,19061.0,0.15365206806768075,False
06037670001,06,037,670001,Census Tract 6700.01; Los Angeles County; California,3316,443,546,201,16.47,45,45,0,14,45,47.12748667179272,0.0,92.12748667179272,1.0472774815953938,high_uncertainty,1.36,8.24,98385.0,29281.0,0.2976165065812878,False
06037670002,06,037,670002,Census Tract 6700.02; Los Angeles County; California,3175,343,575,137,18.11,21,34,80,108,101,113.22543883774529,0.0,214.2254388377453,1.1210439488885673,high_uncertainty,3.18,17.57,78241.0,12058.0,0.1541135721680449,False
06037670003,06,037,670003,Census Tract 6700.03; Los Angeles County; California,6034,578,1141,581,18.91,278,274,22,37,300,276.4868893817571,23.513110618242877,576.4868893817571,0.9216229646058571,usable_with_caution,4.97,26.29,92891.0,11357.0,0.12226157539481758,False
06037670101,06,037,670101,Census Tract 6701.01; Los Angeles County; California,3889,678,340,240,8.74,0,14,15,22,15,26.076809620810597,0.0,41.07680962081059,1.7384539747207064,high_uncertainty,0.39,4.41,127094.0,44748.0,0.35208585771161505,False
06037670102,06,037,670102,Census Tract 6701.02; Los Angeles County; California,3811,520,960,361,25.19,66,73,47,62,113,95.77577981932593,17.224220180674067,208.77577981932592,0.8475732727373977,usable_with_caution,2.97,11.77,97027.0,22011.0,0.22685438073938183,False
06037670201,06,037,670201,Census Tract 6702.01; Los Angeles County; California,3994,615,618,170,15.47,105,92,0,14,105,93.05912099305473,11.940879006945266,198.05912099305473,0.8862773427909975,usable_with_caution,2.63,16.99,166806.0,34843.0,0.2088833734997542,False
06037670202,06,037,670202,Census Tract 6702.02; Los Angeles County; California,2505,453,615,129,24.55,93,67,49,38,142,77.02596964660685,64.97403035339315,219.02596964660685,0.5424364059620201,usable_with_caution,5.67,23.09,208700.0,29759.0,0.1425922376617154,False
06037670324,06,037,670324,Census Tract 6703.24; Los Angeles County; California,5359,704,1122,909,20.94,133,97,0,19,133,98.84331034521254,34.156689654787456,231.84331034521256,0.7431827845504703,usable_with_caution,2.48,11.85,220644.0,58182.0,0.2636917387284494,False
06037670326,06,037,670326,Census Tract 6703.26; Los Angeles County; California,3184,365,1015,211,31.88,426,192,254,141,680,238.2120903732638,441.7879096267362,918.2120903732638,0.3503118976077409,more_reliable,21.36,67.0,250001.0,,,True
06037670328,06,037,670328,Census Tract 6703.28; Los Angeles County; California,4382,566,1050,337,23.96,284,126,124,93,408,156.60459763365824,251.39540236634176,564.6045976336583,0.3838347981217114,more_reliable,9.31,38.86,243269.0,48704.0,0.20020635592697794,False
06037670405,06,037,670405,Census Tract 6704.05; Los Angeles County; California,2582,389,1067,311,41.32,567,281,0,14,567,281.3485382936972,285.6514617063028,848.3485382936972,0.49620553490951885,more_reliable,21.96,53.14,183889.0,68502.0,0.3725182039164931,False
06037670406,06,037,670406,Census Tract 6704.06; Los Angeles County; California,1837,360,798,182,43.44,297,124,57,52,354,134.46189051177288,219.53810948822712,488.4618905117729,0.37983584890331323,more_reliable,19.27,44.36,239792.0,39074.0,0.16294955628211116,False
06037670407,06,037,670407,Census Tract 6704.07; Los Angeles County; California,6031,832,2282,877,37.84,565,293,133,128,698,319.7389560250674,378.2610439749326,1017.7389560250674,0.4580787335602685,more_reliable,11.57,30.59,158149.0,42459.0,0.2684746662957085,False
06037670413,06,037,670413,Census Tract 6704.13; Los Angeles County; California,4897,565,2022,420,41.29,839,296,42,42,881,298.9648808806814,582.0351191193186,1179.9648808806814,0.33934719736740226,more_reliable,17.99,43.57,214625.0,36276.0,0.1690203843913803,False
06037670416,06,037,670416,Census Tract 6704.16; Los Angeles County; California,4055,693,1354,242,33.39,399,177,154,95,553,200.8830505542964,352.1169494457036,753.8830505542965,0.3632604892482756,more_reliable,13.64,40.84,169481.0,13731.0,0.08101793121352836,False
06037670417,06,037,670417,Census Tract 6704.17; Los Angeles County; California,2786,282,1108,207,39.77,299,132,21,31,320,135.5912976558599,184.4087023441401,455.5912976558599,0.4237228051745622,more_reliable,11.49,28.88,183389.0,34223.0,0.18661424621978417,False
06037670418,06,037,670418,Census Tract 6704.18; Los Angeles County; California,4428,548,1173,356,26.49,322,141,44,51,366,149.9399879951976,216.0600120048024,515.9399879951976,0.4096720983475345,more_reliable,8.27,31.2,192045.0,56980.0,0.2967012939675597,False
06037670500,06,037,670500,Census Tract 6705; Los Angeles County; California,1509,217,290,71,19.22,81,48,14,13,95,49.72926703662542,45.27073296337458,144.72926703662543,0.5234659688065834,usable_with_caution,6.3,32.76,250001.0,,,True
06037670603,06,037,670603,Census Tract 6706.03; Los Angeles County; California,1886,296,687,188,36.43,222,107,161,124,383,163.783393541592,219.216606458408,546.783393541592,0.4276328813096397,more_reliable,20.31,55.75,198194.0,90922.0,0.45875253539461336,False
06037670604,06,037,670604,Census Tract 6706.04; Los Angeles County; California,4764,736,1074,366,22.54,561,389,170,160,731,420.61978079971465,310.38021920028535,1151.6197807997146,0.5754032569079544,usable_with_caution,15.34,68.06,159962.0,41632.0,0.26026181218039285,False
06037670701,06,037,670701,Census Tract 6707.01; Los Angeles County; California,6035,586,1532,331,25.39,65,69,0,19,65,71.56814934033156,0.0,136.56814934033156,1.1010484513897163,high_uncertainty,1.08,4.24,176829.0,8560.0,0.04840834930921964,False
06037670702,06,037,670702,Census Tract 6707.02; Los Angeles County; California,5770,1090,1220,381,21.14,630,347,0,19,630,347.51978360950903,282.48021639049097,977.519783609509,0.5516187041420778,usable_with_caution,10.92,51.64,203409.0,32918.0,0.16183158070685172,False
06037700101,06,037,700101,Census Tract 7001.01; Los Angeles County; California,5584,772,430,244,7.7,18,29,87,102,105,106.04244433244644,0.0,211.04244433244645,1.0099280412613947,high_uncertainty,1.88,24.42,89610.0,18081.0,0.20177435554067627,False
06037700102,06,037,700102,Census Tract 7001.02; Los Angeles County; California,4237,598,211,137,4.98,38,46,16,26,54,52.839379254491625,1.1606207455083748,106.83937925449163,0.9785070232313264,usable_with_caution,1.27,25.59,68036.0,22697.0,0.33360279851843144,False
06037700200,06,037,700200,Census Tract 7002; Los Angeles County; California,6549,911,226,154,3.45,125,112,0,19,125,113.6001760562016,11.399823943798395,238.6001760562016,0.9088014084496129,usable_with_caution,1.91,55.31,97490.0,17449.0,0.17898245973946045,False
06037700300,06,037,700300,Census Tract 7003; Los Angeles County; California,5564,579,275,151,4.94,70,103,19,31,89,107.56393447619885,0.0,196.56393447619885,1.2085835334404365,high_uncertainty,1.6,32.36,92778.0,15662.0,0.16881157170881028,False
06037700400,06,037,700400,Census Tract 7004; Los Angeles County; California,4547,622,453,227,9.96,75,62,0,14,75,63.56099432828282,11.439005671717183,138.56099432828282,0.8474799243771042,usable_with_caution,1.65,16.56,101078.0,6695.0,0.06623597617681394,False
06037700501,06,037,700501,Census Tract 7005.01; Los Angeles County; California,4316,517,208,144,4.82,26,37,58,68,84,77.41446893184762,6.5855310681523775,161.41446893184764,0.9216008206172336,usable_with_caution,1.95,40.38,111885.0,45018.0,0.40235956562541897,False
06037700502,06,037,700502,Census Tract 7005.02; Los Angeles County; California,4087,664,308,238,7.54,209,234,0,14,209,234.4184293096428,0.0,443.41842930964276,1.1216192789935062,high_uncertainty,5.11,67.86,113661.0,24248.0,0.21333614872295686,False
06037700600,06,037,700600,Census Tract 7006; Los Angeles County; California,4721,900,447,272,9.47,47,45,27,35,74,57.0087712549569,16.991228745043102,131.0087712549569,0.7703888007426608,usable_with_caution,1.57,16.55,250001.0,,,True
06037700700,06,037,700700,Census Tract 7007; Los Angeles County; California,2935,578,88,129,3.0,83,128,0,14,83,128.76334882255898,0.0,211.76334882255898,1.5513656484645661,high_uncertainty,2.83,94.32,250001.0,,,True
06037700801,06,037,700801,Census Tract 7008.01; Los Angeles County; California,4176,458,619,321,14.82,85,108,45,70,130,128.70120434556935,1.2987956544306485,258.70120434556935,0.9900092641966873,usable_with_caution,3.11,21.0,85443.0,12234.0,0.14318317474807768,False
06037700802,06,037,700802,Census Tract 7008.02; Los Angeles County; California,4129,574,831,225,20.13,116,83,0,14,116,84.17244204607586,31.827557953924142,200.17244204607584,0.7256245003972057,usable_with_caution,2.81,13.96,121523.0,9537.0,0.07847897105897648,False
06037700901,06,037,700901,Census Tract 7009.01; Los Angeles County; California,4155,757,719,688,17.3,77,55,34,50,111,74.33034373659252,36.669656263407475,185.3303437365925,0.6696427363656984,usable_with_caution,2.67,15.44,104250.0,22647.0,0.21723741007194244,False
06037700902,06,037,700902,Census Tract 7009.02; Los Angeles County; California,6430,781,1093,498,17.0,113,134,8,32,121,137.7679207943562,0.0,258.7679207943562,1.1385778578045966,high_uncertainty,1.88,11.07,89683.0,41902.0,0.4672234425699408,False
06037701000,06,037,701000,Census Tract 7010; Los Angeles County; California,5078,622,506,353,9.96,272,239,0,19,272,239.75404063331237,32.24595936668763,511.75404063331234,0.8814486787989425,usable_with_caution,5.36,53.75,149211.0,63729.0,0.4271065806140298,False
06037701201,06,037,701201,Census Tract 7012.01; Los Angeles County; California,3730,332,448,167,12.01,123,104,71,68,194,124.25779653607253,69.74220346392747,318.25779653607253,0.640504105856044,usable_with_caution,5.2,43.3,190074.0,58473.0,0.3076328166924461,False
06037701202,06,037,701202,Census Tract 7012.02; Los Angeles County; California,3203,418,223,100,6.96,74,49,12,18,86,52.20153254455275,33.79846745544725,138.20153254455275,0.6069945644715435,usable_with_caution,2.68,38.57,131992.0,28100.0,0.21289169040547912,False
06037701302,06,037,701302,Census Tract 7013.02; Los Angeles County; California,4789,538,619,217,12.93,91,79,0,14,91,80.23091673413684,10.76908326586316,171.23091673413683,0.8816584256498554,usable_with_caution,1.9,14.7,130000.0,28125.0,0.21634615384615385,False
06037701304,06,037,701304,Census Tract 7013.04; Los Angeles County; California,5965,752,618,263,10.36,101,82,105,116,206,142.0563268566381,63.943673143361906,348.05632685663807,0.689593819692418,usable_with_caution,3.45,33.33,134185.0,19899.0,0.1482952640011924,False
06037701402,06,037,701402,Census Tract 7014.02; Los Angeles County; California,5975,777,725,374,12.13,0,19,129,240,129,240.75090861718465,0.0,369.7509086171847,1.866286113311509,high_uncertainty,2.16,17.79,84499.0,31734.0,0.3755547402927845,False
06037701501,06,037,701501,Census Tract 7015.01; Los Angeles County; California,5082,600,560,285,11.02,91,86,18,30,109,91.0823802938856,17.917619706114394,200.0823802938856,0.8356181678338129,usable_with_caution,2.14,19.46,147068.0,49342.0,0.3355046645089346,False
06037701502,06,037,701502,Census Tract 7015.02; Los Angeles County; California,3855,419,242,138,6.28,21,26,13,19,34,32.202484376209235,1.7975156237907655,66.20248437620924,0.9471318934179187,usable_with_caution,0.88,14.05,122117.0,25512.0,0.2089144017622444,False
06037701601,06,037,701601,Census Tract 7016.01; Los Angeles County; California,4051,562,465,157,11.48,185,111,47,58,232,125.23977004130916,106.76022995869084,357.23977004130916,0.5398265950056429,usable_with_caution,5.73,49.89,196042.0,41747.0,0.2129492659736179,False
06037701602,06,037,701602,Census Tract 7016.02; Los Angeles County; California,4438,678,595,233,13.41,368,145,13,24,381,146.972786596703,234.027213403297,527.972786596703,0.38575534539817063,more_reliable,8.58,64.03,96172.0,43035.0,0.44747951586740425,False
06037701701,06,037,701701,Census Tract 7017.01; Los Angeles County; California,3454,567,434,169,12.57,132,79,27,41,159,89.00561780022652,69.99438219977348,248.0056178002265,0.5597837597498523,usable_with_caution,4.6,36.64,84344.0,15221.0,0.18046334060514085,False
06037701702,06,037,701702,Census Tract 7017.02; Los Angeles County; California,3081,441,272,90,8.83,11,18,10,15,21,23.430749027719962,0.0,44.43074902771996,1.1157499537009505,high_uncertainty,0.68,7.72,80508.0,29403.0,0.3652183633924579,False
06037701801,06,037,701801,Census Tract 7018.01; Los Angeles County; California,6023,739,923,477,15.32,369,340,0,19,369,340.5304685340212,28.469531465978775,709.5304685340212,0.9228467981951795,usable_with_caution,6.13,39.98,91445.0,23862.0,0.2609437366723167,False
06037701802,06,037,701802,Census Tract 7018.02; Los Angeles County; California,4947,743,374,187,7.56,53,61,0,14,53,62.5859409132754,0.0,115.58594091327541,1.1808668096844415,high_uncertainty,1.07,14.17,96150.0,12045.0,0.12527301092043683,False
06037701902,06,037,701902,Census Tract 7019.02; Los Angeles County; California,5600,584,619,293,11.05,249,147,0,19,249,148.22280526288793,100.77719473711207,397.22280526288796,0.5952723102927227,usable_with_caution,4.45,40.23,107583.0,22138.0,0.20577600550272812,False
06037702002,06,037,702002,Census Tract 7020.02; Los Angeles County; California,6226,610,510,363,8.19,164,143,0,19,164,144.25671561490648,19.743284385093517,308.2567156149065,0.8796141196030883,usable_with_caution,2.63,32.16,103674.0,27054.0,0.2609526014236935,False
06037702102,06,037,702102,Census Tract 7021.02; Los Angeles County; California,5913,792,415,231,7.02,15,28,11,17,26,32.7566787083184,0.0,58.7566787083184,1.2598722580122461,high_uncertainty,0.44,6.27,134571.0,41723.0,0.31004451181903975,False
06037702201,06,037,702201,Census Tract 7022.01; Los Angeles County; California,4111,551,283,104,6.88,24,32,27,40,51,51.22499389946279,0.0,102.22499389946279,1.0044116450875056,high_uncertainty,1.24,18.02,114570.0,31898.0,0.2784149428297111,False
06037702202,06,037,702202,Census Tract 7022.02; Los Angeles County; California,4039,455,280,165,6.93,57,55,0,14,57,56.753854494650845,0.2461455053491548,113.75385449465085,0.995681657800892,usable_with_caution,1.41,20.36,170040.0,65186.0,0.38335685721006824,False
06037702300,06,037,702300,Census Tract 7023; Los Angeles County; California,6679,790,625,268,9.36,277,227,0,19,277,227.79376637651873,49.20623362348127,504.79376637651876,0.8223601674242553,usable_with_caution,4.15,44.32,121395.0,42469.0,0.3498414267473949,False
06037702400,06,037,702400,Census Tract 7024; Los Angeles County; California,4867,618,913,391,18.76,200,108,86,116,286,158.4929020492716,127.5070979507284,444.4929020492716,0.5541709861862644,usable_with_caution,5.88,31.33,149345.0,54567.0,0.3653754728983227,False
06037702501,06,037,702501,Census Tract 7025.01; Los Angeles County; California,4708,485,955,343,20.28,209,140,0,14,209,140.69825869569246,68.30174130430754,349.69825869569246,0.6731974100272367,usable_with_caution,4.44,21.88,157539.0,56549.0,0.3589523863932106,False
06037702502,06,037,702502,Census Tract 7025.02; Los Angeles County; California,4287,451,1118,316,26.08,311,299,102,97,413,314.3405796266209,98.65942037337908,727.3405796266209,0.7611152049070724,usable_with_caution,9.63,36.94,125076.0,37957.0,0.30347148933448465,False
06037702600,06,037,702600,Census Tract 7026; Los Angeles County; California,6070,692,1206,266,19.87,174,109,0,19,174,110.64357188738983,63.356428112610175,284.64357188738984,0.6358825970539645,usable_with_caution,2.87,14.43,110139.0,37809.0,0.34328439517337184,False
06037702700,06,037,702700,Census Tract 7027; Los Angeles County; California,3257,514,492,192,15.11,118,92,55,52,173,105.67875850898325,67.32124149101675,278.67875850898326,0.6108598757744697,usable_with_caution,5.31,35.16,162188.0,39577.0,0.24401928626038918,False
06037702801,06,037,702801,Census Tract 7028.01; Los Angeles County; California,5479,1038,1567,848,28.6,603,719,40,62,643,721.6682063109057,0.0,1364.6682063109056,1.1223455774664164,high_uncertainty,11.74,41.03,89345.0,20723.0,0.23194358945660082,False
06037702802,06,037,702802,Census Tract 7028.02; Los Angeles County; California,2151,324,313,135,14.55,98,67,73,116,171,133.9589489358587,37.0410510641413,304.9589489358587,0.7833856662915714,usable_with_caution,7.95,54.63,111061.0,9510.0,0.08562861850694663,False
06037702803,06,037,702803,Census Tract 7028.03; Los Angeles County; California,3065,388,250,120,8.16,106,77,11,17,117,78.85429601486528,38.145703985134716,195.85429601486527,0.6739683420073956,usable_with_caution,3.82,46.8,132188.0,76688.0,0.5801434320815808,False
06037702900,06,037,702900,Census Tract 7029; Los Angeles County; California,9176,1594,572,369,6.23,0,19,0,19,0,26.870057685088806,0.0,26.870057685088806,,zero_estimate,0.0,0.0,146623.0,17838.0,0.12165894845965504,False
06037703002,06,037,703002,Census Tract 7030.02; Los Angeles County; California,7589,835,275,189,3.62,0,19,0,19,0,26.870057685088806,0.0,26.870057685088806,,zero_estimate,0.0,0.0,165217.0,51966.0,0.31453179757531,False
06037703003,06,037,703003,Census Tract 7030.03; Los Angeles County; California,6047,669,1106,374,18.29,80,61,13,22,93,64.8459713474939,28.1540286525061,157.8459713474939,0.6972685091128377,usable_with_caution,1.54,8.41,98912.0,7649.0,0.07733136525396311,False
06037703100,06,037,703100,Census Tract 7031; Los Angeles County; California,5584,772,135,98,2.42,0,19,0,19,0,26.870057685088806,0.0,26.870057685088806,,zero_estimate,0.0,0.0,133824.0,29990.0,0.22410031085604973,False
06037703200,06,037,703200,Census Tract 7032; Los Angeles County; California,5646,994,171,100,3.03,27,32,0,19,27,37.21558813185679,0.0,64.21558813185679,1.3783551159946958,high_uncertainty,0.48,15.79,126761.0,25677.0,0.20256230228540323,False
06037800101,06,037,800101,Census Tract 8001.01; Los Angeles County; California,5646,584,510,226,9.03,114,99,18,24,132,101.86756107809786,30.132438921902136,233.86756107809788,0.7717239475613474,usable_with_caution,2.34,25.88,198141.0,34727.0,0.17526407962006854,False
06037800103,06,037,800103,Census Tract 8001.03; Los Angeles County; California,3818,1296,802,755,21.01,25,40,98,147,123,152.34500319997372,0.0,275.3450031999737,1.238577261788404,high_uncertainty,3.22,15.34,157386.0,65639.0,0.4170574256922471,False
06037800104,06,037,800104,Census Tract 8001.04; Los Angeles County; California,3728,665,158,145,4.24,9,21,0,14,9,25.238858928247925,0.0,34.23885892824792,2.804317658694214,high_uncertainty,0.24,5.7,148464.0,37238.0,0.25082174803319324,False
06037800202,06,037,800202,Census Tract 8002.02; Los Angeles County; California,5912,802,117,85,1.98,62,74,0,19,62,76.40026177965623,0.0,138.40026177965623,1.232262286768649,high_uncertainty,1.05,52.99,250001.0,,,True
06037800204,06,037,800204,Census Tract 8002.04; Los Angeles County; California,4384,452,461,363,10.52,166,249,0,14,166,249.39326374222702,0.0,415.393263742227,1.5023690586881147,high_uncertainty,3.79,36.01,220986.0,43889.0,0.1986053415148471,False
06037800205,06,037,800205,Census Tract 8002.05; Los Angeles County; California,3793,462,905,439,23.86,330,346,0,14,330,346.2831211595506,0.0,676.2831211595505,1.0493427913925777,high_uncertainty,8.7,36.46,121348.0,12616.0,0.103965454725253,False
06037800206,06,037,800206,Census Tract 8002.06; Los Angeles County; California,3493,608,33,26,0.94,12,14,0,14,12,19.79898987322333,0.0,31.79898987322333,1.6499158227686108,high_uncertainty,0.34,36.36,250001.0,,,True
06037800324,06,037,800324,Census Tract 8003.24; Los Angeles County; California,6557,728,763,232,11.64,277,191,0,19,277,191.94269978303421,85.05730021696579,468.9426997830342,0.6929339342347806,usable_with_caution,4.22,36.3,164289.0,43271.0,0.26338342798361425,False
06037800325,06,037,800325,Census Tract 8003.25; Los Angeles County; California,3443,465,210,164,6.1,33,28,92,141,125,143.75326083258076,0.0,268.75326083258074,1.1500260866606462,high_uncertainty,3.63,59.52,167000.0,27799.0,0.16646107784431138,False
06037800328,06,037,800328,Census Tract 8003.28; Los Angeles County; California,1306,235,206,93,15.77,129,105,0,14,129,105.92922165295089,23.070778347049114,234.9292216529509,0.8211567569996193,usable_with_caution,9.88,62.62,173125.0,117060.0,0.6761588447653429,False
06037800333,06,037,800333,Census Tract 8003.33; Los Angeles County; California,2211,322,221,140,10.0,97,106,0,14,97,106.92053123698928,0.0,203.9205312369893,1.102273517907106,high_uncertainty,4.39,43.89,107050.0,12830.0,0.11985053713218122,False
06037800334,06,037,800334,Census Tract 8003.34; Los Angeles County; California,3299,665,108,95,3.27,8,19,0,14,8,23.600847442411894,0.0,31.600847442411894,2.9501059303014867,high_uncertainty,0.24,7.41,195332.0,24359.0,0.1247056293899617,False
06037800335,06,037,800335,Census Tract 8003.35; Los Angeles County; California,4329,513,225,157,5.2,73,109,21,25,94,111.83022847155415,0.0,205.83022847155416,1.1896832816122782,high_uncertainty,2.17,41.78,169410.0,32526.0,0.1919957499557287,False
06037800336,06,037,800336,Census Tract 8003.36; Los Angeles County; California,3607,1020,210,118,5.82,0,14,0,14,0,19.79898987322333,0.0,19.79898987322333,,zero_estimate,0.0,0.0,210821.0,31489.0,0.14936367819145152,False
06037800337,06,037,800337,Census Tract 8003.37; Los Angeles County; California,3205,460,453,178,14.13,67,70,14,24,81,74.0,7.0,155.0,0.9135802469135802,usable_with_caution,2.53,17.88,83646.0,23030.0,0.27532697319656646,False
06037800338,06,037,800338,Census Tract 8003.38; Los Angeles County; California,6155,831,364,239,5.91,99,120,0,19,99,121.49485585818027,0.0,220.49485585818027,1.2272207662442451,high_uncertainty,1.61,27.2,204139.0,25353.0,0.12419478884485571,False
06037800406,06,037,800406,Census Tract 8004.06; Los Angeles County; California,2018,347,98,64,4.86,17,53,0,14,17,54.817880294662984,0.0,71.81788029466298,3.224581193803705,high_uncertainty,0.84,17.35,239063.0,56814.0,0.2376528362816496,False
06037800410,06,037,800410,Census Tract 8004.10; Los Angeles County; California,3815,193,726,170,19.03,284,129,37,43,321,135.9779393872403,185.0220606127597,456.9779393872403,0.42360728781071744,more_reliable,8.41,44.21,189028.0,37661.0,0.19923503396322237,False
06037800411,06,037,800411,Census Tract 8004.11; Los Angeles County; California,2486,561,34,35,1.37,7,14,0,14,7,19.79898987322333,0.0,26.79898987322333,2.8284271247461903,high_uncertainty,0.28,20.59,198594.0,88952.0,0.44790879885595736,False
06037800412,06,037,800412,Census Tract 8004.12; Los Angeles County; California,3460,607,80,82,2.31,16,21,0,14,16,25.238858928247925,0.0,41.23885892824792,1.5774286830154953,high_uncertainty,0.46,20.0,192500.0,76270.0,0.39620779220779223,False
06037800504,06,037,800504,Census Tract 8005.04; Los Angeles County; California,2049,429,45,48,2.2,45,48,0,14,45,50.0,0.0,95.0,1.1111111111111112,high_uncertainty,2.2,100.0,182159.0,80535.0,0.44211375776107686,False
06037800506,06,037,800506,Census Tract 8005.06; Los Angeles County; California,2987,625,209,126,7.0,49,48,0,14,49,50.0,0.0,99.0,1.0204081632653061,high_uncertainty,1.64,23.44,225729.0,68564.0,0.30374475587983824,False
06037900102,06,037,900102,Census Tract 9001.02; Los Angeles County; California,594,144,0,14,0.0,0,14,0,14,0,19.79898987322333,0.0,19.79898987322333,,zero_estimate,0.0,,45789.0,9612.0,0.2099194129594444,False
06037900103,06,037,900103,Census Tract 9001.03; Los Angeles County; California,6500,969,59,60,0.91,38,56,0,19,38,59.135437767890075,0.0,97.13543776789007,1.5561957307339493,high_uncertainty,0.58,64.41,56551.0,8542.0,0.15104949514597443,False
06037900104,06,037,900104,Census Tract 9001.04; Los Angeles County; California,6551,925,186,238,2.84,0,19,0,19,0,26.870057685088806,0.0,26.870057685088806,,zero_estimate,0.0,0.0,64207.0,14997.0,0.23357266341676142,False
06037900301,06,037,900301,Census Tract 9003.01; Los Angeles County; California,4344,685,185,79,4.26,80,50,6,13,86,51.66236541235796,34.33763458764204,137.66236541235796,0.6007251792134646,usable_with_caution,1.98,46.49,92024.0,64995.0,0.7062831435277753,False
06037900501,06,037,900501,Census Tract 9005.01; Los Angeles County; California,7504,1148,40,36,0.53,10,17,0,19,10,25.495097567963924,0.0,35.495097567963924,2.5495097567963922,high_uncertainty,0.13,25.0,84149.0,21939.0,0.2607161107083863,False
06037900504,06,037,900504,Census Tract 9005.04; Los Angeles County; California,6568,895,292,176,4.45,12,20,78,127,90,128.56515857727553,0.0,218.56515857727553,1.428501761969728,high_uncertainty,1.37,30.82,90175.0,11805.0,0.13091211533130026,False
06037900505,06,037,900505,Census Tract 9005.05; Los Angeles County; California,4240,684,31,42,0.73,10,16,0,14,10,21.2602916254693,0.0,31.2602916254693,2.12602916254693,high_uncertainty,0.24,32.26,79432.0,19188.0,0.2415651122973109,False
06037900506,06,037,900506,Census Tract 9005.06; Los Angeles County; California,5116,586,0,19,0.0,0,19,0,19,0,26.870057685088806,0.0,26.870057685088806,,zero_estimate,0.0,,91359.0,25607.0,0.2802898455543515,False
06037900508,06,037,900508,Census Tract 9005.08; Los Angeles County; California,3315,473,255,206,7.69,8,13,0,14,8,19.1049731745428,0.0,27.1049731745428,2.38812164681785,high_uncertainty,0.24,3.14,83508.0,9877.0,0.11827609330842553,False
06037900509,06,037,900509,Census Tract 9005.09; Los Angeles County; California,4792,585,91,133,1.9,0,14,0,14,0,19.79898987322333,0.0,19.79898987322333,,zero_estimate,0.0,0.0,70053.0,13113.0,0.1871868442464991,False
06037900510,06,037,900510,Census Tract 9005.10; Los Angeles County; California,4360,741,116,101,2.66,0,14,0,14,0,19.79898987322333,0.0,19.79898987322333,,zero_estimate,0.0,0.0,67632.0,41088.0,0.6075230660042583,False
06037900602,06,037,900602,Census Tract 9006.02; Los Angeles County; California,5367,736,33,47,0.61,0,19,0,19,0,26.870057685088806,0.0,26.870057685088806,,zero_estimate,0.0,0.0,55550.0,5542.0,0.09976597659765976,False
06037900606,06,037,900606,Census Tract 9006.06; Los Angeles County; California,4325,1096,0,14,0.0,0,14,0,14,0,19.79898987322333,0.0,19.79898987322333,,zero_estimate,0.0,,49507.0,18477.0,0.37321994869412406,False
06037900607,06,037,900607,Census Tract 9006.07; Los Angeles County; California,5095,1248,1,4,0.02,0,19,0,19,0,26.870057685088806,0.0,26.870057685088806,,zero_estimate,0.0,0.0,74729.0,17038.0,0.22799716308260515,False
06037900608,06,037,900608,Census Tract 9006.08; Los Angeles County; California,3967,761,73,79,1.84,21,32,0,14,21,34.92849839314596,0.0,55.92849839314596,1.6632618282450455,high_uncertainty,0.53,28.77,79486.0,19699.0,0.24782980650680622,False
06037900609,06,037,900609,Census Tract 9006.09; Los Angeles County; California,5262,703,329,255,6.25,0,19,0,19,0,26.870057685088806,0.0,26.870057685088806,,zero_estimate,0.0,0.0,72070.0,17899.0,0.2483557652282503,False
06037900610,06,037,900610,Census Tract 9006.10; Los Angeles County; California,3170,622,24,39,0.76,24,39,0,14,24,41.43669871020132,0.0,65.43669871020131,1.726529112925055,high_uncertainty,0.76,100.0,43352.0,6675.0,0.1539721350802731,False
06037900611,06,037,900611,Census Tract 9006.11; Los Angeles County; California,4496,899,579,305,12.88,191,287,0,14,191,287.3412605248331,0.0,478.3412605248331,1.5044045053656183,high_uncertainty,4.25,32.99,98591.0,11350.0,0.11512206996581838,False
06037900701,06,037,900701,Census Tract 9007.01; Los Angeles County; California,4716,669,136,101,2.88,0,14,0,14,0,19.79898987322333,0.0,19.79898987322333,,zero_estimate,0.0,0.0,60250.0,10995.0,0.1824896265560166,False
06037900703,06,037,900703,Census Tract 9007.03; Los Angeles County; California,5011,972,147,99,2.93,17,24,0,19,17,30.610455730027933,0.0,47.61045573002794,1.8006150429428196,high_uncertainty,0.34,11.56,59589.0,11349.0,0.19045461410663042,False
06037900704,06,037,900704,Census Tract 9007.04; Los Angeles County; California,3392,569,155,80,4.57,22,27,0,14,22,30.4138126514911,0.0,52.4138126514911,1.3824460296132317,high_uncertainty,0.65,14.19,70469.0,11559.0,0.1640295732875449,False
06037900705,06,037,900705,Census Tract 9007.05; Los Angeles County; California,3986,703,245,189,6.15,40,64,0,14,40,65.5133574166368,0.0,105.5133574166368,1.63783393541592,high_uncertainty,1.0,16.33,47130.0,20261.0,0.42989603225122003,False
06037900804,06,037,900804,Census Tract 9008.04; Los Angeles County; California,3450,550,71,98,2.06,0,14,0,14,0,19.79898987322333,0.0,19.79898987322333,,zero_estimate,0.0,0.0,45391.0,5347.0,0.11779868255821639,False
06037900805,06,037,900805,Census Tract 9008.05; Los Angeles County; California,5852,1028,179,150,3.06,12,22,0,19,12,29.068883707497267,0.0,41.068883707497264,2.422406975624772,high_uncertainty,0.21,6.7,98750.0,11208.0,0.11349873417721519,False
06037900806,06,037,900806,Census Tract 9008.06; Los Angeles County; California,4171,645,203,207,4.87,0,14,0,14,0,19.79898987322333,0.0,19.79898987322333,,zero_estimate,0.0,0.0,26735.0,13553.0,0.5069384701701889,False
06037900807,06,037,900807,Census Tract 9008.07; Los Angeles County; California,3930,765,129,212,3.28,0,14,0,14,0,19.79898987322333,0.0,19.79898987322333,,zero_estimate,0.0,0.0,76510.0,8760.0,0.11449483727617304,False
06037900808,06,037,900808,Census Tract 9008.08; Los Angeles County; California,5162,1681,64,57,1.24,0,19,0,19,0,26.870057685088806,0.0,26.870057685088806,,zero_estimate,0.0,0.0,83297.0,9300.0,0.11164867882396724,False
06037900901,06,037,900901,Census Tract 9009.01; Los Angeles County; California,2869,672,201,159,7.01,0,14,0,14,0,19.79898987322333,0.0,19.79898987322333,,zero_estimate,0.0,0.0,44747.0,18449.0,0.41229579636623687,False
06037900902,06,037,900902,Census Tract 9009.02; Los Angeles County; California,1506,257,0,14,0.0,0,14,0,14,0,19.79898987322333,0.0,19.79898987322333,,zero_estimate,0.0,,72393.0,20099.0,0.2776373406268562,False
06037901003,06,037,901003,Census Tract 9010.03; Los Angeles County; California,3160,102,35,28,1.11,0,14,0,14,0,19.79898987322333,0.0,19.79898987322333,,zero_estimate,0.0,0.0,,,,False
06037901007,06,037,901007,Census Tract 9010.07; Los Angeles County; California,2075,250,25,34,1.2,0,14,0,14,0,19.79898987322333,0.0,19.79898987322333,,zero_estimate,0.0,0.0,89063.0,24528.0,0.27540055915475564,False
06037901008,06,037,901008,Census Tract 9010.08; Los Angeles County; California,3413,605,426,200,12.48,50,50,0,14,50,51.92301994298868,0.0,101.92301994298867,1.0384603988597736,high_uncertainty,1.46,11.74,126906.0,22172.0,0.17471199155280287,False
06037901009,06,037,901009,Census Tract 9010.09; Los Angeles County; California,5457,626,156,136,2.86,11,16,0,19,11,24.839484696748443,0.0,35.83948469674844,2.2581349724316766,high_uncertainty,0.2,7.05,99801.0,12872.0,0.12897666356048537,False
06037901010,06,037,901010,Census Tract 9010.10; Los Angeles County; California,5564,512,197,156,3.54,8,17,0,19,8,25.495097567963924,0.0,33.495097567963924,3.1868871959954905,high_uncertainty,0.14,4.06,87232.0,17963.0,0.2059221386647102,False
06037901011,06,037,901011,Census Tract 9010.11; Los Angeles County; California,4830,537,197,115,4.08,27,33,17,26,44,42.01190307520001,1.98809692479999,86.01190307520001,0.9548159789818184,usable_with_caution,0.91,22.34,86573.0,7993.0,0.09232670694096312,False
06037901012,06,037,901012,Census Tract 9010.12; Los Angeles County; California,6764,1448,1055,692,15.6,0,19,0,19,0,26.870057685088806,0.0,26.870057685088806,,zero_estimate,0.0,0.0,131250.0,18046.0,0.13749333333333333,False
06037901013,06,037,901013,Census Tract 9010.13; Los Angeles County; California,3899,718,391,333,10.03,16,25,0,14,16,28.653097563788805,0.0,44.653097563788805,1.7908185977368003,high_uncertainty,0.41,4.09,125929.0,38491.0,0.30565636191822376,False
06037901014,06,037,901014,Census Tract 9010.14; Los Angeles County; California,5184,769,567,150,10.94,132,116,0,19,132,117.5457357797381,14.454264220261905,249.5457357797381,0.8904979983313492,usable_with_caution,2.55,23.28,116615.0,26525.0,0.22745787420143207,False
06037901101,06,037,901101,Census Tract 9011.01; Los Angeles County; California,5686,835,101,94,1.78,0,19,0,19,0,26.870057685088806,0.0,26.870057685088806,,zero_estimate,0.0,0.0,103125.0,23853.0,0.2313018181818182,False
06037901102,06,037,901102,Census Tract 9011.02; Los Angeles County; California,5636,690,177,118,3.14,0,19,9,13,9,23.021728866442675,0.0,32.02172886644267,2.5579698740491863,high_uncertainty,0.16,5.08,99420.0,23742.0,0.2388050694025347,False
06037901209,06,037,901209,Census Tract 9012.09; Los Angeles County; California,885,110,87,74,9.83,0,14,0,14,0,19.79898987322333,0.0,19.79898987322333,,zero_estimate,0.0,0.0,65433.0,25176.0,0.38475998349456697,False
06037901210,06,037,901210,Census Tract 9012.10; Los Angeles County; California,1802,320,100,71,5.55,53,70,0,14,53,71.386273190299,0.0,124.386273190299,1.3469108149113018,high_uncertainty,2.94,53.0,120977.0,27470.0,0.22706795506583896,False
06037901214,06,037,901214,Census Tract 9012.14; Los Angeles County; California,5187,1043,205,142,3.95,100,84,0,19,100,86.12200647918046,13.877993520819544,186.12200647918047,0.8612200647918046,usable_with_caution,1.93,48.78,119641.0,19930.0,0.16658169022325123,False
06037901215,06,037,901215,Census Tract 9012.15; Los Angeles County; California,3685,361,102,83,2.77,0,14,0,14,0,19.79898987322333,0.0,19.79898987322333,,zero_estimate,0.0,0.0,62121.0,18038.0,0.29036879638125596,False
06037901216,06,037,901216,Census Tract 9012.16; Los Angeles County; California,3059,833,97,70,3.17,39,38,0,14,39,40.496913462633174,0.0,79.49691346263317,1.0383823964777736,high_uncertainty,1.27,40.21,143939.0,24301.0,0.16882846205684351,False
06037901217,06,037,901217,Census Tract 9012.17; Los Angeles County; California,1421,319,184,258,12.95,167,258,0,14,167,258.37956575549856,0.0,425.37956575549856,1.5471830284760393,high_uncertainty,11.75,90.76,126250.0,39023.0,0.3090930693069307,False
06037901218,06,037,901218,Census Tract 9012.18; Los Angeles County; California,2425,467,572,450,23.59,13,22,0,14,13,26.076809620810597,0.0,39.07680962081059,2.005908432370046,high_uncertainty,0.54,2.27,157411.0,13793.0,0.08762411775543005,False
06037901300,06,037,901300,Census Tract 9013; Los Angeles County; California,1840,593,0,14,0.0,0,14,0,14,0,19.79898987322333,0.0,19.79898987322333,,zero_estimate,0.0,,65398.0,36784.0,0.5624636839047066,False
06037910002,06,037,910002,Census Tract 9100.02; Los Angeles County; California,7288,1270,90,110,1.23,38,61,0,19,38,63.89053137985315,0.0,101.89053137985314,1.6813297731540302,high_uncertainty,0.52,42.22,71778.0,13689.0,0.1907130318481986,False
06037910210,06,037,910210,Census Tract 9102.10; Los Angeles County; California,7176,1217,1263,586,17.6,50,74,0,19,50,76.40026177965623,0.0,126.40026177965623,1.5280052355931246,high_uncertainty,0.7,3.96,131676.0,6276.0,0.047662444181171965,False
06037910211,06,037,910211,Census Tract 9102.11; Los Angeles County; California,1882,442,71,68,3.77,18,27,7,12,25,29.546573405388315,0.0,54.546573405388315,1.1818629362155326,high_uncertainty,1.33,35.21,208125.0,28849.0,0.13861381381381382,False
06037910212,06,037,910212,Census Tract 9102.12; Los Angeles County; California,3319,558,130,97,3.92,0,14,0,14,0,19.79898987322333,0.0,19.79898987322333,,zero_estimate,0.0,0.0,145938.0,34469.0,0.23618934067891845,False
06037910213,06,037,910213,Census Tract 9102.13; Los Angeles County; California,1691,469,65,35,3.84,12,13,0,14,12,19.1049731745428,0.0,31.1049731745428,1.5920810978785667,high_uncertainty,0.71,18.46,142661.0,9980.0,0.06995604965617794,False
06037910214,06,037,910214,Census Tract 9102.14; Los Angeles County; California,5692,496,579,195,10.17,0,19,0,19,0,26.870057685088806,0.0,26.870057685088806,,zero_estimate,0.0,0.0,119615.0,26225.0,0.21924507795845002,False
06037910215,06,037,910215,Census Tract 9102.15; Los Angeles County; California,7246,920,621,258,8.57,3,7,0,19,3,20.248456731316587,0.0,23.248456731316587,6.749485577105529,high_uncertainty,0.04,0.48,99128.0,22629.0,0.2282806068920991,False
06037910216,06,037,910216,Census Tract 9102.16; Los Angeles County; California,4819,1147,150,90,3.11,0,14,0,14,0,19.79898987322333,0.0,19.79898987322333,,zero_estimate,0.0,0.0,119505.0,39736.0,0.33250491611229654,False
06037910217,06,037,910217,Census Tract 9102.17; Los Angeles County; California,5970,565,569,153,9.53,0,19,0,19,0,26.870057685088806,0.0,26.870057685088806,,zero_estimate,0.0,0.0,130170.0,22934.0,0.1761849888607206,False
06037910218,06,037,910218,Census Tract 9102.18; Los Angeles County; California,4437,513,152,153,3.43,0,14,0,14,0,19.79898987322333,0.0,19.79898987322333,,zero_estimate,0.0,0.0,75625.0,19100.0,0.2525619834710744,False
06037910301,06,037,910301,Census Tract 9103.01; Los Angeles County; California,4520,721,123,123,2.72,0,14,0,14,0,19.79898987322333,0.0,19.79898987322333,,zero_estimate,0.0,0.0,116056.0,23193.0,0.19984317915489075,False
06037910302,06,037,910302,Census Tract 9103.02; Los Angeles County; California,5817,780,473,194,8.13,0,19,0,19,0,26.870057685088806,0.0,26.870057685088806,,zero_estimate,0.0,0.0,104722.0,28671.0,0.27378201333053226,False
06037910401,06,037,910401,Census Tract 9104.01; Los Angeles County; California,5742,919,328,220,5.71,81,101,0,19,81,102.77159140540736,0.0,183.77159140540738,1.2687850790791033,high_uncertainty,1.41,24.7,87580.0,8835.0,0.10087919616350766,False
06037910404,06,037,910404,Census Tract 9104.04; Los Angeles County; California,4735,728,235,208,4.96,0,14,0,14,0,19.79898987322333,0.0,19.79898987322333,,zero_estimate,0.0,0.0,60542.0,12257.0,0.20245449440058141,False
06037910405,06,037,910405,Census Tract 9104.05; Los Angeles County; California,5675,696,271,147,4.78,43,48,0,19,43,51.62363799656123,0.0,94.62363799656123,1.2005497208502611,high_uncertainty,0.76,15.87,43409.0,13237.0,0.3049367642654749,False
06037910501,06,037,910501,Census Tract 9105.01; Los Angeles County; California,5997,799,6,9,0.1,0,19,0,19,0,26.870057685088806,0.0,26.870057685088806,,zero_estimate,0.0,0.0,39403.0,8916.0,0.22627718701621705,False
06037910502,06,037,910502,Census Tract 9105.02; Los Angeles County; California,4139,610,50,60,1.21,0,14,0,14,0,19.79898987322333,0.0,19.79898987322333,,zero_estimate,0.0,0.0,39433.0,9875.0,0.25042477113077877,False
06037910504,06,037,910504,Census Tract 9105.04; Los Angeles County; California,4046,783,250,143,6.18,0,14,0,14,0,19.79898987322333,0.0,19.79898987322333,,zero_estimate,0.0,0.0,71007.0,15838.0,0.2230484318447477,False
06037910505,06,037,910505,Census Tract 9105.05; Los Angeles County; California,3164,572,116,103,3.67,14,22,0,14,14,26.076809620810597,0.0,40.07680962081059,1.8626292586293283,high_uncertainty,0.44,12.07,65792.0,16983.0,0.2581316877431907,False
06037910601,06,037,910601,Census Tract 9106.01; Los Angeles County; California,6445,854,15,23,0.23,0,19,0,19,0,26.870057685088806,0.0,26.870057685088806,,zero_estimate,0.0,0.0,68661.0,30687.0,0.44693494123301436,False
06037910602,06,037,910602,Census Tract 9106.02; Los Angeles County; California,4553,748,83,74,1.82,48,66,0,14,48,67.468511173732,0.0,115.468511173732,1.4055939827860833,high_uncertainty,1.05,57.83,63611.0,33469.0,0.5261511373818993,False
06037910605,06,037,910605,Census Tract 9106.05; Los Angeles County; California,4913,763,77,73,1.57,0,14,0,14,0,19.79898987322333,0.0,19.79898987322333,,zero_estimate,0.0,0.0,65411.0,18096.0,0.27665071624038773,False
06037910606,06,037,910606,Census Tract 9106.06; Los Angeles County; California,3120,432,158,120,5.06,0,14,17,28,17,31.304951684997057,0.0,48.30495168499706,1.8414677461762974,high_uncertainty,0.54,10.76,81895.0,9293.0,0.11347457109713657,False
06037910607,06,037,910607,Census Tract 9106.07; Los Angeles County; California,4099,617,76,83,1.85,0,14,0,14,0,19.79898987322333,0.0,19.79898987322333,,zero_estimate,0.0,0.0,58839.0,11889.0,0.20205985825727835,False
06037910608,06,037,910608,Census Tract 9106.08; Los Angeles County; California,3863,706,89,81,2.3,0,14,0,14,0,19.79898987322333,0.0,19.79898987322333,,zero_estimate,0.0,0.0,70682.0,11148.0,0.15772049460966017,False
06037910706,06,037,910706,Census Tract 9107.06; Los Angeles County; California,6761,825,265,231,3.92,47,82,0,19,47,84.17244204607586,0.0,131.17244204607584,1.790903022256933,high_uncertainty,0.7,17.74,108563.0,19464.0,0.17928760259020107,False
06037910707,06,037,910707,Census Tract 9107.07; Los Angeles County; California,5615,541,189,222,3.37,0,19,0,19,0,26.870057685088806,0.0,26.870057685088806,,zero_estimate,0.0,0.0,72256.0,20094.0,0.27809455270150574,False
06037910709,06,037,910709,Census Tract 9107.09; Los Angeles County; California,1682,236,42,44,2.5,25,40,0,14,25,42.37924020083418,0.0,67.37924020083418,1.6951696080333674,high_uncertainty,1.49,59.52,102566.0,24880.0,0.24257551235302147,False
06037910712,06,037,910712,Census Tract 9107.12; Los Angeles County; California,3211,632,95,79,2.96,14,14,0,14,14,19.79898987322333,0.0,33.798989873223334,1.4142135623730951,high_uncertainty,0.44,14.74,96324.0,22472.0,0.23329595947012166,False
06037910713,06,037,910713,Census Tract 9107.13; Los Angeles County; California,6801,1236,110,91,1.62,0,19,0,19,0,26.870057685088806,0.0,26.870057685088806,,zero_estimate,0.0,0.0,80764.0,13813.0,0.1710291714130058,False
06037910714,06,037,910714,Census Tract 9107.14; Los Angeles County; California,4225,662,87,58,2.06,0,14,0,14,0,19.79898987322333,0.0,19.79898987322333,,zero_estimate,0.0,0.0,79653.0,12434.0,0.1561020928276399,False
06037910715,06,037,910715,Census Tract 9107.15; Los Angeles County; California,6701,769,640,381,9.55,29,42,26,40,55,58.0,0.0,113.0,1.0545454545454545,high_uncertainty,0.82,8.59,86250.0,23491.0,0.27235942028985505,False
06037910716,06,037,910716,Census Tract 9107.16; Los Angeles County; California,6583,919,0,19,0.0,0,19,0,19,0,26.870057685088806,0.0,26.870057685088806,,zero_estimate,0.0,,86330.0,12135.0,0.14056527279045522,False
06037910717,06,037,910717,Census Tract 9107.17; Los Angeles County; California,2226,480,0,14,0.0,0,14,0,14,0,19.79898987322333,0.0,19.79898987322333,,zero_estimate,0.0,,91333.0,21406.0,0.23437311815006623,False
06037910718,06,037,910718,Census Tract 9107.18; Los Angeles County; California,5245,719,70,60,1.33,0,19,0,19,0,26.870057685088806,0.0,26.870057685088806,,zero_estimate,0.0,0.0,105588.0,16658.0,0.15776413986437854,False
06037910719,06,037,910719,Census Tract 9107.19; Los Angeles County; California,4305,867,54,109,1.25,0,14,0,14,0,19.79898987322333,0.0,19.79898987322333,,zero_estimate,0.0,0.0,97792.0,24575.0,0.2512986747382199,False
06037910720,06,037,910720,Census Tract 9107.20; Los Angeles County; California,5263,1132,88,84,1.67,0,19,0,19,0,26.870057685088806,0.0,26.870057685088806,,zero_estimate,0.0,0.0,59871.0,30704.0,0.5128359305840892,False
06037910721,06,037,910721,Census Tract 9107.21; Los Angeles County; California,3905,1260,254,215,6.5,0,14,0,14,0,19.79898987322333,0.0,19.79898987322333,,zero_estimate,0.0,0.0,46136.0,28697.0,0.6220088434194555,False
06037910804,06,037,910804,Census Tract 9108.04; Los Angeles County; California,2971,340,119,111,4.01,29,46,0,14,29,48.08326112068523,0.0,77.08326112068522,1.6580434869201803,high_uncertainty,0.98,24.37,155625.0,17002.0,0.10924979919678715,False
06037910807,06,037,910807,Census Tract 9108.07; Los Angeles County; California,5928,764,846,576,14.27,360,529,0,19,360,529.3410998590606,0.0,889.3410998590606,1.470391944052946,high_uncertainty,6.07,42.55,121010.0,14095.0,0.116477977026692,False
06037910808,06,037,910808,Census Tract 9108.08; Los Angeles County; California,4011,887,72,55,1.8,16,28,6,13,22,30.870698080866262,0.0,52.87069808086626,1.4032135491302846,high_uncertainty,0.55,30.56,120625.0,22911.0,0.1899357512953368,False
06037910809,06,037,910809,Census Tract 9108.09; Los Angeles County; California,2231,343,192,141,8.61,46,63,0,14,46,64.53681120105021,0.0,110.53681120105021,1.40297415654457,high_uncertainty,2.06,23.96,153088.0,31805.0,0.2077563231605351,False
06037910810,06,037,910810,Census Tract 9108.10; Los Angeles County; California,2914,618,291,191,9.99,0,14,0,14,0,19.79898987322333,0.0,19.79898987322333,,zero_estimate,0.0,0.0,152778.0,28532.0,0.18675463744780008,False
06037910814,06,037,910814,Census Tract 9108.14; Los Angeles County; California,3457,722,35,33,1.01,26,30,0,14,26,33.1058907144937,0.0,59.1058907144937,1.2733034890189883,high_uncertainty,0.75,74.29,134250.0,25556.0,0.1903612662942272,False
06037910815,06,037,910815,Census Tract 9108.15; Los Angeles County; California,5176,652,73,93,1.41,10,15,0,19,10,24.20743687382041,0.0,34.20743687382041,2.420743687382041,high_uncertainty,0.19,13.7,95435.0,12470.0,0.13066485042175302,False
06037911001,06,037,911001,Census Tract 9110.01; Los Angeles County; California,3205,657,0,14,0.0,0,14,0,14,0,19.79898987322333,0.0,19.79898987322333,,zero_estimate,0.0,,77381.0,16375.0,0.21161525439061268,False
06037911100,06,037,911100,Census Tract 9111; Los Angeles County; California,7146,942,79,97,1.11,15,25,0,19,15,31.400636936215164,0.0,46.400636936215164,2.0933757957476775,high_uncertainty,0.21,18.99,68038.0,17270.0,0.25382874276139805,False
06037920013,06,037,920013,Census Tract 9200.13; Los Angeles County; California,7253,920,946,331,13.04,44,47,0,19,44,50.695167422546305,0.0,94.6951674225463,1.1521628959669614,high_uncertainty,0.61,4.65,112083.0,29902.0,0.26678443653364026,False
06037920015,06,037,920015,Census Tract 9200.15; Los Angeles County; California,6119,818,424,99,6.93,37,47,0,19,37,50.695167422546305,0.0,87.6951674225463,1.3701396600688192,high_uncertainty,0.6,8.73,184496.0,14863.0,0.08056001214118463,False
06037920016,06,037,920016,Census Tract 9200.16; Los Angeles County; California,5345,1172,433,96,8.1,8,13,0,19,8,23.021728866442675,0.0,31.021728866442675,2.8777161083053344,high_uncertainty,0.15,1.85,176591.0,36105.0,0.2044554932018053,False
06037920017,06,037,920017,Census Tract 9200.17; Los Angeles County; California,4315,552,250,147,5.79,45,44,0,14,45,46.17358552246078,0.0,91.17358552246078,1.0260796782769064,high_uncertainty,1.04,18.0,140365.0,20537.0,0.14631140241513196,False
06037920018,06,037,920018,Census Tract 9200.18; Los Angeles County; California,1892,319,99,76,5.23,0,14,0,14,0,19.79898987322333,0.0,19.79898987322333,,zero_estimate,0.0,0.0,136719.0,27947.0,0.20441196907525655,False
06037920020,06,037,920020,Census Tract 9200.20; Los Angeles County; California,6033,441,304,151,5.04,17,27,0,19,17,33.015148038438355,0.0,50.015148038438355,1.9420675316728444,high_uncertainty,0.28,5.59,99815.0,21872.0,0.21912538195661974,False
06037920028,06,037,920028,Census Tract 9200.28; Los Angeles County; California,8576,2149,1629,559,18.99,126,149,0,19,126,150.20652449211386,0.0,276.2065244921139,1.1921152737469354,high_uncertainty,1.47,7.73,152468.0,42166.0,0.27655639216097805,False
06037920029,06,037,920029,Census Tract 9200.29; Los Angeles County; California,3317,510,158,105,4.76,0,14,0,14,0,19.79898987322333,0.0,19.79898987322333,,zero_estimate,0.0,0.0,113438.0,20206.0,0.17812373278795465,False
06037920030,06,037,920030,Census Tract 9200.30; Los Angeles County; California,5916,548,847,220,14.32,48,54,0,19,48,57.245087125446844,0.0,105.24508712544684,1.1926059817801427,high_uncertainty,0.81,5.67,152042.0,20081.0,0.1320753476013207,False
06037920031,06,037,920031,Census Tract 9200.31; Los Angeles County; California,6371,1038,1214,467,19.06,0,19,0,19,0,26.870057685088806,0.0,26.870057685088806,,zero_estimate,0.0,0.0,80179.0,26424.0,0.3295626036742788,False
06037920034,06,037,920034,Census Tract 9200.34; Los Angeles County; California,5299,469,703,286,13.27,208,295,68,112,276,315.54555930958685,0.0,591.5455593095869,1.1432810119912566,high_uncertainty,5.21,39.26,178125.0,49362.0,0.27712,False
06037920035,06,037,920035,Census Tract 9200.35; Los Angeles County; California,8455,1651,604,106,7.14,218,274,0,19,218,274.6579691179559,0.0,492.6579691179559,1.2598989409080545,high_uncertainty,2.58,36.09,103750.0,25497.0,0.24575421686746987,False
06037920038,06,037,920038,Census Tract 9200.38; Los Angeles County; California,4804,527,482,228,10.03,83,78,0,14,83,79.2464510246358,3.753548975364197,162.2464510246358,0.954776518369106,usable_with_caution,1.73,17.22,77669.0,8886.0,0.1144085799997425,False
06037920039,06,037,920039,Census Tract 9200.39; Los Angeles County; California,1661,179,176,81,10.6,16,19,10,16,26,24.839484696748443,1.1605153032515574,50.83948469674844,0.9553647960287862,usable_with_caution,1.57,14.77,140700.0,17736.0,0.12605543710021322,False
06037920040,06,037,920040,Census Tract 9200.40; Los Angeles County; California,2682,473,136,109,5.07,0,14,0,14,0,19.79898987322333,0.0,19.79898987322333,,zero_estimate,0.0,0.0,144915.0,45185.0,0.3118034710002415,False
06037920041,06,037,920041,Census Tract 9200.41; Los Angeles County; California,4065,391,510,272,12.55,33,39,0,14,33,41.43669871020132,0.0,74.43669871020131,1.2556575366727674,high_uncertainty,0.81,6.47,129375.0,27165.0,0.20997101449275363,False
06037920042,06,037,920042,Census Tract 9200.42; Los Angeles County; California,7539,996,915,374,12.14,45,64,0,19,45,66.76076692189807,0.0,111.76076692189807,1.4835725982644015,high_uncertainty,0.6,4.92,120130.0,10808.0,0.08996920003329727,False
06037920043,06,037,920043,Census Tract 9200.43; Los Angeles County; California,8892,885,2148,316,24.16,21,27,0,19,21,33.015148038438355,0.0,54.015148038438355,1.5721499065923026,high_uncertainty,0.24,0.98,162303.0,24776.0,0.15265275441612294,False
06037920044,06,037,920044,Census Tract 9200.44; Los Angeles County; California,2684,370,378,237,14.08,41,51,10,15,51,53.16013544000805,0.0,104.16013544000805,1.0423555968629028,high_uncertainty,1.9,13.49,102796.0,15346.0,0.1492859644344138,False
06037920045,06,037,920045,Census Tract 9200.45; Los Angeles County; California,4554,520,276,141,6.06,22,36,0,14,22,38.62641583165593,0.0,60.62641583165593,1.7557461741661788,high_uncertainty,0.48,7.97,149167.0,25238.0,0.1691929180046525,False
06037920046,06,037,920046,Census Tract 9200.46; Los Angeles County; California,1910,969,38,37,1.99,0,14,8,15,8,20.518284528683193,0.0,28.518284528683193,2.564785566085399,high_uncertainty,0.42,21.05,69534.0,19115.0,0.2749014870423102,False
06037920047,06,037,920047,Census Tract 9200.47; Los Angeles County; California,6579,1457,105,106,1.6,0,19,0,19,0,26.870057685088806,0.0,26.870057685088806,,zero_estimate,0.0,0.0,74846.0,21479.0,0.28697592389706866,False
06037920048,06,037,920048,Census Tract 9200.48; Los Angeles County; California,5433,496,304,123,5.6,0,19,0,19,0,26.870057685088806,0.0,26.870057685088806,,zero_estimate,0.0,0.0,109482.0,12882.0,0.11766317750863156,False
06037920049,06,037,920049,Census Tract 9200.49; Los Angeles County; California,6500,822,1054,499,16.22,432,470,0,19,432,470.38388577841397,0.0,902.383885778414,1.0888515874500324,high_uncertainty,6.65,40.99,198843.0,38430.0,0.19326805570223746,False
06037920050,06,037,920050,Census Tract 9200.50; Los Angeles County; California,1147,138,6,8,0.52,0,14,0,14,0,19.79898987322333,0.0,19.79898987322333,,zero_estimate,0.0,0.0,72713.0,23190.0,0.3189250890487258,False
06037920102,06,037,920102,Census Tract 9201.02; Los Angeles County; California,4758,560,542,301,11.39,105,142,0,14,105,142.68847185389575,0.0,247.68847185389575,1.3589378271799595,high_uncertainty,2.21,19.37,85294.0,42700.0,0.500621380167421,False
06037920104,06,037,920104,Census Tract 9201.04; Los Angeles County; California,2987,417,277,174,9.27,9,13,0,14,9,19.1049731745428,0.0,28.1049731745428,2.122774797171422,high_uncertainty,0.3,3.25,143269.0,37092.0,0.2588975982243193,False
06037920106,06,037,920106,Census Tract 9201.06; Los Angeles County; California,3716,852,137,78,3.69,0,14,0,14,0,19.79898987322333,0.0,19.79898987322333,,zero_estimate,0.0,0.0,137813.0,23672.0,0.17176899131431722,False
06037920109,06,037,920109,Census Tract 9201.09; Los Angeles County; California,4803,561,838,316,17.45,142,127,0,14,142,127.76932339180638,14.230676608193619,269.7693233918064,0.8997839675479322,usable_with_caution,2.96,16.95,114469.0,11693.0,0.10214992705448636,False
06037920110,06,037,920110,Census Tract 9201.10; Los Angeles County; California,2912,431,426,214,14.63,27,34,0,14,27,36.76955262170047,0.0,63.76955262170047,1.3618352822852027,high_uncertainty,0.93,6.34,131397.0,23041.0,0.17535407962130034,False
06037920111,06,037,920111,Census Tract 9201.11; Los Angeles County; California,3141,548,384,239,12.23,0,14,0,14,0,19.79898987322333,0.0,19.79898987322333,,zero_estimate,0.0,0.0,154925.0,8712.0,0.05623366144908827,False
06037920112,06,037,920112,Census Tract 9201.12; Los Angeles County; California,4277,510,772,478,18.05,20,31,0,14,20,34.0147027033899,0.0,54.0147027033899,1.700735135169495,high_uncertainty,0.47,2.59,124504.0,18415.0,0.14790689455760458,False
06037920114,06,037,920114,Census Tract 9201.14; Los Angeles County; California,5350,1030,1054,406,19.7,37,44,17,27,54,51.62363799656123,2.3763620034387714,105.62363799656123,0.9559932962326153,usable_with_caution,1.01,5.12,126422.0,39927.0,0.31582319532992675,False
06037920115,06,037,920115,Census Tract 9201.15; Los Angeles County; California,4158,573,568,318,13.66,19,29,0,14,19,32.202484376209235,0.0,51.202484376209235,1.6948675987478545,high_uncertainty,0.46,3.35,109844.0,28475.0,0.25923127344233643,False
06037920116,06,037,920116,Census Tract 9201.16; Los Angeles County; California,4606,407,280,127,6.08,21,33,0,14,21,35.84689665786984,0.0,56.84689665786984,1.706995078946183,high_uncertainty,0.46,7.5,130000.0,26058.0,0.20044615384615386,False
06037920118,06,037,920118,Census Tract 9201.18; Los Angeles County; California,6019,656,559,267,9.29,50,48,0,19,50,51.62363799656123,0.0,101.62363799656123,1.0324727599312247,high_uncertainty,0.83,8.94,146319.0,33938.0,0.23194527026565245,False
06037920119,06,037,920119,Census Tract 9201.19; Los Angeles County; California,1902,219,328,167,17.25,111,139,0,14,111,139.70325694127536,0.0,250.70325694127536,1.25858790037185,high_uncertainty,5.84,33.84,214417.0,46726.0,0.21792115363986997,False
06037920120,06,037,920120,Census Tract 9201.20; Los Angeles County; California,3876,622,1017,419,26.24,0,14,5,8,5,16.1245154965971,0.0,21.1245154965971,3.2249030993194197,high_uncertainty,0.13,0.49,228065.0,31444.0,0.137872974809813,False
06037920121,06,037,920121,Census Tract 9201.21; Los Angeles County; California,11359,985,3692,594,32.5,396,211,90,105,486,235.6819891294199,250.3180108705801,721.6819891294199,0.48494236446382694,more_reliable,4.28,13.16,179006.0,30515.0,0.17046914628559937,False
06037920200,06,037,920200,Census Tract 9202; Los Angeles County; California,3604,95,66,54,1.83,0,14,0,14,0,19.79898987322333,0.0,19.79898987322333,,zero_estimate,0.0,0.0,,,,False
06037920303,06,037,920303,Census Tract 9203.03; Los Angeles County; California,1704,224,369,115,21.65,16,17,0,14,16,22.02271554554524,0.0,38.02271554554524,1.3764197215965774,high_uncertainty,0.94,4.34,127045.0,38313.0,0.3015703097327719,False
06037920312,06,037,920312,Census Tract 9203.12; Los Angeles County; California,5684,1625,391,207,6.88,0,19,0,19,0,26.870057685088806,0.0,26.870057685088806,,zero_estimate,0.0,0.0,90625.0,19705.0,0.21743448275862068,False
06037920313,06,037,920313,Census Tract 9203.13; Los Angeles County; California,5349,794,823,427,15.39,49,64,0,19,49,66.76076692189807,0.0,115.76076692189807,1.3624646310591442,high_uncertainty,0.92,5.95,155833.0,27193.0,0.17450090802333268,False
06037920314,06,037,920314,Census Tract 9203.14; Los Angeles County; California,3250,526,455,419,14.0,9,13,0,14,9,19.1049731745428,0.0,28.1049731745428,2.122774797171422,high_uncertainty,0.28,1.98,143724.0,9958.0,0.0692855751301105,False
06037920322,06,037,920322,Census Tract 9203.22; Los Angeles County; California,2689,297,144,110,5.36,7,12,0,14,7,18.439088914585774,0.0,25.439088914585774,2.634155559226539,high_uncertainty,0.26,4.86,117150.0,33995.0,0.290183525394793,False
06037920326,06,037,920326,Census Tract 9203.26; Los Angeles County; California,6971,746,1666,546,23.9,219,194,51,58,270,202.48456731316588,67.51543268683412,472.4845673131659,0.7499428419006143,usable_with_caution,3.87,16.21,133417.0,35630.0,0.2670574214680288,False
06037920328,06,037,920328,Census Tract 9203.28; Los Angeles County; California,1961,388,255,93,13.0,43,35,6,9,49,36.138621999185304,12.861378000814696,85.1386219991853,0.7375228979425572,usable_with_caution,2.5,19.22,117692.0,40998.0,0.3483499303266152,False
06037920329,06,037,920329,Census Tract 9203.29; Los Angeles County; California,5091,1124,213,134,4.18,43,42,0,19,43,46.09772228646444,0.0,89.09772228646443,1.0720400531735916,high_uncertainty,0.84,20.19,117391.0,27971.0,0.23827209922396095,False
06037920330,06,037,920330,Census Tract 9203.30; Los Angeles County; California,4445,450,199,104,4.48,30,25,18,21,48,32.64965543462902,15.350344565370982,80.64965543462901,0.6802011548881045,usable_with_caution,1.08,24.12,104117.0,9558.0,0.09180057051202013,False
06037920331,06,037,920331,Census Tract 9203.31; Los Angeles County; California,3794,537,583,304,15.37,53,55,174,229,227,235.51220775153035,0.0,462.51220775153035,1.0374987125618078,high_uncertainty,5.98,38.94,126088.0,9739.0,0.0772397056024364,False
06037920332,06,037,920332,Census Tract 9203.32; Los Angeles County; California,1778,179,111,77,6.24,13,16,4,7,17,17.46424919657298,0.0,34.46424919657298,1.0273087762689987,high_uncertainty,0.96,15.32,100729.0,13020.0,0.1292577112847343,False
06037920334,06,037,920334,Census Tract 9203.34; Los Angeles County; California,6224,692,579,251,9.3,39,30,0,19,39,35.510561809129406,3.489438190870594,74.5105618091294,0.910527225875113,usable_with_caution,0.63,6.74,110117.0,19218.0,0.17452346140922836,False
06037920338,06,037,920338,Census Tract 9203.38; Los Angeles County; California,5594,743,1460,432,26.1,276,156,0,19,276,157.15279189374905,118.84720810625095,433.15279189374905,0.5693941735280763,usable_with_caution,4.93,18.9,194342.0,31015.0,0.1595897953093001,False
06037920339,06,037,920339,Census Tract 9203.39; Los Angeles County; California,10017,1349,3633,1010,36.27,740,650,0,21,740,650.3391422942341,89.66085770576592,1390.339142294234,0.878836678775992,usable_with_caution,7.39,20.37,164079.0,35540.0,0.21660297783384833,False
06037920340,06,037,920340,Census Tract 9203.40; Los Angeles County; California,2652,459,116,100,4.37,29,51,0,14,29,52.88667128870941,0.0,81.88667128870941,1.8236783203003244,high_uncertainty,1.09,25.0,87448.0,25976.0,0.29704510108864696,False
06037920341,06,037,920341,Census Tract 9203.41; Los Angeles County; California,2885,414,115,145,3.99,0,14,0,14,0,19.79898987322333,0.0,19.79898987322333,,zero_estimate,0.0,0.0,63051.0,9017.0,0.14301121314491444,False
06037920342,06,037,920342,Census Tract 9203.42; Los Angeles County; California,2977,616,140,146,4.7,0,14,0,14,0,19.79898987322333,0.0,19.79898987322333,,zero_estimate,0.0,0.0,88657.0,25997.0,0.2932312169371849,False
06037920343,06,037,920343,Census Tract 9203.43; Los Angeles County; California,4090,574,172,150,4.21,0,14,0,14,0,19.79898987322333,0.0,19.79898987322333,,zero_estimate,0.0,0.0,85984.0,7431.0,0.08642305545217716,False
06037930400,06,037,930400,Census Tract 9304; Los Angeles County; California,1212,236,96,75,7.92,0,14,0,14,0,19.79898987322333,0.0,19.79898987322333,,zero_estimate,0.0,0.0,99750.0,23338.0,0.23396491228070176,False
06037980001,06,037,980001,Census Tract 9800.01; Los Angeles County; California,0,14,0,14,,0,14,0,14,0,19.79898987322333,0.0,19.79898987322333,,not_applicable,,,,,,False
06037980002,06,037,980002,Census Tract 9800.02; Los Angeles County; California,0,14,0,14,,0,14,0,14,0,19.79898987322333,0.0,19.79898987322333,,not_applicable,,,,,,False
06037980003,06,037,980003,Census Tract 9800.03; Los Angeles County; California,0,14,0,14,,0,14,0,14,0,19.79898987322333,0.0,19.79898987322333,,not_applicable,,,,,,False
06037980004,06,037,980004,Census Tract 9800.04; Los Angeles County; California,0,14,0,14,,0,14,0,14,0,19.79898987322333,0.0,19.79898987322333,,not_applicable,,,,,,False
06037980005,06,037,980005,Census Tract 9800.05; Los Angeles County; California,0,14,0,14,,0,14,0,14,0,19.79898987322333,0.0,19.79898987322333,,not_applicable,,,,,,False
06037980006,06,037,980006,Census Tract 9800.06; Los Angeles County; California,0,14,0,14,,0,14,0,14,0,19.79898987322333,0.0,19.79898987322333,,not_applicable,,,,,,False
06037980007,06,037,980007,Census Tract 9800.07; Los Angeles County; California,0,14,0,14,,0,14,0,14,0,19.79898987322333,0.0,19.79898987322333,,not_applicable,,,,,,False
06037980008,06,037,980008,Census Tract 9800.08; Los Angeles County; California,106,158,0,14,0.0,0,14,0,14,0,19.79898987322333,0.0,19.79898987322333,,zero_estimate,0.0,,,,,False
06037980009,06,037,980009,Census Tract 9800.09; Los Angeles County; California,5,6,2,3,40.0,0,14,0,14,0,19.79898987322333,0.0,19.79898987322333,,zero_estimate,0.0,0.0,,,,False
06037980010,06,037,980010,Census Tract 9800.10; Los Angeles County; California,182,64,98,63,53.85,62,36,0,14,62,38.62641583165593,23.373584168344067,100.62641583165593,0.6230067069621925,usable_with_caution,34.07,63.27,,,,False
06037980011,06,037,980011,Census Tract 9800.11; Los Angeles County; California,121,64,0,14,0.0,0,14,0,14,0,19.79898987322333,0.0,19.79898987322333,,zero_estimate,0.0,,,,,False
06037980012,06,037,980012,Census Tract 9800.12; Los Angeles County; California,13,3,0,14,0.0,0,14,0,14,0,19.79898987322333,0.0,19.79898987322333,,zero_estimate,0.0,,,,,False
06037980013,06,037,980013,Census Tract 9800.13; Los Angeles County; California,0,14,0,14,,0,14,0,14,0,19.79898987322333,0.0,19.79898987322333,,not_applicable,,,,,,False
06037980014,06,037,980014,Census Tract 9800.14; Los Angeles County; California,38,58,0,14,0.0,0,14,0,14,0,19.79898987322333,0.0,19.79898987322333,,zero_estimate,0.0,,,,,False
06037980015,06,037,980015,Census Tract 9800.15; Los Angeles County; California,1392,174,194,101,13.94,0,14,0,14,0,19.79898987322333,0.0,19.79898987322333,,zero_estimate,0.0,0.0,79375.0,25264.0,0.31828661417322834,False
06037980016,06,037,980016,Census Tract 9800.16; Los Angeles County; California,331,148,16,16,4.83,0,14,0,14,0,19.79898987322333,0.0,19.79898987322333,,zero_estimate,0.0,0.0,70667.0,13867.0,0.19623020646129027,False
06037980017,06,037,980017,Census Tract 9800.17; Los Angeles County; California,1412,164,45,67,3.19,0,14,0,14,0,19.79898987322333,0.0,19.79898987322333,,zero_estimate,0.0,0.0,,,,False
06037980018,06,037,980018,Census Tract 9800.18; Los Angeles County; California,0,14,0,14,,0,14,0,14,0,19.79898987322333,0.0,19.79898987322333,,not_applicable,,,,,,False
06037980019,06,037,980019,Census Tract 9800.19; Los Angeles County; California,133,67,13,18,9.77,0,14,0,14,0,19.79898987322333,0.0,19.79898987322333,,zero_estimate,0.0,0.0,,,,False
06037980020,06,037,980020,Census Tract 9800.20; Los Angeles County; California,0,14,0,14,,0,14,0,14,0,19.79898987322333,0.0,19.79898987322333,,not_applicable,,,,,,False
06037980021,06,037,980021,Census Tract 9800.21; Los Angeles County; California,2,3,0,14,0.0,0,14,0,14,0,19.79898987322333,0.0,19.79898987322333,,zero_estimate,0.0,,,,,False
06037980022,06,037,980022,Census Tract 9800.22; Los Angeles County; California,0,14,0,14,,0,14,0,14,0,19.79898987322333,0.0,19.79898987322333,,not_applicable,,,,,,False
06037980023,06,037,980023,Census Tract 9800.23; Los Angeles County; California,63,90,41,58,65.08,41,58,0,14,41,59.665735560705194,0.0,100.6657355607052,1.4552618429440292,high_uncertainty,65.08,100.0,,,,False
06037980024,06,037,980024,Census Tract 9800.24; Los Angeles County; California,222,152,17,19,7.66,0,14,0,14,0,19.79898987322333,0.0,19.79898987322333,,zero_estimate,0.0,0.0,130598.0,61164.0,0.46833795310801085,False
06037980025,06,037,980025,Census Tract 9800.25; Los Angeles County; California,483,210,48,56,9.94,19,27,0,14,19,30.4138126514911,0.0,49.4138126514911,1.6007269816574263,high_uncertainty,3.93,39.58,80227.0,51787.0,0.6455058770738031,False
06037980026,06,037,980026,Census Tract 9800.26; Los Angeles County; California,39,18,0,14,0.0,0,14,0,14,0,19.79898987322333,0.0,19.79898987322333,,zero_estimate,0.0,,,,,False
06037980028,06,037,980028,Census Tract 9800.28; Los Angeles County; California,0,14,0,14,,0,14,0,14,0,19.79898987322333,0.0,19.79898987322333,,not_applicable,,,,,,False
06037980030,06,037,980030,Census Tract 9800.30; Los Angeles County; California,0,14,0,14,,0,14,0,14,0,19.79898987322333,0.0,19.79898987322333,,not_applicable,,,,,,False
06037980031,06,037,980031,Census Tract 9800.31; Los Angeles County; California,972,40,57,31,5.86,0,14,0,14,0,19.79898987322333,0.0,19.79898987322333,,zero_estimate,0.0,0.0,,,,False
06037980033,06,037,980033,Census Tract 9800.33; Los Angeles County; California,21,3,0,14,0.0,0,14,0,14,0,19.79898987322333,0.0,19.79898987322333,,zero_estimate,0.0,,,,,False
06037980034,06,037,980034,Census Tract 9800.34; Los Angeles County; California,0,14,0,14,,0,14,0,14,0,19.79898987322333,0.0,19.79898987322333,,not_applicable,,,,,,False
06037980035,06,037,980035,Census Tract 9800.35; Los Angeles County; California,758,207,53,48,6.99,43,44,0,14,43,46.17358552246078,0.0,89.17358552246078,1.0738043144758322,high_uncertainty,5.67,81.13,68603.0,22141.0,0.3227409880034401,False
06037980036,06,037,980036,Census Tract 9800.36; Los Angeles County; California,557,398,443,397,79.53,88,142,6,9,94,142.28492541376264,0.0,236.28492541376264,1.5136694192953473,high_uncertainty,16.88,21.22,159088.0,33160.0,0.20843809715377654,False
06037980037,06,037,980037,Census Tract 9800.37; Los Angeles County; California,0,14,0,14,,0,14,0,14,0,19.79898987322333,0.0,19.79898987322333,,not_applicable,,,,,,False
06037980038,06,037,980038,Census Tract 9800.38; Los Angeles County; California,0,14,0,14,,0,14,0,14,0,19.79898987322333,0.0,19.79898987322333,,not_applicable,,,,,,False
06037980039,06,037,980039,Census Tract 9800.39; Los Angeles County; California,0,14,0,14,,0,14,0,14,0,19.79898987322333,0.0,19.79898987322333,,not_applicable,,,,,,False
06037990100,06,037,990100,Census Tract 9901; Los Angeles County; California,0,14,0,14,,0,14,0,14,0,19.79898987322333,0.0,19.79898987322333,,not_applicable,,,,,,False
06037990200,06,037,990200,Census Tract 9902; Los Angeles County; California,0,14,0,14,,0,14,0,14,0,19.79898987322333,0.0,19.79898987322333,,not_applicable,,,,,,False
06037990300,06,037,990300,Census Tract 9903; Los Angeles County; California,0,14,0,14,,0,14,0,14,0,19.79898987322333,0.0,19.79898987322333,,not_applicable,,,,,,False
