STATEFP,COUNTYFP,TRACTCE,GEOID,GEOIDFQ,NAME,NAMELSAD,MTFCC,FUNCSTAT,ALAND,AWATER,INTPTLAT,INTPTLON,state,county,tract,tract_name,total_population,total_population_moe,asian_alone,asian_alone_moe,asian_share_pct,chinese_except_taiwanese,chinese_except_taiwanese_moe,taiwanese_alone,taiwanese_alone_moe,chinese_total_estimate,chinese_total_moe,chinese_estimate_lower,chinese_estimate_upper,chinese_relative_moe,chinese_estimate_reliability,chinese_share_pct,chinese_share_of_asian_pct,median_household_income,median_household_income_moe,income_relative_moe,income_top_coded,competitors_within_1_mile,competitors_within_3_miles,expanded_competitors_within_1_mile,expanded_competitors_within_3_miles,additional_competitors_within_1_mile,additional_competitors_within_3_miles,chinese_population_rank,chinese_share_rank,income_rank,demand_component,baseline_competition_component,expanded_competition_component,baseline_score,expanded_score,baseline_rank,expanded_rank,rank_change,in_baseline_top_20,in_expanded_top_20,competition_robustness
06,037,206010,06037206010,1400000US06037206010,2060.10,Census Tract 2060.10,G5020,S,1418137,20551,+34.0682177,-118.2320356,06,037,206010,Census Tract 2060.10; Los Angeles County; California,3392,593,1159,256,34.17,754,227,0,14,754,227.4313083108832,526.5686916891168,981.4313083108832,0.3016330348950705,more_reliable,22.23,65.06,70304.0,32411.0,0.4610121756941283,False,3,27,5,35,2,8,0.8163900414937759,0.8589211618257261,0.1421161825726141,0.8334024896265559,0.19014522821576763,0.20788381742738593,56.65,57.0,372,364,-8,False,False,outside_top_20
06,037,206020,06037206020,1400000US06037206020,2060.20,Census Tract 2060.20,G5020,S,843243,30290,+34.0571230,-118.2311021,06,037,206020,Census Tract 2060.20; Los Angeles County; California,7629,304,258,85,3.38,59,39,5,8,64,39.81205847478876,24.18794152521124,103.81205847478876,0.6220634136685744,usable_with_caution,0.84,24.81,155658.0,29954.0,0.1924346965783962,False,7,31,11,38,4,7,0.1229253112033195,0.008298755186721992,0.8547717842323651,0.07707468879668049,0.10964730290456429,0.14325726141078834,23.91,24.59,885,880,-5,False,False,outside_top_20
06,037,108203,06037108203,1400000US06037108203,1082.03,Census Tract 1082.03,G5020,S,1372380,0,+34.2930831,-118.5616551,06,037,108203,Census Tract 1082.03; Los Angeles County; California,3074,329,1447,331,47.07,216,137,135,121,351,182.7840255602223,168.2159744397777,533.7840255602223,0.5207522095732828,usable_with_caution,11.42,24.26,143000.0,25669.0,0.1795034965034965,False,0,2,0,2,0,0,0.6742738589211619,0.7365145228215768,0.8091286307053942,0.6991701244813278,0.8926348547717843,0.9193983402489627,75.99,76.52,75,64,-11,False,False,outside_top_20
06,037,920121,06037920121,1400000US06037920121,9201.21,Census Tract 9201.21,G5020,S,12198712,2149,+34.4468472,-118.5765302,06,037,920121,Census Tract 9201.21; Los Angeles County; California,11359,985,3692,594,32.5,396,211,90,105,486,235.6819891294199,250.3180108705801,721.6819891294199,0.4849423644638269,more_reliable,4.28,13.16,179006.0,30515.0,0.1704691462855993,False,1,5,1,7,0,2,0.7484439834024896,0.41234439834024894,0.91701244813278,0.6140041493775934,0.7230290456431535,0.7651452282157676,69.64,70.48,136,123,-13,False,False,outside_top_20
06,037,135204,06037135204,1400000US06037135204,1352.04,Census Tract 1352.04,G5020,S,1857531,0,+34.1890902,-118.6495411,06,037,135204,Census Tract 1352.04; Los Angeles County; California,4915,764,594,303,12.09,73,82,46,75,119,111.1260545506768,7.8739454493231875,230.12605455067683,0.933832391182158,usable_with_caution,2.42,20.03,140085.0,30417.0,0.2171324552949994,False,0,5,0,7,0,2,0.31431535269709543,0.20850622406639005,0.8008298755186722,0.2719917012448133,0.8350622406639003,0.8524896265560167,49.04,49.39,532,525,-7,False,False,outside_top_20
06,037,460101,06037460101,1400000US06037460101,4601.01,Census Tract 4601.01,G5020,S,5682185,16289,+34.1920485,-118.1161844,06,037,460101,Census Tract 4601.01; Los Angeles County; California,5204,865,602,237,11.57,145,96,0,19,145,97.86214794290998,47.137852057090015,242.86214794291,0.6749113651235171,usable_with_caution,2.79,24.09,157167.0,73266.0,0.466166561682796,False,0,1,0,1,0,0,0.3853734439834025,0.25778008298755184,0.8599585062240664,0.3343360995850623,0.9122406639004149,0.9321576763485477,55.5,55.9,401,393,-8,False,False,outside_top_20
06,037,207400,06037207400,1400000US06037207400,2074,Census Tract 2074,G5020,S,862957,6458,+34.0562223,-118.2466420,06,037,207400,Census Tract 2074; Los Angeles County; California,2598,502,600,256,23.09,234,155,11,16,245,155.82361823549087,89.17638176450913,400.82361823549087,0.636014768308126,usable_with_caution,9.43,40.83,78482.0,29379.0,0.3743406131342218,False,9,39,14,50,5,11,0.549792531120332,0.6867219917012448,0.20228215767634855,0.6045643153526972,0.07033195020746888,0.10518672199170129,41.73,42.42,647,649,2,False,False,outside_top_20
06,037,192410,06037192410,1400000US06037192410,1924.10,Census Tract 1924.10,G5020,S,683899,0,+34.0798577,-118.3181008,06,037,192410,Census Tract 1924.10; Los Angeles County; California,4334,748,919,300,21.2,151,117,34,35,185,122.12288892750614,62.87711107249386,307.1228889275061,0.6601237239324657,usable_with_caution,4.27,20.13,131250.0,43407.0,0.33072,False,3,36,5,60,2,24,0.46213692946058094,0.4107883817427386,0.7572614107883817,0.44159751037344397,0.1587136929460581,0.14813278008298753,44.82,44.6,601,617,16,False,False,outside_top_20
06,037,195100,06037195100,1400000US06037195100,1951,Census Tract 1951,G5020,S,1566301,329063,+34.1022274,-118.2669741,06,037,195100,Census Tract 1951; Los Angeles County; California,4871,565,617,159,12.67,220,107,0,14,220,107.91200118615168,112.08799881384832,327.91200118615166,0.4905090963006894,more_reliable,4.52,35.66,168333.0,30944.0,0.1838261065863496,False,0,13,1,21,1,8,0.5119294605809128,0.4362033195020747,0.8973029045643154,0.48163900414937755,0.5932572614107885,0.5186721991701245,58.71,57.22,330,361,31,False,False,outside_top_20
06,037,195300,06037195300,1400000US06037195300,1953,Census Tract 1953,G5020,S,580349,0,+34.0992506,-118.2836893,06,037,195300,Census Tract 1953; Los Angeles County; California,2990,409,352,110,11.77,90,70,0,14,90,71.386273190299,18.613726809701006,161.386273190299,0.7931808132255443,usable_with_caution,3.01,25.57,95511.0,31656.0,0.3314382636554951,False,3,18,4,33,1,15,0.2204356846473029,0.2868257261410788,0.4149377593360996,0.2469917012448133,0.23558091286307054,0.24304979253112036,27.83,27.98,829,833,4,False,False,outside_top_20
06,037,195500,06037195500,1400000US06037195500,1955,Census Tract 1955,G5020,S,1215212,0,+34.0881865,-118.2646124,06,037,195500,Census Tract 1955; Los Angeles County; California,5111,744,890,403,17.41,211,169,68,64,279,180.71247881648904,98.28752118351096,459.712478816489,0.6477149778368783,usable_with_caution,5.46,31.35,123750.0,40479.0,0.3271030303030303,False,0,31,0,46,0,15,0.604253112033195,0.5067427385892116,0.7033195020746889,0.5652489626556016,0.42022821576763486,0.4460580912863071,56.39,56.9,376,370,-6,False,False,outside_top_20
06,037,195710,06037195710,1400000US06037195710,1957.10,Census Tract 1957.10,G5020,S,483410,0,+34.0747292,-118.2686024,06,037,195710,Census Tract 1957.10; Los Angeles County; California,3971,440,580,198,14.61,67,56,13,21,80,59.80802621722272,20.19197378277728,139.80802621722273,0.747600327715284,usable_with_caution,2.01,13.79,64069.0,13656.0,0.2131452028282008,False,1,39,1,60,0,21,0.18360995850622408,0.1607883817427386,0.0975103734439834,0.1744813278008299,0.2804979253112033,0.32759336099585057,18.03,18.97,927,921,-6,False,False,outside_top_20
06,037,195720,06037195720,1400000US06037195720,1957.20,Census Tract 1957.20,G5020,S,288980,0,+34.0737571,-118.2633774,06,037,195720,Census Tract 1957.20; Los Angeles County; California,1745,219,194,73,11.12,32,28,0,14,32,31.304951684997057,0.6950483150029427,63.30495168499706,0.978279740156158,usable_with_caution,1.83,16.49,75066.0,15091.0,0.2010364212826046,False,1,40,1,61,0,21,0.012448132780082987,0.1400414937759336,0.17116182572614108,0.06348547717842323,0.2758298755186722,0.3238589211618257,12.75,13.71,946,944,-2,False,False,outside_top_20
06,037,137504,06037137504,1400000US06037137504,1375.04,Census Tract 1375.04,G5020,S,3837562,0,+34.1480383,-118.5720594,06,037,137504,Census Tract 1375.04; Los Angeles County; California,1858,306,185,112,9.96,16,18,4,8,20,19.697715603592208,0.3022843964077921,39.69771560359221,0.9848857801796104,usable_with_caution,1.08,10.81,242188.0,45127.0,0.1863304540274497,False,0,6,0,7,0,1,0.001037344398340249,0.03475103734439834,0.9854771784232366,0.014522821576763486,0.8061203319502075,0.8524896265560167,36.7,37.63,721,709,-12,False,False,outside_top_20
06,037,139200,06037139200,1400000US06037139200,1392,Census Tract 1392,G5020,S,1152028,0,+34.1756961,-118.5246446,06,037,139200,Census Tract 1392; Los Angeles County; California,5616,693,321,214,5.72,48,51,26,45,74,68.01470429252781,5.98529570747219,142.01470429252782,0.9191176255747,usable_with_caution,1.32,23.05,97015.0,8801.0,0.0907179302169767,False,0,7,2,12,2,5,0.1628630705394191,0.06587136929460581,0.4346473029045643,0.12406639004149378,0.7737551867219918,0.6087136929460581,31.61,28.31,783,826,43,False,False,outside_top_20
06,037,201302,06037201302,1400000US06037201302,2013.02,Census Tract 2013.02,G5020,S,991726,0,+34.0978820,-118.1838819,06,037,201302,Census Tract 2013.02; Los Angeles County; California,4108,546,1569,422,38.19,159,88,95,108,254,139.31259813814398,114.68740186185602,393.312598138144,0.5484747958194645,usable_with_caution,6.18,16.19,122684.0,29932.0,0.2439763946398878,False,2,13,3,18,1,5,0.5684647302904564,0.553941908713693,0.696058091286307,0.562655601659751,0.4011410788381743,0.4531120331950207,55.7,56.74,397,374,-23,False,False,outside_top_20
06,037,201401,06037201401,1400000US06037201401,2014.01,Census Tract 2014.01,G5020,S,1279501,28686,+34.0782936,-118.1857852,06,037,201401,Census Tract 2014.01; Los Angeles County; California,4131,644,417,122,10.09,324,114,17,24,341,116.4989270336856,224.5010729663144,457.4989270336856,0.3416390822102216,more_reliable,8.25,81.77,54100.0,11438.0,0.2114232902033271,False,1,15,1,16,0,1,0.6680497925311203,0.6535269709543569,0.06224066390041494,0.6622406639004149,0.42676348547717846,0.600207468879668,49.51,52.98,520,463,-57,False,False,outside_top_20
06,037,201402,06037201402,1400000US06037201402,2014.02,Census Tract 2014.02,G5020,S,1941232,0,+34.0689106,-118.1877681,06,037,201402,Census Tract 2014.02; Los Angeles County; California,4143,698,605,155,14.6,396,137,0,14,396,137.71347065556077,258.28652934443926,533.7134706555607,0.3477612895342443,more_reliable,9.56,65.45,93021.0,34042.0,0.3659603745390826,False,0,18,0,22,0,4,0.7059128630705395,0.691908713692946,0.38589211618257263,0.700311203319502,0.47997925311203327,0.5923236514522822,59.34,61.58,318,268,-50,False,False,outside_top_20
06,037,409100,06037409100,1400000US06037409100,4091,Census Tract 4091,G5020,S,1557420,0,+34.0091681,-117.9626924,06,037,409100,Census Tract 4091; Los Angeles County; California,5449,629,1628,398,29.88,1067,381,128,120,1195,399.4508730745246,795.5491269254753,1594.450873074525,0.334268513033075,more_reliable,21.93,73.4,98542.0,14160.0,0.1436950741815672,False,3,12,4,18,1,6,0.8936721991701245,0.8568464730290456,0.4512448132780083,0.8789419087136929,0.3787344398340249,0.41576763485477175,69.34,70.08,141,133,-8,False,False,outside_top_20
06,037,206051,06037206051,1400000US06037206051,2060.51,Census Tract 2060.51,G5020,S,3681803,48976,+34.0272770,-118.2328862,06,037,206051,Census Tract 2060.51; Los Angeles County; California,1751,401,269,149,15.36,108,87,12,18,120,88.84255736976509,31.15744263023491,208.84255736976507,0.7403546447480424,usable_with_caution,6.85,44.61,161667.0,57535.0,0.3558858641528574,False,1,36,2,43,1,7,0.3184647302904564,0.5954356846473029,0.8775933609958506,0.42925311203319505,0.2910788381742739,0.2950207468879668,49.13,49.21,530,529,-1,False,False,outside_top_20
06,037,275604,06037275604,1400000US06037275604,2756.04,Census Tract 2756.04,G5020,S,1550434,0,+33.9757930,-118.4154909,06,037,275604,Census Tract 2756.04; Los Angeles County; California,9869,1161,1826,485,18.5,63,87,217,215,280,231.93533581582605,48.06466418417395,511.9353358158261,0.8283404850565216,usable_with_caution,2.84,15.33,164651.0,27241.0,0.1654469149898877,False,1,11,1,15,0,4,0.6058091286307054,0.266597510373444,0.8900414937759336,0.4701244813278008,0.5394190871369294,0.6188796680497926,56.8,58.39,370,343,-27,False,False,outside_top_20
06,037,530007,06037530007,1400000US06037530007,5300.07,Census Tract 5300.07,G5020,S,4850739,5565,+34.0255882,-118.0902015,06,037,530007,Census Tract 5300.07; Los Angeles County; California,6369,671,1583,456,24.85,563,254,0,19,563,254.70963860835732,308.29036139164265,817.7096386083574,0.4524149886471711,more_reliable,8.84,35.57,86532.0,11812.0,0.1365044145518421,False,2,15,2,21,0,6,0.7780082987551867,0.6706431535269709,0.3008298755186722,0.7350622406639005,0.3466804979253112,0.45248962655601666,57.05,59.17,366,322,-44,False,False,outside_top_20
06,037,271804,06037271804,1400000US06037271804,2718.04,Census Tract 2718.04,G5020,S,348810,0,+34.0201691,-118.4138661,06,037,271804,Census Tract 2718.04; Los Angeles County; California,2402,306,389,200,16.19,148,134,0,14,148,134.72935834479432,13.27064165520568,282.7293583447943,0.9103335023296912,usable_with_caution,6.16,38.05,121827.0,50748.0,0.4165579058829323,False,2,20,3,28,1,8,0.391597510373444,0.5508298755186722,0.6856846473029046,0.4552904564315353,0.2676348547717843,0.31307053941908713,46.38,47.29,578,569,-9,False,False,outside_top_20
06,037,276608,06037276608,1400000US06037276608,2766.08,Census Tract 2766.08,G5020,S,360279,0,+33.9577155,-118.4293504,06,037,276608,Census Tract 2766.08; Los Angeles County; California,1819,334,322,214,17.7,32,37,24,13,56,39.21734310225516,16.782656897744843,95.21734310225516,0.7003096982545564,usable_with_caution,3.08,17.39,92206.0,37303.0,0.4045615252803505,False,0,10,0,12,0,2,0.08973029045643154,0.2920124481327801,0.3775933609958506,0.17064315352697096,0.6810165975103735,0.7622406639004149,31.41,33.04,789,771,-18,False,False,outside_top_20
06,037,550502,06037550502,1400000US06037550502,5505.02,Census Tract 5505.02,G5020,S,1748455,28328,+33.9485103,-118.1075693,06,037,550502,Census Tract 5505.02; Los Angeles County; California,4226,526,553,296,13.09,159,139,0,14,159,139.70325694127536,19.296743058724644,298.70325694127536,0.8786368361086501,usable_with_caution,3.76,28.75,136349.0,36959.0,0.2710617606289742,False,1,7,1,10,0,3,0.41234439834024894,0.3578838174273859,0.7863070539419087,0.39056016597510373,0.6617219917012449,0.7131742738589211,52.39,53.42,471,454,-17,False,False,outside_top_20
06,037,408707,06037408707,1400000US06037408707,4087.07,Census Tract 4087.07,G5020,S,4950382,1898,+33.9842243,-117.8573528,06,037,408707,Census Tract 4087.07; Los Angeles County; California,6839,775,5200,847,76.03,2651,713,881,725,3532,1016.8549552418968,2515.1450447581037,4548.854955241897,0.2878977789473094,more_reliable,51.64,67.92,134400.0,25541.0,0.1900372023809523,False,0,14,3,34,3,20,0.9989626556016598,0.979253112033195,0.7728215767634855,0.9910788381742739,0.5649377593360996,0.2741701244813278,86.22,80.4,14,35,21,True,False,drops_from_top_20
06,037,275605,06037275605,1400000US06037275605,2756.05,Census Tract 2756.05,G5020,S,970244,70158,+33.9775186,-118.4205947,06,037,275605,Census Tract 2756.05; Los Angeles County; California,2915,382,625,232,21.44,231,167,0,14,231,167.5857989210303,63.41420107896971,398.5857989210303,0.7254796490087891,usable_with_caution,7.92,36.96,119783.0,14525.0,0.1212609468789394,False,1,11,1,15,0,4,0.5269709543568465,0.6426348547717843,0.6607883817427386,0.5732365145228215,0.5394190871369294,0.6188796680497926,58.4,59.99,338,301,-37,False,False,outside_top_20
06,037,276101,06037276101,1400000US06037276101,2761.01,Census Tract 2761.01,G5020,S,326325,0,+33.9753456,-118.3783735,06,037,276101,Census Tract 2761.01; Los Angeles County; California,3441,588,688,334,19.99,178,136,27,44,205,142.9405470816451,62.05945291835491,347.9405470816451,0.6972709613738785,usable_with_caution,5.96,29.8,113786.0,5162.0,0.045365862232612,False,1,13,1,18,0,5,0.49066390041493774,0.5383817427385892,0.6078838174273858,0.5097510373443983,0.48122406639004156,0.5697095435684647,52.37,54.14,472,432,-40,False,False,outside_top_20
06,037,139301,06037139301,1400000US06037139301,1393.01,Census Tract 1393.01,G5020,S,2865657,0,+34.1781538,-118.5581265,06,037,139301,Census Tract 1393.01; Los Angeles County; California,4067,751,269,127,6.61,54,38,6,10,60,39.293765408777,20.706234591223,99.293765408777,0.6548960901462834,usable_with_caution,1.48,22.3,165515.0,34984.0,0.2113645288946621,False,4,10,4,15,0,5,0.10995850622406639,0.08869294605809129,0.8931535269709544,0.10145228215767635,0.40674273858921156,0.4649377593360996,32.09,33.25,776,768,-8,False,False,outside_top_20
06,037,139801,06037139801,1400000US06037139801,1398.01,Census Tract 1398.01,G5020,S,3666763,0,+34.1527171,-118.5455833,06,037,139801,Census Tract 1398.01; Los Angeles County; California,3631,581,385,247,10.6,163,101,9,15,172,102.1077861869505,69.8922138130495,274.10778618695053,0.5936499196915727,usable_with_caution,4.74,44.68,232434.0,15994.0,0.0688109312751146,False,0,6,0,9,0,3,0.4346473029045643,0.45954356846473027,0.979253112033195,0.44460580912863074,0.8061203319502075,0.8191908713692946,62.38,62.65,256,245,-11,False,False,outside_top_20
06,037,181000,06037181000,1400000US06037181000,1810,Census Tract 1810,G5020,S,4108343,30513,+34.1452670,-118.2043861,06,037,181000,Census Tract 1810; Los Angeles County; California,5831,821,1320,268,22.64,305,203,0,19,305,203.8872237291979,101.1127762708021,508.8872237291979,0.6684827007514685,usable_with_caution,5.23,23.11,151875.0,46661.0,0.3072329218106996,False,1,7,2,10,1,3,0.6296680497925311,0.49118257261410786,0.8423236514522822,0.5742738589211618,0.6617219917012449,0.6469917012448132,64.54,64.24,223,214,-9,False,False,outside_top_20
06,037,181500,06037181500,1400000US06037181500,1815,Census Tract 1815,G5020,S,1094349,0,+34.1347811,-118.1928518,06,037,181500,Census Tract 1815; Los Angeles County; California,3846,524,831,300,21.61,111,107,15,24,126,109.65856099730654,16.341439002693463,235.65856099730652,0.870306039661163,usable_with_caution,3.28,15.16,127847.0,29846.0,0.23345092180497,False,0,8,1,12,1,4,0.33402489626556015,0.31431535269709543,0.733402489626556,0.3261410788381742,0.7441908713692946,0.674896265560166,49.12,47.73,531,559,28,False,False,outside_top_20
06,037,181600,06037181600,1400000US06037181600,1816,Census Tract 1816,G5020,S,1250035,0,+34.1297233,-118.2097405,06,037,181600,Census Tract 1816; Los Angeles County; California,4251,425,1025,291,24.11,246,123,0,14,246,123.79418403139948,122.20581596860052,369.7941840313995,0.5032283903715425,usable_with_caution,5.79,24.0,94091.0,54095.0,0.5749221498336716,False,1,7,2,12,1,5,0.5523858921161826,0.5285269709543569,0.40145228215767637,0.5428423236514524,0.6617219917012449,0.6087136929460581,53.83,52.77,441,466,25,False,False,outside_top_20
06,037,183101,06037183101,1400000US06037183101,1831.01,Census Tract 1831.01,G5020,S,967955,0,+34.1225069,-118.1817872,06,037,183101,Census Tract 1831.01; Los Angeles County; California,3247,360,441,183,13.58,89,77,16,26,105,81.27115109311545,23.72884890688455,186.27115109311544,0.7740109627915757,usable_with_caution,3.23,23.81,120521.0,49814.0,0.413322159623634,False,2,8,2,11,0,3,0.27022821576763484,0.31068464730290457,0.6701244813278008,0.2864107883817427,0.5520746887966805,0.6276970954356846,41.63,43.14,648,636,-12,False,False,outside_top_20
06,037,920339,06037920339,1400000US06037920339,9203.39,Census Tract 9203.39,G5020,S,33931849,203805,+34.4151337,-118.6125780,06,037,920339,Census Tract 9203.39; Los Angeles County; California,10017,1349,3633,1010,36.27,740,650,0,21,740,650.3391422942341,89.66085770576592,1390.339142294234,0.878836678775992,usable_with_caution,7.39,20.37,164079.0,35540.0,0.2166029778338483,False,0,0,0,0,0,0,0.8143153526970954,0.6213692946058091,0.8869294605809128,0.737136929460581,0.929045643153527,0.9436721991701245,80.55,80.84,36,31,-5,False,False,outside_top_20
06,037,482521,06037482521,1400000US06037482521,4825.21,Census Tract 4825.21,G5020,S,1545510,685,+34.0502444,-118.1001251,06,037,482521,Census Tract 4825.21; Los Angeles County; California,5261,725,3089,673,58.72,1940,608,7,12,1947,608.118409522356,1338.8815904776438,2555.118409522356,0.3123361117218058,more_reliable,37.01,63.03,79464.0,7148.0,0.0899526829759388,False,2,42,4,78,2,36,0.9574688796680498,0.9190871369294605,0.21369294605809128,0.9421161825726141,0.18516597510373445,0.12665975103734442,64.5,63.33,224,234,10,False,False,outside_top_20
06,037,183220,06037183220,1400000US06037183220,1832.20,Census Tract 1832.20,G5020,S,535234,0,+34.1199723,-118.1892861,06,037,183220,Census Tract 1832.20; Los Angeles County; California,2956,338,698,327,23.61,139,122,0,14,139,122.80065146407,16.199348535929985,261.80065146407003,0.8834579242019426,usable_with_caution,4.7,19.91,136854.0,12706.0,0.0928434682216084,False,3,10,4,13,1,3,0.3677385892116183,0.4553941908713693,0.7904564315352697,0.4028008298755187,0.43661825726141074,0.5032157676348548,48.71,50.04,536,512,-24,False,False,outside_top_20
06,037,183300,06037183300,1400000US06037183300,1833,Census Tract 1833,G5020,S,541305,0,+34.1210001,-118.2008163,06,037,183300,Census Tract 1833; Los Angeles County; California,2812,417,413,228,14.69,74,60,0,14,74,61.61168720299745,12.388312797002548,135.61168720299744,0.8325903676080737,usable_with_caution,2.63,17.92,97361.0,26839.0,0.2756647939113197,False,1,10,2,14,1,4,0.1628630705394191,0.24221991701244813,0.44190871369294604,0.1946058091286307,0.5689834024896265,0.5729253112033195,31.89,31.97,779,782,3,False,False,outside_top_20
06,037,183610,06037183610,1400000US06037183610,1836.10,Census Tract 1836.10,G5020,S,378643,0,+34.1140024,-118.1948974,06,037,183610,Census Tract 1836.10; Los Angeles County; California,2694,293,241,83,8.95,81,46,0,14,81,48.08326112068523,32.91673887931477,129.08326112068522,0.5936205076627806,usable_with_caution,3.01,33.61,80688.0,17325.0,0.2147159428911362,False,3,11,4,14,1,3,0.18931535269709543,0.2868257261410788,0.23029045643153526,0.22831950207468876,0.4070539419087137,0.48516597510373444,26.45,28.01,855,831,-24,False,False,outside_top_20
06,037,192300,06037192300,1400000US06037192300,1923,Census Tract 1923,G5020,S,879493,0,+34.0797430,-118.3284923,06,037,192300,Census Tract 1923; Los Angeles County; California,2606,437,386,191,14.81,36,36,40,39,76,53.0754180388624,22.924581961137605,129.07541803886238,0.698360763669242,usable_with_caution,2.92,19.69,83219.0,22847.0,0.2745406697989642,False,1,34,2,59,1,25,0.17271784232365145,0.27230290456431533,0.26141078838174275,0.212551867219917,0.3004149377593361,0.2635892116182573,23.99,23.25,882,888,6,False,False,outside_top_20
06,037,195400,06037195400,1400000US06037195400,1954,Census Tract 1954,G5020,S,1030345,0,+34.0916923,-118.2740531,06,037,195400,Census Tract 1954; Los Angeles County; California,4306,574,311,133,7.22,61,56,17,27,78,62.16912416947821,15.83087583052179,140.1691241694782,0.7970400534548489,usable_with_caution,1.81,25.08,132500.0,49013.0,0.3699094339622641,False,1,28,2,42,1,14,0.17686721991701246,0.137448132780083,0.7655601659751037,0.16109958506224067,0.3175311203319502,0.29595435684647303,31.33,30.9,790,794,4,False,False,outside_top_20
06,037,185202,06037185202,1400000US06037185202,1852.02,Census Tract 1852.02,G5020,S,1205737,0,+34.0950599,-118.2170631,06,037,185202,Census Tract 1852.02; Los Angeles County; California,4198,883,290,116,6.91,62,43,0,14,62,45.22167621838005,16.778323781619946,107.22167621838004,0.7293818744900009,usable_with_caution,1.48,21.38,134875.0,28701.0,0.2127970342910101,False,1,13,1,17,0,4,0.11670124481327801,0.08869294605809129,0.774896265560166,0.10549792531120333,0.48122406639004156,0.5858921161825725,31.45,33.55,788,765,-23,False,False,outside_top_20
06,037,185310,06037185310,1400000US06037185310,1853.10,Census Tract 1853.10,G5020,S,421083,0,+34.0922029,-118.2226256,06,037,185310,Census Tract 1853.10; Los Angeles County; California,2908,480,220,184,7.57,71,46,0,14,71,48.08326112068523,22.91673887931477,119.08326112068522,0.6772290298688061,usable_with_caution,2.44,32.27,93958.0,23112.0,0.2459822473871304,False,1,13,1,18,0,5,0.14782157676348548,0.2095435684647303,0.4004149377593361,0.1725103734439834,0.48122406639004156,0.5697095435684647,27.98,29.75,825,808,-17,False,False,outside_top_20
06,037,405101,06037405101,1400000US06037405101,4051.01,Census Tract 4051.01,G5020,S,1121229,0,+34.0958307,-117.9616912,06,037,405101,Census Tract 4051.01; Los Angeles County; California,5403,932,1538,751,28.47,691,292,110,177,801,341.45717154571525,459.5428284542848,1142.4571715457153,0.4262886036775471,more_reliable,14.83,52.08,89457.0,18791.0,0.2100562281319516,False,1,6,1,10,0,4,0.8283195020746889,0.7894190871369294,0.3392116182572614,0.8127593360995851,0.6940871369294606,0.7131742738589211,69.43,69.81,139,134,-5,False,False,outside_top_20
06,037,185320,06037185320,1400000US06037185320,1853.20,Census Tract 1853.20,G5020,S,556162,0,+34.0886826,-118.2248083,06,037,185320,Census Tract 1853.20; Los Angeles County; California,2692,444,181,86,6.72,48,41,0,14,48,43.32435804486894,4.675641955131063,91.32435804486894,0.9025907926014362,usable_with_caution,1.78,26.52,61618.0,11402.0,0.1850433314940439,False,1,14,1,19,0,5,0.05549792531120332,0.133298755186722,0.08609958506224066,0.08661825726141079,0.45290456431535264,0.549792531120332,15.98,17.91,933,927,-6,False,False,outside_top_20
06,037,481603,06037481603,1400000US06037481603,4816.03,Census Tract 4816.03,G5020,S,655706,0,+34.0841555,-118.1201868,06,037,481603,Census Tract 4816.03; Los Angeles County; California,3711,412,2580,541,69.52,2179,486,0,14,2179,486.2016042754281,1692.798395724572,2665.201604275428,0.2231306123338357,more_reliable,58.72,84.46,93375.0,21830.0,0.2337884872824631,False,9,46,19,90,10,44,0.966804979253112,0.9927385892116183,0.3900414937759336,0.9771784232365145,0.03703319502074687,0.014937759336099577,67.17,66.73,173,178,5,False,False,outside_top_20
06,037,481001,06037481001,1400000US06037481001,4810.01,Census Tract 4810.01,G5020,S,1049648,0,+34.0876622,-118.1302887,06,037,481001,Census Tract 4810.01; Los Angeles County; California,4282,702,2345,534,54.76,1464,388,50,58,1514,392.3111010409978,1121.6888989590022,1906.3111010409975,0.2591222596043578,more_reliable,35.36,64.56,74018.0,10741.0,0.1451133508065605,False,9,42,17,84,8,42,0.9284232365145229,0.9107883817427386,0.1628630705394191,0.9213692946058092,0.055082987551867205,0.026867219917012464,59.64,59.08,311,325,14,False,False,outside_top_20
06,037,800410,06037800410,1400000US06037800410,8004.10,Census Tract 8004.10,G5020,S,37073474,1363468,+34.0618547,-118.7415768,06,037,800410,Census Tract 8004.10; Los Angeles County; California,3815,193,726,170,19.03,284,129,37,43,321,135.9779393872403,185.0220606127597,456.9779393872403,0.4236072878107174,more_reliable,8.41,44.21,189028.0,37661.0,0.1992350339632223,False,0,0,0,0,0,0,0.6467842323651453,0.6576763485477178,0.9367219917012448,0.6511410788381743,0.929045643153527,0.9436721991701245,76.38,76.68,71,62,-9,False,False,outside_top_20
06,037,186401,06037186401,1400000US06037186401,1864.01,Census Tract 1864.01,G5020,S,963513,0,+34.1174905,-118.2455175,06,037,186401,Census Tract 1864.01; Los Angeles County; California,2555,433,442,120,17.3,225,98,0,14,225,98.99494936611666,126.00505063388334,323.99494936611666,0.4399775527382962,more_reliable,8.81,50.9,57011.0,9484.0,0.1663538615354931,False,0,7,1,14,1,7,0.5202282157676349,0.6680497925311203,0.07261410788381743,0.579356846473029,0.7737551867219918,0.6391078838174273,51.69,49.0,477,534,57,False,False,outside_top_20
06,037,197200,06037197200,1400000US06037197200,1972,Census Tract 1972,G5020,S,744116,32985,+34.0907632,-118.2343586,06,037,197200,Census Tract 1972; Los Angeles County; California,3505,480,1518,446,43.31,419,205,6,9,425,205.19746587129188,219.8025341287081,630.1974658712919,0.4828175667559809,more_reliable,12.13,28.0,100392.0,23202.0,0.2311140329906765,False,1,14,1,20,0,6,0.7235477178423236,0.7489626556016598,0.4699170124481328,0.733713692946058,0.45290456431535264,0.5320539419087137,62.48,64.06,253,218,-35,False,False,outside_top_20
06,037,197410,06037197410,1400000US06037197410,1974.10,Census Tract 1974.10,G5020,S,1393312,0,+34.0929146,-118.2504370,06,037,197410,Census Tract 1974.10; Los Angeles County; California,4014,564,476,211,11.86,159,111,18,28,177,114.47707194019246,62.52292805980754,291.47707194019245,0.6467631183061721,usable_with_caution,4.41,37.18,103385.0,14198.0,0.1373313343328336,False,0,17,1,23,1,6,0.44761410788381745,0.42012448132780084,0.5103734439834025,0.4366182572614108,0.49553941908713695,0.4884854771784232,46.32,46.17,581,586,5,False,False,outside_top_20
06,037,197420,06037197420,1400000US06037197420,1974.20,Census Tract 1974.20,G5020,S,615577,0,+34.0832000,-118.2571856,06,037,197420,Census Tract 1974.20; Los Angeles County; California,3445,414,351,166,10.19,101,107,19,30,120,111.1260545506768,8.873945449323188,231.12605455067683,0.9260504545889734,usable_with_caution,3.48,34.19,99375.0,25596.0,0.2575698113207547,False,0,32,0,46,0,14,0.3184647302904564,0.3309128630705394,0.45695020746887965,0.3234439834024896,0.4161825726141079,0.4460580912863071,36.87,37.47,717,711,-6,False,False,outside_top_20
06,037,197500,06037197500,1400000US06037197500,1975,Census Tract 1975,G5020,S,581662,58811,+34.0717475,-118.2577066,06,037,197500,Census Tract 1975; Los Angeles County; California,3790,460,400,180,10.55,159,141,0,14,159,141.69333082400175,17.306669175998252,300.69333082400175,0.8911530240503255,usable_with_caution,4.2,39.75,81914.0,15332.0,0.1871719120052738,False,0,40,0,56,0,16,0.41234439834024894,0.4019709543568465,0.2437759336099585,0.40819502074688796,0.38786307053941915,0.42551867219917017,37.12,37.88,711,705,-6,False,False,outside_top_20
06,037,197600,06037197600,1400000US06037197600,1976,Census Tract 1976,G5020,S,388305,0,+34.0683314,-118.2519864,06,037,197600,Census Tract 1976; Los Angeles County; California,2352,483,232,127,9.86,65,70,18,22,83,73.37574531137656,9.624254688623438,156.37574531137656,0.8840451242334526,usable_with_caution,3.53,35.78,78591.0,27531.0,0.350307287093942,False,3,39,4,52,1,13,0.1950207468879668,0.3355809128630705,0.2053941908713693,0.2512448132780083,0.14813278008298755,0.19076763485477177,22.15,23.0,901,890,-11,False,False,outside_top_20
06,037,197700,06037197700,1400000US06037197700,1977,Census Tract 1977,G5020,S,701770,0,+34.0685435,-118.2457754,06,037,197700,Census Tract 1977; Los Angeles County; California,4690,527,1819,475,38.78,894,406,10,19,904,406.4443381325418,497.5556618674582,1310.4443381325418,0.4496065687306878,more_reliable,19.28,49.7,62965.0,17921.0,0.2846184388152148,False,3,35,5,48,2,13,0.8578838174273858,0.8298755186721992,0.0912863070539419,0.8466804979253112,0.16338174273858921,0.17334024896265565,55.89,56.09,390,388,-2,False,False,outside_top_20
06,037,199110,06037199110,1400000US06037199110,1991.10,Census Tract 1991.10,G5020,S,901969,0,+34.0793607,-118.1974043,06,037,199110,Census Tract 1991.10; Los Angeles County; California,2335,580,204,120,8.74,55,44,3,5,58,44.28317965096906,13.71682034903094,102.28317965096906,0.763503097430501,usable_with_caution,2.48,28.43,83333.0,24055.0,0.2886611546446185,False,0,17,0,20,0,3,0.10321576763485477,0.21369294605809128,0.262448132780083,0.14740663900414938,0.49553941908713695,0.6193983402489627,24.0,26.48,881,857,-24,False,False,outside_top_20
06,037,187102,06037187102,1400000US06037187102,1871.02,Census Tract 1871.02,G5020,S,1954146,236563,+34.1090483,-118.2514556,06,037,187102,Census Tract 1871.02; Los Angeles County; California,4615,875,1232,587,26.7,179,119,7,12,186,119.60351165413162,66.39648834586838,305.60351165413164,0.6430296325490947,usable_with_caution,4.03,15.1,91944.0,33819.0,0.3678217175672148,False,0,11,1,18,1,7,0.46473029045643155,0.3848547717842324,0.37344398340248963,0.4327800829875519,0.6514522821576764,0.5697095435684647,46.46,44.83,576,612,36,False,False,outside_top_20
06,037,187200,06037187200,1400000US06037187200,1872,Census Tract 1872,G5020,S,918311,33035,+34.1054563,-118.2468522,06,037,187200,Census Tract 1872; Los Angeles County; California,2872,549,536,173,18.66,52,41,0,14,52,43.32435804486894,8.675641955131063,95.32435804486894,0.8331607316320949,usable_with_caution,1.81,9.7,96912.0,6316.0,0.0651725276539541,False,0,12,1,18,1,6,0.07105809128630705,0.137448132780083,0.4315352697095436,0.09761410788381743,0.6231327800829876,0.5697095435684647,26.95,25.88,847,865,18,False,False,outside_top_20
06,037,187300,06037187300,1400000US06037187300,1873,Census Tract 1873,G5020,S,1168844,0,+34.1016126,-118.2567240,06,037,187300,Census Tract 1873; Los Angeles County; California,3681,477,526,131,14.29,183,123,0,14,183,123.79418403139948,59.20581596860053,306.7941840313995,0.6764709509912539,usable_with_caution,4.97,34.79,126528.0,36825.0,0.2910422989377845,False,0,8,1,15,1,7,0.45695020746887965,0.4730290456431535,0.7219917012448133,0.4633817427385892,0.7441908713692946,0.6188796680497926,57.13,54.62,364,419,55,False,False,outside_top_20
06,037,670702,06037670702,1400000US06037670702,6707.02,Census Tract 6707.02,G5020,S,6698210,94012,+33.7548021,-118.3294037,06,037,670702,Census Tract 6707.02; Los Angeles County; California,5770,1090,1220,381,21.14,630,347,0,19,630,347.51978360950903,282.48021639049097,977.519783609509,0.5516187041420778,usable_with_caution,10.92,51.64,203409.0,32918.0,0.1618315807068517,False,0,3,0,4,0,1,0.7956431535269709,0.7219917012448133,0.9595435684647303,0.7661825726141078,0.8733402489626556,0.8935684647302904,82.63,83.03,22,20,-2,False,True,enters_top_20
06,037,670201,06037670201,1400000US06037670201,6702.01,Census Tract 6702.01,G5020,S,4873145,8019,+33.7791915,-118.3368440,06,037,670201,Census Tract 6702.01; Los Angeles County; California,3994,615,618,170,15.47,105,92,0,14,105,93.05912099305472,11.940879006945266,198.05912099305476,0.8862773427909975,usable_with_caution,2.63,16.99,166806.0,34843.0,0.2088833734997542,False,0,6,0,10,0,4,0.27022821576763484,0.24221991701244813,0.8952282157676349,0.25902489626556013,0.8061203319502075,0.8005186721991702,49.57,49.46,517,523,6,False,False,outside_top_20
06,037,703003,06037703003,1400000US06037703003,7030.03,Census Tract 7030.03,G5020,S,2015004,5792,+33.9857371,-118.3881332,06,037,703003,Census Tract 7030.03; Los Angeles County; California,6047,669,1106,374,18.29,80,61,13,22,93,64.8459713474939,28.1540286525061,157.8459713474939,0.6972685091128377,usable_with_caution,1.54,8.41,98912.0,7649.0,0.0773313652539631,False,2,10,3,15,1,5,0.23236514522821577,0.09595435684647304,0.45435684647302904,0.17780082987551868,0.48890041493775926,0.5022821576763485,29.53,29.8,809,807,-2,False,False,outside_top_20
06,037,920326,06037920326,1400000US06037920326,9203.26,Census Tract 9203.26,G5020,S,73345319,5135,+34.3510453,-118.5978803,06,037,920326,Census Tract 9203.26; Los Angeles County; California,6971,746,1666,546,23.9,219,194,51,58,270,202.48456731316588,67.51543268683412,472.4845673131659,0.7499428419006143,usable_with_caution,3.87,16.21,133417.0,35630.0,0.2670574214680288,False,0,0,0,0,0,0,0.5892116182572614,0.36721991701244816,0.7676348547717843,0.5004149377593361,0.929045643153527,0.9436721991701245,63.96,64.25,232,213,-19,False,False,outside_top_20
06,037,573202,06037573202,1400000US06037573202,5732.02,Census Tract 5732.02,G5020,S,649039,0,+33.7934864,-118.1850191,06,037,573202,Census Tract 5732.02; Los Angeles County; California,6426,1046,1627,908,25.32,329,310,0,19,329,310.5817122755298,18.41828772447019,639.5817122755298,0.9440173625396044,usable_with_caution,5.12,20.22,89613.0,17848.0,0.1991675314965462,False,0,2,0,2,0,0,0.6576763485477178,0.483402489626556,0.34232365145228216,0.5879668049792531,0.8926348547717843,0.9193983402489627,59.98,60.51,303,295,-8,False,False,outside_top_20
06,037,460001,06037460001,1400000US06037460001,4600.01,Census Tract 4600.01,G5020,S,5192022,6765,+34.1784093,-118.0870401,06,037,460001,Census Tract 4600.01; Los Angeles County; California,1790,422,315,119,17.6,171,97,51,68,222,118.46096403457132,103.53903596542868,340.4609640345713,0.5336079461016726,usable_with_caution,12.4,70.48,230714.0,65168.0,0.2824622693031199,False,0,1,0,1,0,0,0.5155601659751037,0.75,0.9782157676348547,0.6093360995850623,0.9122406639004149,0.9321576763485477,74.37,74.77,86,81,-5,False,False,outside_top_20
06,037,554511,06037554511,1400000US06037554511,5545.11,Census Tract 5545.11,G5020,S,2331683,36957,+33.8797293,-118.0389061,06,037,554511,Census Tract 5545.11; Los Angeles County; California,3620,636,2409,233,66.55,511,214,32,32,543,216.3792966066763,326.6207033933237,759.3792966066762,0.3984885757029029,more_reliable,15.0,22.54,146250.0,37895.0,0.2591111111111111,False,0,6,0,11,0,5,0.7691908713692946,0.7914937759336099,0.8215767634854771,0.7781120331950208,0.8061203319502075,0.7812240663900415,79.24,78.74,45,41,-4,False,False,outside_top_20
06,037,408503,06037408503,1400000US06037408503,4085.03,Census Tract 4085.03,G5020,S,4201562,1764,+33.9831570,-117.9826865,06,037,408503,Census Tract 4085.03; Los Angeles County; California,6604,983,2804,590,42.46,1633,657,310,170,1943,678.6376057956116,1264.3623942043882,2621.637605795612,0.3492730858443704,more_reliable,29.42,69.29,145921.0,33971.0,0.2328040515073224,False,0,7,0,8,0,1,0.9553941908713693,0.8900414937759336,0.8195020746887967,0.929253112033195,0.7737551867219918,0.8359958506224067,87.62,88.87,8,3,-5,True,True,stable_top_20
06,037,403328,06037403328,1400000US06037403328,4033.28,Census Tract 4033.28,G5020,S,2789732,0,+33.9933332,-117.8369740,06,037,403328,Census Tract 4033.28; Los Angeles County; California,5347,493,3515,537,65.74,2126,513,212,139,2338,531.4978833447975,1806.5021166552024,2869.4978833447976,0.2273301468540622,more_reliable,43.73,66.51,100521.0,24899.0,0.2476994856796092,False,0,8,2,20,2,12,0.9761410788381742,0.950207468879668,0.47406639004149376,0.9657676348547717,0.7441908713692946,0.4658713692946058,82.31,76.74,26,60,34,False,False,outside_top_20
06,037,113423,06037113423,1400000US06037113423,1134.23,Census Tract 1134.23,G5020,S,710674,0,+34.2242425,-118.5666812,06,037,113423,Census Tract 1134.23; Los Angeles County; California,2739,706,280,113,10.22,100,70,0,14,100,71.386273190299,28.613726809701006,171.386273190299,0.71386273190299,usable_with_caution,3.65,35.71,113507.0,20808.0,0.1833190904525712,False,0,8,1,13,1,5,0.2551867219917012,0.3454356846473029,0.6047717842323651,0.2912863070539419,0.7441908713692946,0.6571576763485477,44.46,42.72,608,645,37,False,False,outside_top_20
06,037,408213,06037408213,1400000US06037408213,4082.13,Census Tract 4082.13,G5020,S,1548582,0,+33.9915986,-117.8987220,06,037,408213,Census Tract 4082.13; Los Angeles County; California,5469,693,3054,426,55.84,1887,411,305,248,2192,480.02604096027954,1711.9739590397205,2672.02604096028,0.2189899821899085,more_reliable,40.08,71.77,78574.0,8835.0,0.1124417746328302,False,7,15,18,34,11,19,0.9678423236514523,0.9367219917012448,0.20435684647302904,0.9553941908713692,0.22821576763485477,0.13848547717842327,65.98,64.18,189,215,26,False,False,outside_top_20
06,037,213401,06037213401,1400000US06037213401,2134.01,Census Tract 2134.01,G5020,S,196100,0,+34.0537069,-118.2879026,06,037,213401,Census Tract 2134.01; Los Angeles County; California,4457,581,886,213,19.88,91,86,0,14,91,87.13208364316786,3.86791635683214,178.13208364316785,0.9574954246501962,usable_with_caution,2.04,10.27,60590.0,16669.0,0.2751114045221984,False,14,50,18,70,4,20,0.2245850622406639,0.1628630705394191,0.08298755186721991,0.199896265560166,0.004253112033195006,0.040456431535269746,13.74,14.46,941,942,1,False,False,outside_top_20
06,037,214800,06037214800,1400000US06037214800,2148,Census Tract 2148,G5020,S,577069,0,+34.0713889,-118.3730522,06,037,214800,Census Tract 2148; Los Angeles County; California,2985,406,287,165,9.61,22,26,50,61,72,66.30987860040162,5.690121399598382,138.30987860040162,0.9209705361166892,usable_with_caution,2.41,25.09,96513.0,22775.0,0.2359785728347476,False,1,11,5,22,4,11,0.15197095435684646,0.20643153526970953,0.42738589211618255,0.1737551867219917,0.5394190871369294,0.32551867219917013,29.76,25.48,805,871,66,False,False,outside_top_20
06,037,216100,06037216100,1400000US06037216100,2161,Census Tract 2161,G5020,S,675030,0,+34.0569255,-118.3379721,06,037,216100,Census Tract 2161; Los Angeles County; California,2179,369,510,121,23.41,54,53,10,17,64,55.65968020030299,8.340319799697014,119.659680200303,0.8696825031297342,usable_with_caution,2.94,12.55,168531.0,16085.0,0.0954423815203137,False,2,28,3,51,1,23,0.1229253112033195,0.27800829875518673,0.8983402489626556,0.1849585062240664,0.237448132780083,0.229356846473029,33.81,33.65,761,761,0,False,False,outside_top_20
06,037,216700,06037216700,1400000US06037216700,2167,Census Tract 2167,G5020,S,777948,0,+34.0482451,-118.3719490,06,037,216700,Census Tract 2167; Los Angeles County; California,3519,582,347,151,9.86,83,74,0,14,83,75.31268153505093,7.687318464949072,158.31268153505093,0.9073817052415776,usable_with_caution,2.36,23.92,97406.0,14820.0,0.152146685009137,False,1,14,4,24,3,10,0.1950207468879668,0.19657676348547717,0.4429460580912863,0.19564315352697095,0.45290456431535264,0.31898340248962653,29.66,26.98,807,846,39,False,False,outside_top_20
06,037,408703,06037408703,1400000US06037408703,4087.03,Census Tract 4087.03,G5020,S,17112893,0,+33.9592167,-117.8886028,06,037,408703,Census Tract 4087.03; Los Angeles County; California,5326,488,3949,440,74.15,2435,462,209,123,2644,478.0930871702706,2165.906912829729,3122.093087170271,0.1808218937860327,more_reliable,49.64,66.95,127500.0,19210.0,0.1506666666666666,False,0,10,0,26,0,16,0.9854771784232366,0.970954356846473,0.7308091286307054,0.9796680497925312,0.6810165975103735,0.5359958506224067,87.02,84.12,11,15,4,True,True,stable_top_20
06,037,408722,06037408722,1400000US06037408722,4087.22,Census Tract 4087.22,G5020,S,2105580,0,+33.9700245,-117.9023476,06,037,408722,Census Tract 4087.22; Los Angeles County; California,3963,557,2455,514,61.95,1623,500,212,156,1835,523.7709423020716,1311.2290576979285,2358.7709423020715,0.2854337560229273,more_reliable,46.3,74.75,100538.0,23079.0,0.2295549941315721,False,0,15,0,32,0,17,0.9507261410788381,0.9616182572614108,0.475103734439834,0.9550829875518672,0.5387966804979254,0.4924273858921162,77.58,76.66,59,63,4,False,False,outside_top_20
06,037,532102,06037532102,1400000US06037532102,5321.02,Census Tract 5321.02,G5020,S,1004075,17978,+33.9983747,-118.1116637,06,037,532102,Census Tract 5321.02; Los Angeles County; California,3618,383,574,251,15.87,254,240,8,13,262,240.3518254559345,21.648174544065512,502.3518254559345,0.9173733796028034,usable_with_caution,7.24,45.64,104688.0,24224.0,0.2313923276784349,False,2,12,2,17,0,5,0.5746887966804979,0.6151452282157677,0.5321576763485477,0.5908713692946057,0.43101659751037347,0.5197095435684647,54.72,56.49,419,378,-41,False,False,outside_top_20
06,037,480201,06037480201,1400000US06037480201,4802.01,Census Tract 4802.01,G5020,S,1531132,1750,+34.1081475,-118.1107586,06,037,480201,Census Tract 4802.01; Los Angeles County; California,3689,329,1441,186,39.06,824,186,71,71,895,199.090431713832,695.909568286168,1094.090431713832,0.2224474097361251,more_reliable,24.26,62.11,163304.0,34715.0,0.2125789937784745,False,1,30,5,61,4,31,0.8506224066390041,0.8713692946058091,0.8827800829875518,0.8589211618257262,0.3128630705394191,0.14439834024896264,75.45,72.08,77,104,27,False,False,outside_top_20
06,037,430501,06037430501,1400000US06037430501,4305.01,Census Tract 4305.01,G5020,S,4700349,9251,+34.1748525,-118.0569913,06,037,430501,Census Tract 4305.01; Los Angeles County; California,4231,488,546,183,12.9,327,164,0,14,327,164.59647626847908,162.40352373152092,491.5964762684791,0.5033531384357158,usable_with_caution,7.73,59.89,195199.0,25810.0,0.1322240380329817,False,0,4,0,11,0,7,0.6535269709543569,0.6358921161825726,0.946058091286307,0.6464730290456431,0.8556016597510374,0.7812240663900415,74.82,73.33,83,93,10,False,False,outside_top_20
06,037,213402,06037213402,1400000US06037213402,2134.02,Census Tract 2134.02,G5020,S,391846,0,+34.0498405,-118.2878882,06,037,213402,Census Tract 2134.02; Los Angeles County; California,4335,716,824,275,19.01,53,66,33,50,86,82.80096617793781,3.199033822062191,168.80096617793782,0.9628019323016024,usable_with_caution,1.98,10.44,45700.0,16424.0,0.3593873085339168,False,12,52,14,71,2,19,0.20850622406639005,0.15612033195020747,0.03423236514522822,0.187551867219917,0.0058091286307053736,0.04730290456431534,12.05,12.88,950,947,-3,False,False,outside_top_20
06,037,214400,06037214400,1400000US06037214400,2144,Census Tract 2144,G5020,S,344250,0,+34.0781666,-118.3573276,06,037,214400,Census Tract 2144; Los Angeles County; California,2981,358,246,150,8.25,27,30,17,27,44,40.36087214122113,3.6391278587788713,84.36087214122114,0.9172925486641166,usable_with_caution,1.48,17.89,102725.0,22072.0,0.2148649306400584,False,1,15,3,32,2,17,0.044087136929460584,0.08869294605809129,0.5020746887966805,0.061929460580912865,0.42676348547717846,0.28848547717842327,22.29,19.53,900,914,14,False,False,outside_top_20
06,037,550501,06037550501,1400000US06037550501,5505.01,Census Tract 5505.01,G5020,S,828627,62138,+33.9522986,-118.1017791,06,037,550501,Census Tract 5505.01; Los Angeles County; California,3904,597,130,84,3.33,65,61,0,14,65,62.5859409132754,2.414059086724599,127.5859409132754,0.9628606294350062,usable_with_caution,1.66,50.0,78902.0,32440.0,0.4111429368076855,False,0,7,1,10,1,3,0.1275933609958506,0.11618257261410789,0.2095435684647303,0.12302904564315352,0.7737551867219918,0.7131742738589211,27.05,25.84,845,866,21,False,False,outside_top_20
06,037,276607,06037276607,1400000US06037276607,2766.07,Census Tract 2766.07,G5020,S,478080,0,+33.9567510,-118.4214686,06,037,276607,Census Tract 2766.07; Los Angeles County; California,2709,425,542,220,20.01,162,107,26,41,188,114.58621208504974,73.41378791495026,302.58621208504974,0.6095011281119667,usable_with_caution,6.94,34.69,86648.0,39779.0,0.4590873418890222,False,0,10,0,12,0,2,0.46939834024896265,0.6011410788381742,0.3039419087136929,0.5220954356846473,0.6810165975103735,0.7622406639004149,51.02,52.65,486,467,-19,False,False,outside_top_20
06,037,217200,06037217200,1400000US06037217200,2172,Census Tract 2172,G5020,S,919065,0,+34.0495840,-118.3424594,06,037,217200,Census Tract 2172; Los Angeles County; California,3809,602,418,188,10.97,84,56,0,14,84,57.723478758647246,26.276521241352757,141.72347875864725,0.6871842709362768,usable_with_caution,2.21,20.1,91076.0,23383.0,0.2567416223813079,False,3,27,3,47,0,20,0.19968879668049794,0.1825726141078838,0.3599585062240664,0.1928423236514523,0.19014522821576763,0.23900414937759337,22.57,23.55,898,887,-11,False,False,outside_top_20
06,037,218220,06037218220,1400000US06037218220,2182.20,Census Tract 2182.20,G5020,S,672776,0,+34.0434012,-118.3348919,06,037,218220,Census Tract 2182.20; Los Angeles County; California,3811,575,475,203,12.46,96,87,0,14,96,88.11923740024082,7.88076259975918,184.1192374002408,0.9179087229191752,usable_with_caution,2.52,20.21,81667.0,12525.0,0.1533667209521594,False,5,27,6,47,1,20,0.245850622406639,0.21939834024896265,0.23858921161825727,0.23526970954356846,0.14470954356846472,0.15767634854771784,21.78,22.04,903,897,-6,False,False,outside_top_20
06,037,500100,06037500100,1400000US06037500100,5001,Census Tract 5001,G5020,S,10048680,3985,+33.9570680,-117.9450190,06,037,500100,Census Tract 5001; Los Angeles County; California,3626,460,595,165,16.41,328,157,0,14,328,157.62296786953354,170.37703213046646,485.6229678695336,0.480557828870529,more_reliable,9.05,55.13,190107.0,41164.0,0.2165306906110769,False,0,9,0,15,0,6,0.6556016597510373,0.6732365145228216,0.9387966804979253,0.6626556016597511,0.7133817427385892,0.7062240663900415,72.8,72.66,103,100,-3,False,False,outside_top_20
06,037,408725,06037408725,1400000US06037408725,4087.25,Census Tract 4087.25,G5020,S,1947442,0,+33.9805469,-117.8965408,06,037,408725,Census Tract 4087.25; Los Angeles County; California,5868,681,3275,489,55.81,2342,496,177,126,2519,511.7538470788471,2007.246152921153,3030.7538470788472,0.2031575415160171,more_reliable,42.93,76.92,66681.0,18504.0,0.2775003374274531,False,5,15,10,33,5,18,0.9823651452282157,0.9450207468879668,0.12033195020746888,0.9674273858921161,0.24896265560165975,0.16753112033195022,65.43,63.8,195,224,29,False,False,outside_top_20
06,037,218400,06037218400,1400000US06037218400,2184,Census Tract 2184,G5020,S,656666,0,+34.0369278,-118.3592342,06,037,218400,Census Tract 2184; Los Angeles County; California,4144,813,294,172,7.09,47,43,0,14,47,45.22167621838005,1.778323781619946,92.22167621838004,0.9621633237953204,usable_with_caution,1.13,15.99,103843.0,14413.0,0.1387960671398168,False,1,16,1,25,0,9,0.05186721991701245,0.03941908713692946,0.5186721991701245,0.04688796680497925,0.4028008298755187,0.4598547717842324,21.24,22.38,906,895,-11,False,False,outside_top_20
06,037,218600,06037218600,1400000US06037218600,2186,Census Tract 2186,G5020,S,430627,0,+34.0371838,-118.3427434,06,037,218600,Census Tract 2186; Los Angeles County; California,2871,343,351,238,12.23,34,44,66,62,100,76.02631123499285,23.973688765007157,176.02631123499285,0.7602631123499285,usable_with_caution,3.48,28.49,76406.0,16350.0,0.2139884302279925,False,5,22,5,36,0,14,0.2551867219917012,0.3309128630705394,0.1841286307053942,0.2854771784232365,0.1565352697095436,0.2050829875518672,23.94,24.91,883,877,-6,False,False,outside_top_20
06,037,271702,06037271702,1400000US06037271702,2717.02,Census Tract 2717.02,G5020,S,697727,8791,+34.0251282,-118.4259054,06,037,271702,Census Tract 2717.02; Los Angeles County; California,4664,414,1380,279,29.59,532,137,142,112,674,176.9547964876906,497.0452035123094,850.9547964876906,0.26254420843871,more_reliable,14.45,48.84,90972.0,21414.0,0.2353911093523281,False,0,21,0,32,0,11,0.8008298755186722,0.7821576763485477,0.35892116182572614,0.7933609958506225,0.45228215767634855,0.4924273858921162,63.83,64.63,236,204,-32,False,False,outside_top_20
06,037,224410,06037224410,1400000US06037224410,2244.10,Census Tract 2244.10,G5020,S,453271,0,+34.0351369,-118.2799794,06,037,224410,Census Tract 2244.10; Los Angeles County; California,2731,481,398,184,14.57,139,90,11,17,150,91.59148432032316,58.40851567967685,241.5914843203232,0.6106098954688209,usable_with_caution,5.49,37.69,41010.0,15484.0,0.377566447207998,False,5,50,5,69,0,19,0.39522821576763484,0.5093360995850622,0.023858921161825725,0.4408713692946058,0.050726141078838174,0.11670124481327804,27.94,29.26,828,814,-14,False,False,outside_top_20
06,037,267404,06037267404,1400000US06037267404,2674.04,Census Tract 2674.04,G5020,S,284445,0,+34.0456314,-118.4605333,06,037,267404,Census Tract 2674.04; Los Angeles County; California,3336,568,908,434,27.22,235,219,0,14,235,219.44703233354517,15.552967666454862,454.4470323335452,0.9338171588661496,usable_with_caution,7.04,25.88,80354.0,4578.0,0.0569728949398909,False,1,15,3,24,2,9,0.5352697095435685,0.6089211618257261,0.22717842323651452,0.5647302904564315,0.42676348547717846,0.3563278008298755,46.96,45.55,570,598,28,False,False,outside_top_20
06,037,267300,06037267300,1400000US06037267300,2673,Census Tract 2673,G5020,S,430298,0,+34.0452043,-118.4496931,06,037,267300,Census Tract 2673; Los Angeles County; California,4339,622,1047,225,24.13,335,189,25,42,360,193.61043360315065,166.38956639684935,553.6104336031506,0.5378067600087517,usable_with_caution,8.3,34.38,112450.0,49757.0,0.4424811027123166,False,7,15,13,25,6,10,0.6825726141078838,0.6556016597510373,0.6006224066390041,0.6717842323651453,0.22821576763485477,0.21939834024896268,56.88,56.71,368,375,7,False,False,outside_top_20
06,037,219500,06037219500,1400000US06037219500,2195,Census Tract 2195,G5020,S,557587,0,+34.0209191,-118.3405648,06,037,219500,Census Tract 2195; Los Angeles County; California,1941,231,351,117,18.08,118,57,8,11,126,58.05170109479997,67.94829890520003,184.0517010948,0.4607277864666664,more_reliable,6.49,35.9,103050.0,43120.0,0.4184376516254245,False,3,16,3,26,0,10,0.33402489626556015,0.5726141078838174,0.508298755186722,0.42946058091286304,0.27043568464730294,0.33205394190871373,41.34,42.57,652,648,-4,False,False,outside_top_20
06,037,500300,06037500300,1400000US06037500300,5003,Census Tract 5003,G5020,S,8820303,137276,+34.0156458,-118.0405568,06,037,500300,Census Tract 5003; Los Angeles County; California,2541,388,394,110,15.51,108,81,0,14,108,82.20097323024831,25.79902676975169,190.2009732302483,0.7611201225022991,usable_with_caution,4.25,27.41,116719.0,14323.0,0.1227135256470668,False,0,4,0,6,0,2,0.2816390041493776,0.4087136929460581,0.6327800829875518,0.3324688796680498,0.8556016597510374,0.8686721991701245,49.72,49.98,513,514,1,False,False,outside_top_20
06,037,403325,06037403325,1400000US06037403325,4033.25,Census Tract 4033.25,G5020,S,17104379,0,+33.9592385,-117.8255138,06,037,403325,Census Tract 4033.25; Los Angeles County; California,4706,519,3502,473,74.42,2408,495,327,193,2735,531.2946451828777,2203.7053548171225,3266.294645182877,0.1942576399206134,more_reliable,58.12,78.1,111445.0,14257.0,0.1279285746332271,False,0,2,0,7,0,5,0.9885892116182573,0.9906639004149378,0.5923236514522822,0.9894190871369295,0.8926348547717843,0.8524896265560167,89.06,88.26,4,5,1,True,True,stable_top_20
06,037,670405,06037670405,1400000US06037670405,6704.05,Census Tract 6704.05,G5020,S,1499527,0,+33.7670991,-118.3748908,06,037,670405,Census Tract 6704.05; Los Angeles County; California,2582,389,1067,311,41.32,567,281,0,14,567,281.3485382936972,285.6514617063028,848.3485382936972,0.4962055349095188,more_reliable,21.96,53.14,183889.0,68502.0,0.3725182039164931,False,0,3,0,6,0,3,0.779045643153527,0.8578838174273858,0.9284232365145229,0.8105809128630705,0.8733402489626556,0.8686721991701245,84.67,84.58,16,13,-3,True,True,stable_top_20
06,037,501302,06037501302,1400000US06037501302,5013.02,Census Tract 5013.02,G5020,S,1143273,0,+33.9911857,-118.0488730,06,037,501302,Census Tract 5013.02; Los Angeles County; California,4345,586,362,207,8.33,36,35,21,33,57,48.104053883222775,8.895946116777225,105.10405388322278,0.8439307698811013,usable_with_caution,1.31,15.75,103478.0,5972.0,0.0577127505363458,False,1,5,1,9,0,4,0.09802904564315353,0.06275933609958506,0.5114107883817427,0.08392116182572615,0.7230290456431535,0.7318464730290457,29.72,29.9,806,804,-2,False,False,outside_top_20
06,037,265701,06037265701,1400000US06037265701,2657.01,Census Tract 2657.01,G5020,S,857712,0,+34.0627353,-118.4220876,06,037,265701,Census Tract 2657.01; Los Angeles County; California,1692,253,159,90,9.4,67,48,0,14,67,50.0,17.0,117.0,0.746268656716418,usable_with_caution,3.96,42.14,135909.0,38356.0,0.2822182489754173,False,2,15,2,29,0,14,0.13796680497925312,0.37396265560165975,0.783195020746888,0.23236514522821577,0.3466804979253112,0.3560165975103734,36.54,36.73,725,723,-2,False,False,outside_top_20
06,037,216301,06037216301,1400000US06037216301,2163.01,Census Tract 2163.01,G5020,S,563878,0,+34.0611130,-118.3681221,06,037,216301,Census Tract 2163.01; Los Angeles County; California,1448,434,142,72,9.81,65,50,0,14,65,51.92301994298868,13.07698005701132,116.92301994298867,0.798815691430595,usable_with_caution,4.49,45.77,99738.0,71511.0,0.7169885098959273,False,1,13,7,26,6,13,0.1275933609958506,0.4315352697095436,0.4616182572614108,0.2491701244813278,0.48122406639004156,0.23910788381742737,33.81,28.96,761,815,54,False,False,outside_top_20
06,037,265204,06037265204,1400000US06037265204,2652.04,Census Tract 2652.04,G5020,S,265276,0,+34.0616509,-118.4446082,06,037,265204,Census Tract 2652.04; Los Angeles County; California,1505,294,554,195,36.81,286,88,71,83,357,120.96693763173474,236.0330623682653,477.9669376317347,0.3388429625538788,more_reliable,23.72,64.44,49306.0,18433.0,0.3738490244594978,False,6,14,9,24,3,10,0.6794605809128631,0.8672199170124482,0.043568464730290454,0.7545643153526971,0.2639004149377593,0.250103734439834,51.42,51.15,479,490,11,False,False,outside_top_20
06,037,265203,06037265203,1400000US06037265203,2652.03,Census Tract 2652.03,G5020,S,310040,0,+34.0621133,-118.4382515,06,037,265203,Census Tract 2652.03; Los Angeles County; California,2056,323,388,243,18.87,127,121,0,14,127,121.80722474467596,5.192775255324037,248.807224744676,0.9591120058635902,usable_with_caution,6.18,32.73,110725.0,25279.0,0.2283043576428087,False,4,13,7,23,3,10,0.33713692946058094,0.553941908713693,0.5871369294605809,0.4238589211618258,0.3189834024896266,0.2789419087136929,43.55,42.75,620,644,24,False,False,outside_top_20
06,037,207711,06037207711,1400000US06037207711,2077.11,Census Tract 2077.11,G5020,S,693947,0,+34.0463506,-118.2647778,06,037,207711,Census Tract 2077.11; Los Angeles County; California,3495,518,1440,498,41.2,629,450,48,45,677,452.2444029504401,224.75559704955992,1129.24440295044,0.6680124120390548,usable_with_caution,19.37,47.01,145357.0,45636.0,0.3139580481160178,False,10,49,11,68,1,19,0.8018672199170125,0.8319502074688797,0.8184647302904564,0.8139004149377593,0.019709543568464705,0.06607883817427385,65.6,66.52,193,180,-13,False,False,outside_top_20
06,037,402503,06037402503,1400000US06037402503,4025.03,Census Tract 4025.03,G5020,S,874283,0,+34.0478733,-117.7646933,06,037,402503,Census Tract 4025.03; Los Angeles County; California,4716,836,840,564,17.81,215,187,0,14,215,187.52333188166213,27.47666811833787,402.5233318816621,0.8722015436356378,usable_with_caution,4.56,25.6,66364.0,14085.0,0.2122385630763667,False,1,9,1,11,0,2,0.5046680497925311,0.4413900414937759,0.11825726141078838,0.479356846473029,0.6013485477178423,0.6938796680497925,43.15,45.0,625,607,-18,False,False,outside_top_20
06,037,433506,06037433506,1400000US06037433506,4335.06,Census Tract 4335.06,G5020,S,1622353,14107,+34.0567584,-118.0621760,06,037,433506,Census Tract 4335.06; Los Angeles County; California,3405,524,622,291,18.27,377,223,0,14,377,223.4390297150433,153.5609702849567,600.4390297150433,0.5926764713926878,usable_with_caution,11.07,60.61,50016.0,4392.0,0.0878119001919385,False,2,30,4,51,2,21,0.6970954356846473,0.7271784232365145,0.04771784232365145,0.7091286307053941,0.2327800829875519,0.19201244813278007,48.16,47.34,544,568,24,False,False,outside_top_20
06,037,406300,06037406300,1400000US06037406300,4063,Census Tract 4063,G5020,S,5386135,4067,+34.0606465,-117.8779405,06,037,406300,Census Tract 4063; Los Angeles County; California,5633,567,2213,446,39.29,1265,331,227,193,1492,383.1579308849029,1108.8420691150973,1875.1579308849027,0.2568082646681654,more_reliable,26.49,67.42,102638.0,15579.0,0.1517858882675032,False,1,7,1,12,0,5,0.9263485477178424,0.8786307053941909,0.5,0.9072614107883819,0.6617219917012449,0.674896265560166,77.67,77.93,58,48,-10,False,False,outside_top_20
06,037,462900,06037462900,1400000US06037462900,4629,Census Tract 4629,G5020,S,2344777,0,+34.1537976,-118.0900698,06,037,462900,Census Tract 4629; Los Angeles County; California,3721,424,830,281,22.31,375,258,0,14,375,258.37956575549856,116.62043424450144,633.3795657554986,0.6890121753479962,usable_with_caution,10.08,45.18,128632.0,9416.0,0.073201069718266,False,0,8,0,19,0,11,0.696058091286307,0.7043568464730291,0.7406639004149378,0.6993775933609958,0.7441908713692946,0.6371369294605809,71.66,69.52,117,138,21,False,False,outside_top_20
06,037,602302,06037602302,1400000US06037602302,6023.02,Census Tract 6023.02,G5020,S,1947542,0,+33.9050680,-118.3742669,06,037,602302,Census Tract 6023.02; Los Angeles County; California,4651,467,1119,283,24.06,365,194,163,164,528,254.03149411047443,273.96850588952555,782.0314941104745,0.4811202539971106,more_reliable,11.35,47.18,176066.0,17749.0,0.1008087876137357,False,1,12,2,16,1,4,0.7634854771784232,0.7328838174273858,0.9149377593360996,0.7512448132780083,0.5110995850622406,0.5340248962655602,73.6,74.05,97,88,-9,False,False,outside_top_20
06,037,602301,06037602301,1400000US06037602301,6023.01,Census Tract 6023.01,G5020,S,1786364,0,+33.9067415,-118.3657538,06,037,602301,Census Tract 6023.01; Los Angeles County; California,6936,970,733,224,10.57,167,131,10,17,177,132.09844813622905,44.90155186377095,309.0984481362291,0.746318916023893,usable_with_caution,2.55,24.15,130163.0,26548.0,0.2039596505919501,False,2,15,3,20,1,5,0.44761410788381745,0.229253112033195,0.75,0.36026970954356846,0.3466804979253112,0.4154564315352697,43.55,44.93,620,608,-12,False,False,outside_top_20
06,037,602700,06037602700,1400000US06037602700,6027,Census Tract 6027,G5020,S,2471440,11599,+33.9230881,-118.3160924,06,037,602700,Census Tract 6027; Los Angeles County; California,3749,573,368,155,9.82,104,96,0,14,104,97.01546268507924,6.984537314920772,201.01546268507923,0.9328409873565312,usable_with_caution,2.77,28.26,114702.0,38778.0,0.3380760579588847,False,2,18,2,23,0,5,0.26607883817427386,0.254149377593361,0.6192946058091287,0.2613070539419087,0.2878630705394191,0.42230290456431535,33.82,36.51,760,724,-36,False,False,outside_top_20
06,037,462500,06037462500,1400000US06037462500,4625,Census Tract 4625,G5020,S,2422830,144779,+34.1655638,-118.1005901,06,037,462500,Census Tract 4625; Los Angeles County; California,6825,639,1340,430,19.63,753,384,0,19,753,384.4697647410001,368.5302352589999,1137.469764741,0.5105840169203189,usable_with_caution,11.03,56.19,128214.0,31794.0,0.2479760400580279,False,0,1,0,2,0,1,0.8153526970954357,0.7240663900414938,0.7354771784232366,0.7788381742738589,0.9122406639004149,0.9193983402489627,79.68,79.83,41,38,-3,False,False,outside_top_20
06,037,501600,06037501600,1400000US06037501600,5016,Census Tract 5016,G5020,S,10302301,9401,+33.9760066,-118.0085566,06,037,501600,Census Tract 5016; Los Angeles County; California,6827,851,359,120,5.26,176,135,0,19,176,136.33048081775402,39.66951918224598,312.33048081775405,0.7746050046463296,usable_with_caution,2.58,49.03,104333.0,58192.0,0.5577525806791716,False,0,5,0,7,0,2,0.4450207468879668,0.2349585062240664,0.5311203319502075,0.36099585062240663,0.8350622406639003,0.8524896265560167,48.98,49.33,533,527,-6,False,False,outside_top_20
06,037,408629,06037408629,1400000US06037408629,4086.29,Census Tract 4086.29,G5020,S,1772780,0,+33.9780094,-117.9604542,06,037,408629,Census Tract 4086.29; Los Angeles County; California,3028,352,1428,308,47.16,907,241,126,111,1033,265.3337520934719,767.666247906528,1298.333752093472,0.2568574560440192,more_reliable,34.11,72.34,117500.0,39674.0,0.3376510638297872,False,0,9,0,15,0,6,0.8786307053941909,0.9066390041493776,0.6400414937759336,0.8898340248962656,0.7133817427385892,0.7062240663900415,80.46,80.32,37,37,0,False,False,outside_top_20
06,037,408628,06037408628,1400000US06037408628,4086.28,Census Tract 4086.28,G5020,S,2359377,0,+33.9840707,-117.9429855,06,037,408628,Census Tract 4086.28; Los Angeles County; California,5463,753,3941,597,72.14,2307,514,551,243,2858,568.5463921264474,2289.4536078735528,3426.5463921264472,0.1989315577769235,more_reliable,52.32,72.52,88021.0,19585.0,0.222503720703014,False,4,13,4,26,0,13,0.991701244813278,0.9823651452282157,0.3184647302904564,0.9879668049792532,0.3189834024896266,0.29470954356846474,72.03,71.54,114,114,0,False,False,outside_top_20
06,037,408626,06037408626,1400000US06037408626,4086.26,Census Tract 4086.26,G5020,S,2496759,0,+33.9851013,-117.9197736,06,037,408626,Census Tract 4086.26; Los Angeles County; California,3726,545,2713,542,72.81,1554,369,485,412,2039,553.0867924657033,1485.9132075342968,2592.086792465703,0.2712539443186382,more_reliable,54.72,75.16,105500.0,48111.0,0.4560284360189574,False,9,17,18,34,9,17,0.9636929460580913,0.9875518672199171,0.5435684647302904,0.9732365145228216,0.17334024896265557,0.13848547717842327,72.73,72.04,104,106,2,False,False,outside_top_20
06,037,501501,06037501501,1400000US06037501501,5015.01,Census Tract 5015.01,G5020,S,6330617,16327,+34.0016567,-118.0208418,06,037,501501,Census Tract 5015.01; Los Angeles County; California,2097,244,180,79,8.58,27,22,0,14,27,26.0768096208106,0.9231903791894034,53.07680962081059,0.9658077637337258,usable_with_caution,1.29,15.0,144250.0,18411.0,0.127632582322357,False,0,2,0,4,0,2,0.005705394190871369,0.06016597510373444,0.8153526970954357,0.027489626556016597,0.8926348547717843,0.8935684647302904,35.81,35.83,728,738,10,False,False,outside_top_20
06,037,408141,06037408141,1400000US06037408141,4081.41,Census Tract 4081.41,G5020,S,1123884,0,+34.0087852,-117.8924297,06,037,408141,Census Tract 4081.41; Los Angeles County; California,4102,527,452,275,11.02,152,114,10,19,162,115.57248807566616,46.42751192433383,277.5724880756662,0.7134104202201615,usable_with_caution,3.95,35.84,102917.0,17438.0,0.1694375078947112,False,4,16,5,39,1,23,0.4196058091286307,0.3724066390041494,0.5046680497925311,0.4007261410788382,0.24056016597510377,0.19387966804979256,38.95,38.01,683,702,19,False,False,outside_top_20
06,037,408135,06037408135,1400000US06037408135,4081.35,Census Tract 4081.35,G5020,S,1127701,0,+34.0161504,-117.8978145,06,037,408135,Census Tract 4081.35; Los Angeles County; California,4479,893,2583,744,57.67,912,498,68,63,980,501.96912255635806,478.03087744364194,1481.969122556358,0.5122133903636307,usable_with_caution,21.88,37.94,89563.0,13468.0,0.1503745966526355,False,1,16,1,37,0,21,0.8713692946058091,0.8558091286307054,0.3412863070539419,0.8651452282157677,0.4028008298755187,0.3808091286307054,66.79,66.35,179,181,2,False,False,outside_top_20
06,037,408137,06037408137,1400000US06037408137,4081.37,Census Tract 4081.37,G5020,S,830776,0,+34.0084495,-117.8838337,06,037,408137,Census Tract 4081.37; Los Angeles County; California,4085,526,1616,462,39.56,706,385,95,86,801,394.4882761249059,406.5117238750941,1195.488276124906,0.4924947267476977,more_reliable,19.61,49.57,90091.0,19779.0,0.2195446825987057,False,4,14,5,37,1,23,0.8283195020746889,0.8335062240663901,0.3495850622406639,0.8303941908713693,0.2906639004149377,0.20134854771784233,62.63,60.84,251,287,36,False,False,outside_top_20
06,037,530202,06037530202,1400000US06037530202,5302.02,Census Tract 5302.02,G5020,S,1794900,3427,+34.0298138,-118.1344535,06,037,530202,Census Tract 5302.02; Los Angeles County; California,4323,662,240,131,5.55,129,74,0,14,129,75.31268153505093,53.68731846494907,204.31268153505093,0.5838192367058211,usable_with_caution,2.98,53.75,83000.0,26786.0,0.322722891566265,False,7,26,7,40,0,14,0.34232365145228216,0.2837136929460581,0.258298755186722,0.3188796680497925,0.12738589211618254,0.15881742738589213,26.85,27.48,848,840,-8,False,False,outside_top_20
06,037,408301,06037408301,1400000US06037408301,4083.01,Census Tract 4083.01,G5020,S,2623792,93793,+34.0430987,-117.9982628,06,037,408301,Census Tract 4083.01; Los Angeles County; California,5524,851,530,225,9.59,250,157,0,19,250,158.14550262337528,91.85449737662472,408.1455026233753,0.6325820104935012,usable_with_caution,4.53,47.17,80754.0,17680.0,0.2189365232681972,False,1,11,1,17,0,6,0.566908713692946,0.43775933609958506,0.23132780082987553,0.5152489626556016,0.5394190871369294,0.5858921161825725,46.33,47.26,580,571,-9,False,False,outside_top_20
06,037,702202,06037702202,1400000US06037702202,7022.02,Census Tract 7022.02,G5020,S,1011696,0,+34.0081676,-118.4672197,06,037,702202,Census Tract 7022.02; Los Angeles County; California,4039,455,280,165,6.93,57,55,0,14,57,56.753854494650845,0.2461455053491548,113.75385449465084,0.995681657800892,usable_with_caution,1.41,20.36,170040.0,65186.0,0.3833568572100682,False,2,9,2,15,0,6,0.09802904564315353,0.07780082987551867,0.9056016597510373,0.08993775933609958,0.5212655601659751,0.5526970954356847,33.93,34.56,758,753,-5,False,False,outside_top_20
06,037,702300,06037702300,1400000US06037702300,7023,Census Tract 7023,G5020,S,2591889,0,+34.0182907,-118.4559701,06,037,702300,Census Tract 7023; Los Angeles County; California,6679,790,625,268,9.36,277,227,0,19,277,227.79376637651876,49.20623362348127,504.7937663765188,0.8223601674242553,usable_with_caution,4.15,44.32,121395.0,42469.0,0.3498414267473949,False,1,17,1,25,0,8,0.6021784232365145,0.3962655601659751,0.6794605809128631,0.5198132780082987,0.38350622406639,0.4598547717842324,52.45,53.98,470,439,-31,False,False,outside_top_20
06,037,408302,06037408302,1400000US06037408302,4083.02,Census Tract 4083.02,G5020,S,2956151,440678,+34.0390639,-118.0166353,06,037,408302,Census Tract 4083.02; Los Angeles County; California,3303,477,245,175,7.42,172,134,0,14,172,134.72935834479432,37.27064165520568,306.7293583447943,0.7833102229348508,usable_with_caution,5.21,70.2,88068.0,24391.0,0.276956442748785,False,1,9,1,12,0,3,0.4346473029045643,0.4896265560165975,0.31950207468879666,0.45663900414937764,0.6013485477178423,0.674896265560166,45.82,47.29,590,569,-21,False,False,outside_top_20
06,037,530400,06037530400,1400000US06037530400,5304,Census Tract 5304,G5020,S,1531307,11013,+34.0382967,-118.1545859,06,037,530400,Census Tract 5304; Los Angeles County; California,3895,857,493,168,12.66,250,174,0,14,250,174.56230979223437,75.43769020776563,424.5623097922344,0.6982492391689374,usable_with_caution,6.42,50.71,39320.0,31304.0,0.7961342828077315,False,3,28,4,41,1,13,0.566908713692946,0.5684647302904564,0.021784232365145227,0.5675311203319502,0.18516597510373445,0.2100622406639004,38.19,38.69,696,688,-8,False,False,outside_top_20
06,037,408004,06037408004,1400000US06037408004,4080.04,Census Tract 4080.04,G5020,S,621560,0,+34.0379752,-117.9156728,06,037,408004,Census Tract 4080.04; Los Angeles County; California,2394,602,716,156,29.91,314,154,0,14,314,154.63505424062166,159.36494575937834,468.6350542406217,0.4924683256070753,more_reliable,13.12,43.85,81250.0,15547.0,0.1913476923076923,False,1,9,4,18,3,9,0.6379668049792531,0.7645228215767634,0.2354771784232365,0.6885892116182573,0.6013485477178423,0.41576763485477175,58.05,54.34,344,429,85,False,False,outside_top_20
06,037,407601,06037407601,1400000US06037407601,4076.01,Census Tract 4076.01,G5020,S,781203,0,+34.0384097,-117.9461731,06,037,407601,Census Tract 4076.01; Los Angeles County; California,4182,700,495,220,11.84,173,157,0,14,173,157.62296786953354,15.37703213046646,330.6229678695336,0.9111154212111764,usable_with_caution,4.14,34.95,75370.0,9277.0,0.1230861085312458,False,2,10,4,20,2,10,0.43775933609958506,0.39522821576763484,0.17738589211618258,0.420746887966805,0.48890041493775926,0.37811203319502074,38.57,36.35,688,726,38,False,False,outside_top_20
06,037,408003,06037408003,1400000US06037408003,4080.03,Census Tract 4080.03,G5020,S,1363277,1729,+34.0455980,-117.9158494,06,037,408003,Census Tract 4080.03; Los Angeles County; California,4637,584,1274,365,27.47,392,163,13,21,405,164.34719346554112,240.65280653445888,569.3471934655411,0.4057955394210892,more_reliable,8.73,31.79,109221.0,12901.0,0.1181183105812984,False,1,9,4,17,3,8,0.7116182572614108,0.6639004149377593,0.5746887966804979,0.6925311203319502,0.6013485477178423,0.43195020746887963,65.07,61.68,211,266,55,False,False,outside_top_20
06,037,433804,06037433804,1400000US06037433804,4338.04,Census Tract 4338.04,G5020,S,1513194,0,+34.0494816,-118.0371004,06,037,433804,Census Tract 4338.04; Los Angeles County; California,4649,604,503,256,10.82,265,199,0,14,265,199.49185447030163,65.50814552969837,464.4918544703016,0.7527994508313269,usable_with_caution,5.7,52.68,73877.0,13219.0,0.1789325500494064,False,1,16,1,24,0,8,0.5793568464730291,0.5238589211618258,0.16182572614107885,0.5571576763485477,0.4028008298755187,0.4729253112033195,44.72,46.12,603,588,-15,False,False,outside_top_20
06,037,482002,06037482002,1400000US06037482002,4820.02,Census Tract 4820.02,G5020,S,2488396,0,+34.0488369,-118.1482676,06,037,482002,Census Tract 4820.02; Los Angeles County; California,6655,859,4058,679,60.98,1718,477,72,71,1790,482.2551192055923,1307.7448807944077,2272.255119205592,0.2694162677126214,more_reliable,26.9,44.11,107606.0,25002.0,0.2323476386075126,False,5,27,6,47,1,20,0.9491701244813278,0.8817427385892116,0.5601659751037344,0.9221991701244814,0.14470954356846472,0.15767634854771784,69.43,69.69,139,135,-4,False,False,outside_top_20
06,037,407902,06037407902,1400000US06037407902,4079.02,Census Tract 4079.02,G5020,S,470452,304,+34.0407402,-117.9245461,06,037,407902,Census Tract 4079.02; Los Angeles County; California,1643,277,852,310,51.86,302,243,51,70,353,252.8813951242756,100.1186048757244,605.8813951242756,0.7163778898704691,usable_with_caution,21.49,41.43,95887.0,28035.0,0.2923754002106646,False,1,10,4,18,3,8,0.6763485477178424,0.8532157676348547,0.4170124481327801,0.7470954356846473,0.5689834024896265,0.41576763485477175,64.55,61.48,222,271,49,False,False,outside_top_20
06,037,482522,06037482522,1400000US06037482522,4825.22,Census Tract 4825.22,G5020,S,1641873,0,+34.0409045,-118.0939467,06,037,482522,Census Tract 4825.22; Los Angeles County; California,4479,586,1877,478,41.91,942,346,20,31,962,347.3859525081577,614.6140474918423,1309.3859525081575,0.3611080587402887,more_reliable,21.48,51.25,90952.0,21049.0,0.2314297651508488,False,3,43,3,73,0,30,0.8682572614107884,0.8516597510373444,0.3578838174273859,0.8616182572614108,0.12852697095435683,0.1705394190871369,61.43,62.27,275,254,-21,False,False,outside_top_20
06,037,407501,06037407501,1400000US06037407501,4075.01,Census Tract 4075.01,G5020,S,1131321,0,+34.0466370,-117.9477563,06,037,407501,Census Tract 4075.01; Los Angeles County; California,4175,668,1104,566,26.44,848,501,0,14,848,501.19557061091433,346.80442938908567,1349.1955706109145,0.5910325125128707,usable_with_caution,20.31,76.81,76424.0,30222.0,0.3954516905684078,False,3,12,5,22,2,10,0.8412863070539419,0.8397302904564315,0.18568464730290457,0.8406639004149378,0.3787344398340249,0.32551867219917013,61.73,60.66,269,291,22,False,False,outside_top_20
06,037,434100,06037434100,1400000US06037434100,4341,Census Tract 4341,G5020,S,2493682,0,+34.0505486,-118.0507490,06,037,434100,Census Tract 4341; Los Angeles County; California,6025,592,1451,306,24.08,734,335,22,32,756,336.5248876383439,419.4751123616561,1092.524887638344,0.4451387402623596,more_reliable,12.55,52.1,74135.0,13624.0,0.1837728468334794,False,1,21,2,35,1,14,0.8174273858921162,0.7551867219917012,0.16390041493775934,0.7925311203319503,0.34024896265560167,0.3211618257261411,57.63,57.25,351,359,8,False,False,outside_top_20
06,037,434003,06037434003,1400000US06037434003,4340.03,Census Tract 4340.03,G5020,S,963510,0,+34.0465456,-118.0226580,06,037,434003,Census Tract 4340.03; Los Angeles County; California,3786,380,460,110,12.15,117,104,0,14,117,104.93807697875924,12.06192302124076,221.93807697875923,0.8969066408440961,usable_with_caution,3.09,25.43,76930.0,9628.0,0.1251527362537371,False,1,11,1,14,0,3,0.3096473029045643,0.29512448132780084,0.1887966804979253,0.30383817427385895,0.5394190871369294,0.6391078838174273,32.79,34.79,771,748,-23,False,False,outside_top_20
06,037,406602,06037406602,1400000US06037406602,4066.02,Census Tract 4066.02,G5020,S,1590290,0,+34.0542813,-117.9318958,06,037,406602,Census Tract 4066.02; Los Angeles County; California,4564,834,1010,171,22.13,333,157,7,11,340,157.3848785620779,182.6151214379221,497.3848785620779,0.4628967016531702,more_reliable,7.45,33.66,91641.0,27411.0,0.2991128425049923,False,1,11,3,21,2,10,0.6664937759336099,0.6281120331950207,0.3682572614107884,0.6511410788381742,0.5394190871369294,0.4020746887966805,57.22,54.48,361,422,61,False,False,outside_top_20
06,037,402403,06037402403,1400000US06037402403,4024.03,Census Tract 4024.03,G5020,S,2032376,0,+34.0502856,-117.8132614,06,037,402403,Census Tract 4024.03; Los Angeles County; California,4826,800,255,107,5.28,93,56,0,14,93,57.723478758647246,35.276521241352754,150.72347875864725,0.6206825672972822,usable_with_caution,1.93,36.47,87536.0,7766.0,0.0887177846828733,False,1,6,1,6,0,0,0.23236514522821577,0.15197095435684646,0.31224066390041494,0.20020746887966806,0.6940871369294606,0.7813278008298756,32.14,33.88,775,759,-16,False,False,outside_top_20
06,037,403500,06037403500,1400000US06037403500,4035,Census Tract 4035,G5020,S,4918499,0,+34.0625414,-117.8518640,06,037,403500,Census Tract 4035; Los Angeles County; California,1414,267,509,188,36.0,259,170,33,29,292,172.45579143653018,119.54420856346982,464.45579143653015,0.5906020254675691,usable_with_caution,20.65,57.37,114306.0,23230.0,0.2032264273091526,False,0,6,0,6,0,0,0.6141078838174274,0.845954356846473,0.6109958506224067,0.7068464730290457,0.8061203319502075,0.8686721991701245,70.75,72.0,127,107,-20,False,False,outside_top_20
06,037,406101,06037406101,1400000US06037406101,4061.01,Census Tract 4061.01,G5020,S,1388112,0,+34.0902906,-117.8911488,06,037,406101,Census Tract 4061.01; Los Angeles County; California,3269,551,212,104,6.49,105,74,0,14,105,75.31268153505093,29.687318464949072,180.31268153505093,0.7172636336671517,usable_with_caution,3.21,49.53,88786.0,19086.0,0.2149663235194737,False,0,7,1,10,1,3,0.27022821576763484,0.30757261410788383,0.32987551867219916,0.2851659751037344,0.7737551867219918,0.7131742738589211,39.18,37.97,679,704,25,False,False,outside_top_20
06,037,403326,06037403326,1400000US06037403326,4033.26,Census Tract 4033.26,G5020,S,1913710,3949,+33.9970125,-117.8572097,06,037,403326,Census Tract 4033.26; Los Angeles County; California,2350,301,1278,231,54.38,815,215,4,6,819,215.08370463612533,603.9162953638747,1034.0837046361253,0.262617465978175,more_reliable,34.85,64.08,135375.0,16325.0,0.1205909510618652,False,0,15,3,36,3,21,0.8319502074688797,0.9087136929460581,0.779045643153527,0.8626556016597511,0.5387966804979254,0.26794605809128624,78.12,72.7,56,99,43,False,False,outside_top_20
06,037,405701,06037405701,1400000US06037405701,4057.01,Census Tract 4057.01,G5020,S,1043909,0,+34.0937659,-117.9211246,06,037,405701,Census Tract 4057.01; Los Angeles County; California,3829,613,878,575,22.93,247,178,11,18,258,178.90779748239035,79.09220251760965,436.9077974823904,0.6934410755131409,usable_with_caution,6.74,29.38,79650.0,33554.0,0.4212680477087256,False,0,9,1,13,1,4,0.571058091286307,0.5881742738589212,0.21680497925311204,0.5779045643153526,0.7133817427385892,0.6571576763485477,53.28,52.15,453,472,19,False,False,outside_top_20
06,037,670604,06037670604,1400000US06037670604,6706.04,Census Tract 6706.04,G5020,S,10345164,7255843,+33.7385168,-118.3696845,06,037,670604,Census Tract 6706.04; Los Angeles County; California,4764,736,1074,366,22.54,561,389,170,160,731,420.61978079971465,310.3802192002853,1151.6197807997146,0.5754032569079544,usable_with_caution,15.34,68.06,159962.0,41632.0,0.2602618121803928,False,0,0,0,0,0,0,0.8112033195020747,0.7966804979253111,0.8724066390041494,0.8053941908713693,0.929045643153527,0.9436721991701245,84.35,84.65,18,12,-6,True,True,stable_top_20
06,037,403305,06037403305,1400000US06037403305,4033.05,Census Tract 4033.05,G5020,S,1481586,0,+33.9779399,-117.8483535,06,037,403305,Census Tract 4033.05; Los Angeles County; California,2308,294,1805,322,78.21,1002,339,12,17,1014,339.42598604113977,674.5740139588602,1353.4259860411398,0.3347396312042798,more_reliable,43.93,56.18,119145.0,27693.0,0.2324310713836082,False,0,9,2,22,2,13,0.8765560165975104,0.9512448132780082,0.6524896265560166,0.9064315352697095,0.7133817427385892,0.4387966804979253,81.7,76.21,31,65,34,False,False,outside_top_20
06,037,670603,06037670603,1400000US06037670603,6706.03,Census Tract 6706.03,G5020,S,3899420,0,+33.7513409,-118.3835062,06,037,670603,Census Tract 6706.03; Los Angeles County; California,1886,296,687,188,36.43,222,107,161,124,383,163.783393541592,219.216606458408,546.783393541592,0.4276328813096397,more_reliable,20.31,55.75,198194.0,90922.0,0.4587525353946133,False,0,0,0,0,0,0,0.7022821576763485,0.8397302904564315,0.9533195020746889,0.7572614107883817,0.929045643153527,0.9436721991701245,83.08,83.38,20,18,-2,True,True,stable_top_20
06,037,405800,06037405800,1400000US06037405800,4058,Census Tract 4058,G5020,S,1895342,0,+34.1033944,-117.9126784,06,037,405800,Census Tract 4058; Los Angeles County; California,5702,931,881,495,15.45,603,484,8,14,611,484.2024370033674,126.79756299663256,1095.202437003367,0.7924753469776881,usable_with_caution,10.72,69.35,93750.0,19948.0,0.2127786666666666,False,0,7,1,10,1,3,0.7904564315352697,0.7178423236514523,0.3967842323651452,0.7614107883817427,0.7737551867219918,0.7131742738589211,69.1,67.88,148,159,11,False,False,outside_top_20
06,037,480202,06037480202,1400000US06037480202,4802.02,Census Tract 4802.02,G5020,S,1515054,0,+34.1089007,-118.0972909,06,037,480202,Census Tract 4802.02; Los Angeles County; California,2742,415,1493,376,54.45,1002,363,129,82,1131,372.1464765384727,758.8535234615273,1503.1464765384726,0.3290419774875974,more_reliable,41.25,75.75,119318.0,38684.0,0.3242092559379138,False,2,32,8,70,6,38,0.8890041493775933,0.9408713692946058,0.6535269709543569,0.9097510373443983,0.22406639004149376,0.0769709543568465,72.14,69.2,112,142,30,False,False,outside_top_20
06,037,577605,06037577605,1400000US06037577605,5776.05,Census Tract 5776.05,G5020,S,1524866,298384,+33.7654065,-118.1205075,06,037,577605,Census Tract 5776.05; Los Angeles County; California,4668,608,277,153,5.93,68,59,41,62,109,85.58621384311844,23.41378615688156,194.5862138431185,0.7851946224139307,usable_with_caution,2.34,39.35,168750.0,59385.0,0.3519111111111111,False,0,0,0,0,0,0,0.2868257261410788,0.19139004149377592,0.899896265560166,0.24865145228215765,0.929045643153527,0.9436721991701245,51.5,51.79,478,477,-1,False,False,outside_top_20
06,037,277000,06037277000,1400000US06037277000,2770,Census Tract 2770,G5020,S,2298914,0,+33.9713675,-118.4003336,06,037,277000,Census Tract 2770; Los Angeles County; California,5711,1104,559,199,9.79,200,128,46,77,246,149.37536610833797,96.62463389166204,395.375366108338,0.6072169353997479,usable_with_caution,4.31,44.01,180385.0,39911.0,0.2212545389029021,False,1,12,2,16,1,4,0.5523858921161826,0.4139004149377593,0.9201244813278008,0.4969917012448133,0.5110995850622406,0.5340248962655602,58.44,58.9,337,328,-9,False,False,outside_top_20
06,037,480102,06037480102,1400000US06037480102,4801.02,Census Tract 4801.02,G5020,S,1228398,0,+34.1081935,-118.0849734,06,037,480102,Census Tract 4801.02; Los Angeles County; California,3900,510,2310,503,59.23,1473,525,218,112,1691,536.8137479610596,1154.1862520389404,2227.81374796106,0.3174534287173622,more_reliable,43.36,73.2,133625.0,38368.0,0.2871318989710009,False,3,35,8,72,5,37,0.9408713692946058,0.9481327800829875,0.770746887966805,0.9437759336099585,0.16338174273858921,0.07292531120331949,75.31,73.5,80,91,11,False,False,outside_top_20
06,037,480012,06037480012,1400000US06037480012,4800.12,Census Tract 4800.12,G5020,S,1282871,0,+34.1180317,-118.0740581,06,037,480012,Census Tract 4800.12; Los Angeles County; California,4838,546,2825,491,58.39,1872,560,364,324,2236,646.9744971789846,1589.0255028210154,2882.9744971789846,0.2893445872893491,more_reliable,46.22,79.15,99375.0,27941.0,0.2811672955974842,False,2,23,4,53,2,30,0.970954356846473,0.9585062240663901,0.45695020746887965,0.9659751037344397,0.2502074688796681,0.18890041493775933,72.1,70.88,113,119,6,False,False,outside_top_20
06,037,480002,06037480002,1400000US06037480002,4800.02,Census Tract 4800.02,G5020,S,1403749,0,+34.1205918,-118.0862078,06,037,480002,Census Tract 4800.02; Los Angeles County; California,3645,612,2314,568,63.48,1514,498,46,48,1560,500.30790519439125,1059.6920948056088,2060.3079051943914,0.3207101956374303,more_reliable,42.8,67.42,149861.0,49463.0,0.3300591881810478,False,1,26,1,56,0,30,0.9325726141078838,0.9439834024896265,0.83298755186722,0.9371369294605809,0.3259336099585062,0.3381742738589212,79.41,79.65,43,40,-3,False,False,outside_top_20
06,037,431200,06037431200,1400000US06037431200,4312,Census Tract 4312,G5020,S,1487868,0,+34.1234436,-117.9954127,06,037,431200,Census Tract 4312; Los Angeles County; California,6523,686,422,194,6.47,106,78,119,153,225,171.73526137634053,53.26473862365947,396.7352613763405,0.7632678283392913,usable_with_caution,3.45,53.32,93750.0,17436.0,0.185984,False,1,10,1,19,0,9,0.5202282157676349,0.32676348547717843,0.3967842323651452,0.44284232365145226,0.5689834024896265,0.549792531120332,45.89,45.5,589,599,10,False,False,outside_top_20
06,037,431800,06037431800,1400000US06037431800,4318,Census Tract 4318,G5020,S,1361845,0,+34.1198024,-118.0616206,06,037,431800,Census Tract 4318; Los Angeles County; California,5162,608,3113,395,60.31,1955,453,315,201,2270,495.59055681076086,1774.409443189239,2765.590556810761,0.2183218311941678,more_reliable,43.98,72.92,83021.0,31888.0,0.3840955902723407,False,6,22,12,53,6,31,0.9740663900414938,0.9522821576763485,0.25933609958506226,0.9653526970954356,0.1453319502074689,0.10508298755186721,66.01,65.21,187,195,8,False,False,outside_top_20
06,037,431300,06037431300,1400000US06037431300,4313,Census Tract 4313,G5020,S,816699,0,+34.1251274,-118.0066747,06,037,431300,Census Tract 4313; Los Angeles County; California,2565,415,567,145,22.11,210,122,88,79,298,145.34441853748632,152.65558146251368,443.3444185374863,0.4877329481123702,more_reliable,11.62,52.56,97083.0,20301.0,0.2091097308488612,False,1,15,2,34,1,19,0.6213692946058091,0.741701244813278,0.4367219917012448,0.6695020746887967,0.42676348547717846,0.32458506224066397,57.44,55.4,358,401,43,False,False,outside_top_20
06,037,430802,06037430802,1400000US06037430802,4308.02,Census Tract 4308.02,G5020,S,1858234,1218,+34.1278374,-118.0195417,06,037,430802,Census Tract 4308.02; Los Angeles County; California,3973,517,2913,482,73.32,1530,397,399,380,1929,549.5534550887656,1379.4465449112345,2478.553455088765,0.2848903344161563,more_reliable,48.55,66.22,138333.0,36419.0,0.2632705139048528,False,4,17,6,37,2,20,0.9543568464730291,0.9678423236514523,0.7956431535269709,0.9597510373443983,0.22126556016597507,0.18288381742738585,77.92,77.16,57,54,-3,False,False,outside_top_20
06,037,431100,06037431100,1400000US06037431100,4311,Census Tract 4311,G5020,S,3007139,0,+34.1360861,-117.9972169,06,037,431100,Census Tract 4311; Los Angeles County; California,7322,814,762,319,10.41,333,204,79,114,412,233.69210512980536,178.30789487019464,645.6921051298053,0.5672138474024402,usable_with_caution,5.63,54.07,82091.0,7884.0,0.0960397607533103,False,3,8,5,15,2,7,0.7157676348547718,0.5181535269709544,0.245850622406639,0.6367219917012448,0.49979253112033195,0.4394190871369295,53.12,51.91,456,475,19,False,False,outside_top_20
06,037,800101,06037800101,1400000US06037800101,8001.01,Census Tract 8001.01,G5020,S,8096200,0,+34.1340645,-118.6268306,06,037,800101,Census Tract 8001.01; Los Angeles County; California,5646,584,510,226,9.03,114,99,18,24,132,101.86756107809786,30.132438921902136,233.86756107809788,0.7717239475613474,usable_with_caution,2.34,25.88,198141.0,34727.0,0.1752640796200685,False,0,1,0,1,0,0,0.3506224066390041,0.19139004149377592,0.9522821576763485,0.28692946058091284,0.9122406639004149,0.9321576763485477,54.51,54.9,424,415,-9,False,False,outside_top_20
06,037,430724,06037430724,1400000US06037430724,4307.24,Census Tract 4307.24,G5020,S,579861,0,+34.1270542,-118.0591177,06,037,430724,Census Tract 4307.24; Los Angeles County; California,5396,602,3020,532,55.97,1426,306,299,200,1725,365.5625801418958,1359.4374198581042,2090.562580141896,0.2119203363141425,more_reliable,31.97,57.12,105644.0,24377.0,0.2307466585892242,False,6,18,15,40,9,22,0.9429460580912863,0.9004149377593361,0.5456431535269709,0.9259336099585063,0.17894190871369298,0.12251037344398341,70.05,68.92,132,145,13,False,False,outside_top_20
06,037,430902,06037430902,1400000US06037430902,4309.02,Census Tract 4309.02,G5020,S,1177867,0,+34.1348717,-118.0145416,06,037,430902,Census Tract 4309.02; Los Angeles County; California,5034,611,1188,346,23.6,515,173,114,90,629,195.0102561405425,433.9897438594575,824.0102561405425,0.3100322037210533,more_reliable,12.5,52.95,103021.0,15672.0,0.1521243241669174,False,5,15,9,31,4,16,0.7940871369294605,0.754149377593361,0.5072614107883817,0.7781120331950208,0.24896265560165975,0.18817427385892116,61.81,60.6,265,292,27,False,False,outside_top_20
06,037,800328,06037800328,1400000US06037800328,8003.28,Census Tract 8003.28,G5020,S,9638012,0,+34.1531531,-118.7176005,06,037,800328,Census Tract 8003.28; Los Angeles County; California,1306,235,206,93,15.77,129,105,0,14,129,105.92922165295089,23.070778347049117,234.9292216529509,0.8211567569996193,usable_with_caution,9.88,62.62,173125.0,117060.0,0.6761588447653429,False,0,2,0,2,0,0,0.34232365145228216,0.700207468879668,0.9092323651452282,0.4854771784232365,0.8926348547717843,0.9193983402489627,65.17,65.7,205,190,-15,False,False,outside_top_20
06,037,670500,06037670500,1400000US06037670500,6705,Census Tract 6705,G5020,S,7744892,0,+33.7600164,-118.3471684,06,037,670500,Census Tract 6705; Los Angeles County; California,1509,217,290,71,19.22,81,48,14,13,95,49.72926703662542,45.27073296337458,144.72926703662543,0.5234659688065834,usable_with_caution,6.3,32.76,250001.0,,,True,0,3,0,4,0,1,0.2437759336099585,0.5591286307053942,0.9948132780082988,0.3699170124481328,0.8733402489626556,0.8935684647302904,59.56,59.96,313,304,-9,False,False,outside_top_20
06,037,700200,06037700200,1400000US06037700200,7002,Census Tract 7002,G5020,S,698991,0,+34.0924899,-118.3653030,06,037,700200,Census Tract 7002; Los Angeles County; California,6549,911,226,154,3.45,125,112,0,19,125,113.6001760562016,11.399823943798395,238.6001760562016,0.9088014084496128,usable_with_caution,1.91,55.31,97490.0,17449.0,0.1789824597394604,False,0,8,1,21,1,13,0.33143153526970953,0.14937759336099585,0.44398340248962653,0.25860995850622404,0.7441908713692946,0.5186721991701245,39.28,34.77,675,749,74,False,False,outside_top_20
06,037,271600,06037271600,1400000US06037271600,2716,Census Tract 2716,G5020,S,901115,4341,+34.0210549,-118.4304607,06,037,271600,Census Tract 2716; Los Angeles County; California,5608,582,1972,507,35.16,894,401,60,56,954,404.8913434490789,549.1086565509211,1358.891343449079,0.42441440613111,more_reliable,17.01,48.38,122554.0,18673.0,0.1523654878665731,False,0,20,0,30,0,10,0.8641078838174274,0.8143153526970954,0.6939834024896265,0.8441908713692947,0.45975103734439837,0.5030082987551867,73.73,74.59,95,82,-13,False,False,outside_top_20
06,037,400209,06037400209,1400000US06037400209,4002.09,Census Tract 4002.09,G5020,S,6617540,247160,+34.1328213,-117.7561453,06,037,400209,Census Tract 4002.09; Los Angeles County; California,4696,578,927,307,19.74,323,167,0,14,323,167.5857989210303,155.4142010789697,490.5857989210303,0.518841482727648,usable_with_caution,6.88,34.84,142917.0,73326.0,0.51306702491656,False,0,5,0,7,0,2,0.6493775933609959,0.5969917012448133,0.808091286307054,0.6284232365145228,0.8350622406639003,0.8524896265560167,70.57,70.92,128,118,-10,False,False,outside_top_20
06,037,276606,06037276606,1400000US06037276606,2766.06,Census Tract 2766.06,G5020,S,216888,0,+33.9551349,-118.4383274,06,037,276606,Census Tract 2766.06; Los Angeles County; California,3310,243,732,143,22.11,16,17,144,4,160,17.46424919657298,142.53575080342702,177.46424919657298,0.1091515574785811,more_reliable,4.83,21.86,132339.0,32760.0,0.2475460748532178,False,0,8,0,9,0,1,0.41545643153526973,0.46680497925311204,0.7634854771784232,0.43599585062240664,0.7441908713692946,0.8191908713692946,56.31,57.81,379,352,-27,False,False,outside_top_20
06,037,269908,06037269908,1400000US06037269908,2699.08,Census Tract 2699.08,G5020,S,167452,0,+34.0296868,-118.4132103,06,037,269908,Census Tract 2699.08; Los Angeles County; California,1868,318,462,249,24.73,132,117,0,14,132,117.83462988442744,14.165370115572555,249.83462988442744,0.8926865900335412,usable_with_caution,7.07,28.57,77222.0,20817.0,0.2695734376214032,False,3,20,4,32,1,12,0.3506224066390041,0.6099585062240664,0.18983402489626555,0.45435684647302904,0.2153526970954357,0.2511410788381743,35.37,36.08,739,733,-6,False,False,outside_top_20
06,037,267503,06037267503,1400000US06037267503,2675.03,Census Tract 2675.03,G5020,S,197549,0,+34.0424856,-118.4542291,06,037,267503,Census Tract 2675.03; Los Angeles County; California,2326,765,491,206,21.11,182,137,0,14,182,137.71347065556077,44.28652934443923,319.71347065556074,0.7566674211843998,usable_with_caution,7.82,37.07,156343.0,70692.0,0.4521596745617008,False,4,15,10,24,6,9,0.4538381742738589,0.6369294605809128,0.8568464730290456,0.5270746887966804,0.2645228215767635,0.24346473029045643,54.05,53.63,431,449,18,False,False,outside_top_20
06,037,267406,06037267406,1400000US06037267406,2674.06,Census Tract 2674.06,G5020,S,211278,3875,+34.0433912,-118.4640120,06,037,267406,Census Tract 2674.06; Los Angeles County; California,1984,295,258,125,13.0,94,86,0,14,94,87.13208364316786,6.86791635683214,181.13208364316785,0.9269370600337008,usable_with_caution,4.74,36.43,90605.0,15843.0,0.1748578996744109,False,0,16,1,25,1,9,0.23858921161825727,0.45954356846473027,0.35684647302904565,0.3269709543568465,0.5148340248962656,0.4598547717842324,37.05,35.95,713,736,23,False,False,outside_top_20
06,037,206053,06037206053,1400000US06037206053,2060.53,Census Tract 2060.53,G5020,S,560000,28207,+34.0437716,-118.2249549,06,037,206053,Census Tract 2060.53; Los Angeles County; California,3066,464,303,156,9.88,61,51,0,14,61,52.88667128870941,8.113328711290592,113.8866712887094,0.8669946112903182,usable_with_caution,1.99,20.13,48657.0,18169.0,0.3734097868754752,False,5,31,9,38,4,7,0.11307053941908714,0.15767634854771784,0.04149377593360996,0.1309128630705394,0.13039419087136928,0.154253112033195,11.29,11.77,953,953,0,False,False,outside_top_20
06,037,670417,06037670417,1400000US06037670417,6704.17,Census Tract 6704.17,G5020,S,2021778,0,+33.7762285,-118.3690173,06,037,670417,Census Tract 6704.17; Los Angeles County; California,2786,282,1108,207,39.77,299,132,21,31,320,135.5912976558599,184.4087023441401,455.5912976558599,0.4237228051745622,more_reliable,11.49,28.88,183389.0,34223.0,0.1866142462197841,False,0,4,0,9,0,5,0.6441908713692946,0.7375518672199171,0.9273858921161826,0.6815352697095436,0.8556016597510374,0.8191908713692946,76.55,75.82,67,68,1,False,False,outside_top_20
06,037,670418,06037670418,1400000US06037670418,6704.18,Census Tract 6704.18,G5020,S,2527258,0,+33.7863514,-118.3788676,06,037,670418,Census Tract 6704.18; Los Angeles County; California,4428,548,1173,356,26.49,322,141,44,51,366,149.9399879951976,216.0600120048024,515.9399879951976,0.4096720983475345,more_reliable,8.27,31.2,192045.0,56980.0,0.2967012939675597,False,0,6,0,10,0,4,0.6882780082987552,0.6545643153526971,0.941908713692946,0.674792531120332,0.8061203319502075,0.8005186721991702,75.45,75.34,77,78,1,False,False,outside_top_20
06,037,555107,06037555107,1400000US06037555107,5551.07,Census Tract 5551.07,G5020,S,1206094,60514,+33.8394940,-118.0644185,06,037,555107,Census Tract 5551.07; Los Angeles County; California,5111,626,1751,431,34.26,269,147,27,43,296,153.16004700965587,142.83995299034413,449.16004700965584,0.5174325912488374,usable_with_caution,5.79,16.9,84222.0,8418.0,0.099950131794543,False,1,7,1,12,0,5,0.6198132780082988,0.5285269709543569,0.27282157676348545,0.583298755186722,0.6617219917012449,0.674896265560166,53.69,53.95,446,442,-4,False,False,outside_top_20
06,037,480101,06037480101,1400000US06037480101,4801.01,Census Tract 4801.01,G5020,S,1136820,0,+34.1092000,-118.0734465,06,037,480101,Census Tract 4801.01; Los Angeles County; California,4323,600,2746,578,63.52,1842,446,141,152,1983,471.1899829155964,1511.8100170844036,2454.1899829155964,0.2376147165484601,more_reliable,45.87,72.21,93828.0,17932.0,0.1911156584388455,False,3,31,4,67,1,36,0.9585062240663901,0.9559128630705395,0.3983402489626556,0.9574688796680497,0.17582987551867216,0.14937759336099585,68.93,68.4,152,153,1,False,False,outside_top_20
06,037,555105,06037555105,1400000US06037555105,5551.05,Census Tract 5551.05,G5020,S,1100522,0,+33.8421351,-118.0756803,06,037,555105,Census Tract 5551.05; Los Angeles County; California,5885,638,1439,245,24.45,50,64,24,34,74,72.47068372797375,1.52931627202625,146.47068372797375,0.9793335638915373,usable_with_caution,1.26,5.14,108199.0,16746.0,0.1547703768057006,False,1,9,2,14,1,5,0.1628630705394191,0.052904564315352696,0.5653526970954357,0.11887966804979253,0.6013485477178423,0.5729253112033195,30.47,29.9,798,804,6,False,False,outside_top_20
06,037,650606,06037650606,1400000US06037650606,6506.06,Census Tract 6506.06,G5020,S,733350,0,+33.8401305,-118.3601060,06,037,650606,Census Tract 6506.06; Los Angeles County; California,4042,475,1500,357,37.11,166,112,99,147,265,184.8053029542172,80.19469704578279,449.8053029542172,0.6973785017140273,usable_with_caution,6.56,17.67,87031.0,7429.0,0.0853603888269697,False,1,13,2,20,1,7,0.5793568464730291,0.578838174273859,0.3070539419087137,0.579149377593361,0.48122406639004156,0.4658713692946058,50.51,50.21,498,509,11,False,False,outside_top_20
06,037,650801,06037650801,1400000US06037650801,6508.01,Census Tract 6508.01,G5020,S,740707,0,+33.8273615,-118.3328098,06,037,650801,Census Tract 6508.01; Los Angeles County; California,3931,553,2760,559,70.21,139,114,40,63,179,130.24976007655445,48.75023992344555,309.2497600765545,0.7276522909304718,usable_with_caution,4.55,6.49,146406.0,29050.0,0.1984208297474147,False,4,13,4,20,0,7,0.4512448132780083,0.43983402489626555,0.8226141078838174,0.44668049792531117,0.3189834024896266,0.37811203319502074,49.63,50.82,516,501,-15,False,False,outside_top_20
06,037,461300,06037461300,1400000US06037461300,4613,Census Tract 4613,G5020,S,1948639,1061,+34.1740052,-118.1117330,06,037,461300,Census Tract 4613; Los Angeles County; California,6078,788,407,142,6.7,126,103,0,19,126,104.7377677822093,21.262232217790697,230.7377677822093,0.8312521252556294,usable_with_caution,2.07,30.96,97279.0,38789.0,0.3987397074394268,False,0,2,0,2,0,0,0.33402489626556015,0.16493775933609958,0.4408713692946058,0.26639004149377593,0.8926348547717843,0.9193983402489627,42.65,43.19,635,634,-1,False,False,outside_top_20
06,037,620703,06037620703,1400000US06037620703,6207.03,Census Tract 6207.03,G5020,S,577439,0,+33.8617562,-118.3826394,06,037,620703,Census Tract 6207.03; Los Angeles County; California,3547,575,467,224,13.17,149,112,0,14,149,112.8716084761797,36.1283915238203,261.8716084761797,0.7575275736656356,usable_with_caution,4.2,31.91,248207.0,45932.0,0.1850552160092181,False,0,13,1,17,1,4,0.39367219917012447,0.4019709543568465,0.9885892116182573,0.3969917012448133,0.5932572614107885,0.5858921161825725,55.46,55.31,402,404,2,False,False,outside_top_20
06,037,620704,06037620704,1400000US06037620704,6207.04,Census Tract 6207.04,G5020,S,747423,0,+33.8622022,-118.3764818,06,037,620704,Census Tract 6207.04; Los Angeles County; California,3835,637,985,527,25.68,200,130,10,16,210,130.9809146402635,79.01908535973647,340.9809146402636,0.623718641144112,usable_with_caution,5.48,21.32,194597.0,18775.0,0.0964814462710113,False,1,13,2,18,1,5,0.4979253112033195,0.508298755186722,0.9450207468879668,0.5020746887966805,0.48122406639004156,0.5035269709543568,58.65,59.1,331,324,-7,False,False,outside_top_20
06,037,620801,06037620801,1400000US06037620801,6208.01,Census Tract 6208.01,G5020,S,1193767,0,+33.8804019,-118.3833180,06,037,620801,Census Tract 6208.01; Los Angeles County; California,3842,464,981,295,25.53,373,181,69,91,442,202.5882523741197,239.41174762588037,644.5882523741196,0.4583444623848861,more_reliable,11.5,45.06,219188.0,40668.0,0.1855393543442159,False,1,9,3,12,2,3,0.7282157676348547,0.7385892116182573,0.9699170124481328,0.7323651452282157,0.6013485477178423,0.558298755186722,75.37,74.51,79,83,4,False,False,outside_top_20
06,037,620802,06037620802,1400000US06037620802,6208.02,Census Tract 6208.02,G5020,S,1286519,0,+33.8800941,-118.3916672,06,037,620802,Census Tract 6208.02; Los Angeles County; California,3550,762,455,111,12.82,136,93,82,101,218,137.2953021774598,80.7046978225402,355.2953021774598,0.629794964116788,usable_with_caution,6.14,47.91,191250.0,121620.0,0.635921568627451,False,1,8,3,11,2,3,0.5077800829875518,0.5487551867219918,0.9408713692946058,0.5241701244813278,0.6321576763485477,0.5772821576763485,62.91,61.81,247,261,14,False,False,outside_top_20
06,037,670102,06037670102,1400000US06037670102,6701.02,Census Tract 6701.02,G5020,S,549502,0,+33.7874679,-118.3208673,06,037,670102,Census Tract 6701.02; Los Angeles County; California,3811,520,960,361,25.19,66,73,47,62,113,95.77577981932592,17.224220180674067,208.77577981932592,0.8475732727373977,usable_with_caution,2.97,11.77,97027.0,22011.0,0.2268543807393818,False,1,6,2,10,1,4,0.2966804979253112,0.2816390041493776,0.43568464730290457,0.2906639004149378,0.6940871369294606,0.6469917012448132,40.04,39.09,667,680,13,False,False,outside_top_20
06,037,543605,06037543605,1400000US06037543605,5436.05,Census Tract 5436.05,G5020,S,956400,0,+33.8149727,-118.2926058,06,037,543605,Census Tract 5436.05; Los Angeles County; California,4242,592,1746,421,41.16,222,117,0,14,222,117.83462988442744,104.16537011557256,339.83462988442744,0.5307866211010245,usable_with_caution,5.23,12.71,93636.0,21600.0,0.2306805074971165,False,0,11,0,13,0,2,0.5155601659751037,0.49118257261410786,0.39315352697095435,0.5058091286307054,0.6514522821576764,0.7445020746887967,51.24,53.1,482,460,-22,False,False,outside_top_20
06,037,301901,06037301901,1400000US06037301901,3019.01,Census Tract 3019.01,G5020,S,455877,3314,+34.1555376,-118.2518321,06,037,301901,Census Tract 3019.01; Los Angeles County; California,3949,494,383,157,9.7,66,62,0,14,66,63.56099432828282,2.439005671717183,129.56099432828282,0.9630453686103456,usable_with_caution,1.67,17.23,72500.0,27505.0,0.3793793103448276,False,1,5,4,10,3,5,0.133298755186722,0.1187759336099585,0.1504149377593361,0.1274896265560166,0.7230290456431535,0.5592323651452282,25.12,21.84,869,900,31,False,False,outside_top_20
06,037,650904,06037650904,1400000US06037650904,6509.04,Census Tract 6509.04,G5020,S,934808,0,+33.8244877,-118.3230148,06,037,650904,Census Tract 6509.04; Los Angeles County; California,2440,310,1346,324,55.16,114,71,0,14,114,72.3671196055225,41.632880394477496,186.3671196055225,0.6347992947852851,usable_with_caution,4.67,8.47,126645.0,8411.0,0.0664139918670298,False,1,14,2,20,1,6,0.29979253112033194,0.45020746887966806,0.7261410788381742,0.35995850622406644,0.45290456431535264,0.4658713692946058,45.18,45.44,597,601,4,False,False,outside_top_20
06,037,571201,06037571201,1400000US06037571201,5712.01,Census Tract 5712.01,G5020,S,1305152,0,+33.8359574,-118.1337041,06,037,571201,Census Tract 5712.01; Los Angeles County; California,3973,689,245,129,6.17,75,72,0,14,75,73.348483283569,1.6515167164310045,148.348483283569,0.9779797771142532,usable_with_caution,1.89,30.61,179148.0,63323.0,0.3534675240583205,False,0,5,0,6,0,1,0.1696058091286307,0.14730290456431536,0.9180497925311203,0.16068464730290458,0.8350622406639003,0.8686721991701245,44.7,45.38,604,602,-2,False,False,outside_top_20
06,037,293204,06037293204,1400000US06037293204,2932.04,Census Tract 2932.04,G5020,S,603024,1719,+33.8297185,-118.3026955,06,037,293204,Census Tract 2932.04; Los Angeles County; California,4230,1528,879,476,20.78,12,21,97,102,109,104.1393297462587,4.860670253741304,213.13932974625868,0.9554066949198046,usable_with_caution,2.58,12.4,120338.0,40051.0,0.3328208878326048,False,2,17,3,21,1,4,0.2868257261410788,0.2349585062240664,0.66701244813278,0.2660788381742738,0.3034232365145228,0.4020746887966805,35.37,37.35,739,713,-26,False,False,outside_top_20
06,037,603007,06037603007,1400000US06037603007,6030.07,Census Tract 6030.07,G5020,S,670251,0,+33.9035477,-118.2961504,06,037,603007,Census Tract 6030.07; Los Angeles County; California,3463,577,458,205,13.23,43,40,0,14,43,42.37924020083418,0.6207597991658176,85.37924020083418,0.985563725600795,usable_with_caution,1.24,9.39,80035.0,27960.0,0.34934716061723,False,2,16,2,23,0,7,0.03734439834024896,0.0487551867219917,0.22302904564315354,0.04190871369294606,0.3227178423236515,0.42230290456431535,13.43,15.42,942,936,-6,False,False,outside_top_20
06,037,275313,06037275313,1400000US06037275313,2753.13,Census Tract 2753.13,G5020,S,969993,7489,+33.9854415,-118.4325112,06,037,275313,Census Tract 2753.13; Los Angeles County; California,3470,841,456,123,13.14,59,43,0,14,59,45.22167621838005,13.778323781619946,104.22167621838004,0.7664690884471196,usable_with_caution,1.7,12.94,117341.0,29407.0,0.2506114657280916,False,1,9,1,13,0,4,0.10684647302904564,0.12344398340248963,0.6379668049792531,0.11348547717842324,0.6013485477178423,0.6571576763485477,31.6,32.71,784,774,-10,False,False,outside_top_20
06,037,543606,06037543606,1400000US06037543606,5436.06,Census Tract 5436.06,G5020,S,669973,0,+33.8217191,-118.2931883,06,037,543606,Census Tract 5436.06; Los Angeles County; California,3939,617,1490,615,37.83,154,118,4,8,158,118.27087553578016,39.72912446421985,276.27087553578014,0.7485498451631655,usable_with_caution,4.01,10.6,75192.0,18681.0,0.2484439834024896,False,2,11,2,13,0,2,0.4092323651452282,0.3817427385892116,0.17427385892116182,0.3982365145228216,0.4593360995850623,0.5909751037344398,36.57,39.2,723,678,-45,False,False,outside_top_20
06,037,920038,06037920038,1400000US06037920038,9200.38,Census Tract 9200.38,G5020,S,1003056,0,+34.4236171,-118.4469244,06,037,920038,Census Tract 9200.38; Los Angeles County; California,4804,527,482,228,10.03,83,78,0,14,83,79.2464510246358,3.753548975364197,162.2464510246358,0.954776518369106,usable_with_caution,1.73,17.22,77669.0,8886.0,0.1144085799997425,False,0,2,1,4,1,2,0.1950207468879668,0.1270746887966805,0.1950207468879668,0.1678423236514523,0.8926348547717843,0.8062240663900415,31.82,30.1,780,802,22,False,False,outside_top_20
06,037,113324,06037113324,1400000US06037113324,1133.24,Census Tract 1133.24,G5020,S,324461,0,+34.2536130,-118.5863726,06,037,113324,Census Tract 1133.24; Los Angeles County; California,3010,1599,167,111,5.55,38,33,0,14,38,35.84689665786984,2.153103342130158,73.84689665786985,0.9433393857334168,usable_with_caution,1.26,22.75,104063.0,9109.0,0.0875335133524883,False,1,4,1,5,0,1,0.0254149377593361,0.052904564315352696,0.5217842323651453,0.03641078838174274,0.7435684647302905,0.7940871369294606,27.49,28.5,832,823,-9,False,False,outside_top_20
06,037,901214,06037901214,1400000US06037901214,9012.14,Census Tract 9012.14,G5020,S,5186421,16299,+34.6669986,-118.2460489,06,037,901214,Census Tract 9012.14; Los Angeles County; California,5187,1043,205,142,3.95,100,84,0,19,100,86.12200647918046,13.877993520819544,186.12200647918047,0.8612200647918046,usable_with_caution,1.93,48.78,119641.0,19930.0,0.1665816902232512,False,0,0,0,0,0,0,0.2551867219917012,0.15197095435684646,0.6587136929460581,0.21390041493775933,0.929045643153527,0.9436721991701245,44.59,44.88,606,609,3,False,False,outside_top_20
06,037,901014,06037901014,1400000US06037901014,9010.14,Census Tract 9010.14,G5020,S,6249152,4362,+34.6988264,-118.1946323,06,037,901014,Census Tract 9010.14; Los Angeles County; California,5184,769,567,150,10.94,132,116,0,19,132,117.5457357797381,14.454264220261903,249.5457357797381,0.8904979983313492,usable_with_caution,2.55,23.28,116615.0,26525.0,0.227457874201432,False,0,3,0,5,0,2,0.3506224066390041,0.229253112033195,0.6317427385892116,0.3020746887966805,0.8733402489626556,0.8814315352697095,48.23,48.39,541,545,4,False,False,outside_top_20
06,037,920109,06037920109,1400000US06037920109,9201.09,Census Tract 9201.09,G5020,S,2193146,505,+34.4525214,-118.5535741,06,037,920109,Census Tract 9201.09; Los Angeles County; California,4803,561,838,316,17.45,142,127,0,14,142,127.76932339180638,14.23067660819362,269.7693233918064,0.8997839675479322,usable_with_caution,2.96,16.95,114469.0,11693.0,0.1021499270544863,False,1,5,1,7,0,2,0.3770746887966805,0.2800829875518672,0.6130705394190872,0.33827800829875515,0.7230290456431535,0.7651452282157676,47.02,47.86,566,556,-10,False,False,outside_top_20
06,037,460002,06037460002,1400000US06037460002,4600.02,Census Tract 4600.02,G5020,S,1566411,2157,+34.1694689,-118.0721794,06,037,460002,Census Tract 4600.02; Los Angeles County; California,2850,305,1002,242,35.16,573,260,10,15,583,260.43233286210835,322.56766713789165,843.4323328621083,0.4467106910156233,more_reliable,20.46,58.18,162260.0,49145.0,0.3028780968815481,False,0,3,0,9,0,6,0.783195020746888,0.8433609958506224,0.8807053941908713,0.8072614107883818,0.8733402489626556,0.8191908713692946,83.52,82.43,19,24,5,True,False,drops_from_top_20
06,037,125321,06037125321,1400000US06037125321,1253.21,Census Tract 1253.21,G5020,S,259269,0,+34.1667044,-118.3650522,06,037,125321,Census Tract 1253.21; Los Angeles County; California,2776,547,307,163,11.06,40,42,33,54,73,68.41052550594829,4.589474494051714,141.41052550594827,0.9371304863828532,usable_with_caution,2.63,23.78,69053.0,18857.0,0.2730800978958191,False,1,14,3,19,2,5,0.15508298755186722,0.24221991701244813,0.13174273858921162,0.18993775933609958,0.45290456431535264,0.433195020746888,23.09,22.7,895,893,-2,False,False,outside_top_20
06,037,300602,06037300602,1400000US06037300602,3006.02,Census Tract 3006.02,G5020,S,1494245,32150,+34.2038272,-118.2338438,06,037,300602,Census Tract 3006.02; Los Angeles County; California,3177,398,259,149,8.15,48,44,0,14,48,46.17358552246078,1.8264144775392168,94.17358552246078,0.9619496983845996,usable_with_caution,1.51,18.53,116471.0,38488.0,0.330451356990152,False,0,2,0,4,0,2,0.05549792531120332,0.09232365145228216,0.6296680497925311,0.07022821576763486,0.8926348547717843,0.8935684647302904,34.66,34.68,752,750,-2,False,False,outside_top_20
06,037,113424,06037113424,1400000US06037113424,1134.24,Census Tract 1134.24,G5020,S,1741131,0,+34.2284455,-118.5610661,06,037,113424,Census Tract 1134.24; Los Angeles County; California,3069,535,480,143,15.64,42,39,7,24,49,45.79301256742124,3.2069874325787566,94.79301256742124,0.9345512768861478,usable_with_caution,1.6,10.21,101563.0,30174.0,0.2970963835254965,False,1,8,2,12,1,4,0.060684647302904564,0.10477178423236515,0.48910788381742737,0.0783195020746888,0.6321576763485477,0.6087136929460581,27.12,26.66,841,854,13,False,False,outside_top_20
06,037,650802,06037650802,1400000US06037650802,6508.02,Census Tract 6508.02,G5020,S,547740,0,+33.8273239,-118.3405730,06,037,650802,Census Tract 6508.02; Los Angeles County; California,3495,547,2400,498,68.67,84,60,38,58,122,83.45058418010026,38.549415819899735,205.45058418010024,0.6840211818041005,usable_with_caution,3.49,5.08,130532.0,15351.0,0.1176033463058866,False,4,15,4,23,0,8,0.3241701244813278,0.3329875518672199,0.7520746887966805,0.32769709543568465,0.2645228215767635,0.33454356846473027,39.99,41.39,669,661,-8,False,False,outside_top_20
06,037,571505,06037571505,1400000US06037571505,5715.05,Census Tract 5715.05,G5020,S,655806,0,+33.8472309,-118.1723747,06,037,571505,Census Tract 5715.05; Los Angeles County; California,2681,684,657,140,24.51,34,23,7,12,41,25.942243542145693,15.057756457854309,66.94224354214569,0.6327376473694072,usable_with_caution,1.53,6.24,95871.0,9512.0,0.0992166557144496,False,0,4,0,4,0,0,0.03112033195020747,0.09439834024896265,0.41597510373443985,0.05643153526970955,0.8556016597510374,0.8935684647302904,28.82,29.58,817,811,-6,False,False,outside_top_20
06,037,543804,06037543804,1400000US06037543804,5438.04,Census Tract 5438.04,G5020,S,600266,0,+33.8278768,-118.2729168,06,037,543804,Census Tract 5438.04; Los Angeles County; California,4643,1452,2399,1449,51.67,32,14,0,14,32,19.79898987322333,12.20101012677667,51.79898987322333,0.6187184335382291,usable_with_caution,0.69,1.33,128350.0,32562.0,0.2536969224776003,False,1,11,1,12,0,1,0.012448132780082987,0.004149377593360996,0.7365145228215768,0.00912863070539419,0.5394190871369294,0.674896265560166,26.07,28.78,858,817,-41,False,False,outside_top_20
06,037,603008,06037603008,1400000US06037603008,6030.08,Census Tract 6030.08,G5020,S,468177,0,+33.8976939,-118.2950879,06,037,603008,Census Tract 6030.08; Los Angeles County; California,3820,816,532,166,13.93,108,105,7,11,115,105.57461816175324,9.42538183824675,220.57461816175325,0.9180401579282892,usable_with_caution,3.01,21.62,74280.0,13476.0,0.181421647819063,False,4,16,6,23,2,7,0.30186721991701243,0.2868257261410788,0.16493775933609958,0.295850622406639,0.24056016597510377,0.2905601659751037,25.86,26.86,862,850,-12,False,False,outside_top_20
06,037,503704,06037503704,1400000US06037503704,5037.04,Census Tract 5037.04,G5020,S,1504047,0,+33.9069480,-117.9854852,06,037,503704,Census Tract 5037.04; Los Angeles County; California,4526,603,2651,450,58.57,51,54,15,32,66,62.76941930590086,3.230580694099139,128.76941930590087,0.9510518076651646,usable_with_caution,1.46,2.49,68273.0,27746.0,0.4063978439500241,False,1,6,1,7,0,1,0.133298755186722,0.08609958506224066,0.12448132780082988,0.11441908713692946,0.6940871369294606,0.7651452282157676,23.24,24.66,893,878,-15,False,False,outside_top_20
06,037,920039,06037920039,1400000US06037920039,9200.39,Census Tract 9200.39,G5020,S,1042081,1043,+34.4232114,-118.4402442,06,037,920039,Census Tract 9200.39; Los Angeles County; California,1661,179,176,81,10.6,16,19,10,16,26,24.839484696748443,1.1605153032515574,50.83948469674844,0.9553647960287862,usable_with_caution,1.57,14.77,140700.0,17736.0,0.1260554371002132,False,0,1,2,3,2,2,0.0036307053941908715,0.0995850622406639,0.8029045643153527,0.04201244813278008,0.9122406639004149,0.7524896265560166,36.82,33.63,719,762,43,False,False,outside_top_20
06,037,224702,06037224702,1400000US06037224702,2247.02,Census Tract 2247.02,G5020,S,395566,0,+34.0248596,-118.2796034,06,037,224702,Census Tract 2247.02; Los Angeles County; California,2483,300,908,236,36.57,514,208,29,35,543,210.92415698539605,332.07584301460395,753.924156985396,0.3884422780578196,more_reliable,21.87,59.8,5213.0,1985.0,0.3807788221753309,False,5,49,6,63,1,14,0.7691908713692946,0.8547717842323651,0.001037344398340249,0.8034232365145229,0.05539419087136928,0.11970954356846472,49.33,50.62,527,505,-22,False,False,outside_top_20
06,037,403327,06037403327,1400000US06037403327,4033.27,Census Tract 4033.27,G5020,S,8757543,115181,+34.0170108,-117.8334009,06,037,403327,Census Tract 4033.27; Los Angeles County; California,2402,264,996,211,41.47,478,191,70,83,548,208.25465180878916,339.74534819121084,756.2546518087892,0.3800267368773524,more_reliable,22.81,55.02,121935.0,16767.0,0.1375076885225735,False,1,12,1,23,0,11,0.7738589211618258,0.8630705394190872,0.6867219917012448,0.8095435684647303,0.5110995850622406,0.4884854771784232,72.53,72.08,108,104,-4,False,False,outside_top_20
06,037,270102,06037270102,1400000US06037270102,2701.02,Census Tract 2701.02,G5020,S,196322,0,+34.0256717,-118.3983188,06,037,270102,Census Tract 2701.02; Los Angeles County; California,2380,496,806,480,33.87,30,28,19,22,49,35.608987629529715,13.391012370470284,84.60898762952971,0.7267140332557085,usable_with_caution,2.06,6.08,128186.0,13193.0,0.1029207557767619,False,3,15,3,25,0,10,0.060684647302904564,0.16390041493775934,0.7344398340248963,0.10197095435684647,0.29439834024896266,0.3432572614107884,26.7,27.67,851,837,-14,False,False,outside_top_20
06,037,271703,06037271703,1400000US06037271703,2717.03,Census Tract 2717.03,G5020,S,453321,0,+34.0229895,-118.4150805,06,037,271703,Census Tract 2717.03; Los Angeles County; California,2805,348,902,364,32.16,394,275,69,69,463,283.5242494038208,179.47575059617918,746.5242494038208,0.6123633896410817,usable_with_caution,16.51,51.33,121354.0,18401.0,0.1516307661881767,False,2,21,3,29,1,8,0.7344398340248963,0.808091286307054,0.6773858921161826,0.7639004149377594,0.2601659751037344,0.3056016597510373,64.59,65.49,220,191,-29,False,False,outside_top_20
06,037,407802,06037407802,1400000US06037407802,4078.02,Census Tract 4078.02,G5020,S,3134375,1706,+34.0229329,-117.9348629,06,037,407802,Census Tract 4078.02; Los Angeles County; California,3218,363,703,380,21.85,433,259,14,14,447,259.37810239108467,187.62189760891533,706.3781023910847,0.5802642111657376,usable_with_caution,13.89,63.58,118594.0,19808.0,0.1670236268276641,False,0,17,0,33,0,16,0.729253112033195,0.7769709543568465,0.6483402489626556,0.7483402489626556,0.49553941908713695,0.4843360995850623,67.78,67.55,166,165,-1,False,False,outside_top_20
06,037,269909,06037269909,1400000US06037269909,2699.09,Census Tract 2699.09,G5020,S,169898,0,+34.0259582,-118.4105667,06,037,269909,Census Tract 2699.09; Los Angeles County; California,2238,614,228,150,10.19,58,43,0,14,58,45.22167621838005,12.778323781619946,103.22167621838004,0.7796840727306906,usable_with_caution,2.59,25.44,101581.0,42009.0,0.4135517468817987,False,3,17,4,27,1,10,0.10321576763485477,0.23807053941908712,0.49066390041493774,0.15715767634854771,0.2511410788381742,0.28475103734439833,24.27,24.94,879,876,-3,False,False,outside_top_20
06,037,271704,06037271704,1400000US06037271704,2717.04,Census Tract 2717.04,G5020,S,543743,0,+34.0288890,-118.4195622,06,037,271704,Census Tract 2717.04; Los Angeles County; California,2987,895,953,821,31.9,171,111,57,68,228,130.17296186228538,97.82703813771462,358.1729618622854,0.5709340432556376,usable_with_caution,7.63,23.92,124638.0,38302.0,0.3073059580545259,False,0,19,0,33,0,14,0.5228215767634855,0.6327800829875518,0.7074688796680498,0.566804979253112,0.46846473029045643,0.4843360995850623,57.53,57.84,354,349,-5,False,False,outside_top_20
06,037,207901,06037207901,1400000US06037207901,2079.01,Census Tract 2079.01,G5020,S,203283,0,+34.0429141,-118.2641664,06,037,207901,Census Tract 2079.01; Los Angeles County; California,4049,469,1531,447,37.81,1007,380,0,14,1007,380.2578072834271,626.7421927165728,1387.2578072834272,0.3776145057432245,more_reliable,24.87,65.77,71563.0,44043.0,0.6154437348909353,False,8,50,9,68,1,18,0.8755186721991701,0.8734439834024896,0.14730290456431536,0.8746887966804979,0.022717842323651417,0.0770746887966805,55.88,56.97,391,365,-26,False,False,outside_top_20
06,037,206202,06037206202,1400000US06037206202,2062.02,Census Tract 2062.02,G5020,S,377893,0,+34.0467318,-118.2403201,06,037,206202,Census Tract 2062.02; Los Angeles County; California,1702,240,993,236,58.34,49,42,13,21,62,46.95742752749558,15.042572472504418,108.95742752749558,0.757377863346703,usable_with_caution,3.64,6.24,24182.0,6581.0,0.2721445703415763,False,6,39,10,46,4,7,0.11670124481327801,0.34439834024896265,0.0031120331950207467,0.20778008298755188,0.09149377593360997,0.12925311203319503,14.36,15.11,938,937,-1,False,False,outside_top_20
06,037,267202,06037267202,1400000US06037267202,2672.02,Census Tract 2672.02,G5020,S,575907,0,+34.0470561,-118.4339786,06,037,267202,Census Tract 2672.02; Los Angeles County; California,3880,632,824,319,21.24,276,198,34,49,310,203.9730374338726,106.0269625661274,513.9730374338726,0.6579775401092665,usable_with_caution,7.99,37.62,125188.0,25369.0,0.2026472185832508,False,7,17,12,28,5,11,0.6338174273858921,0.6452282157676349,0.7105809128630706,0.6383817427385892,0.18495850622406634,0.19190871369294604,56.21,56.35,383,382,-1,False,False,outside_top_20
06,037,207712,06037207712,1400000US06037207712,2077.12,Census Tract 2077.12,G5020,S,407275,0,+34.0477448,-118.2564092,06,037,207712,Census Tract 2077.12; Los Angeles County; California,4967,699,1875,532,37.75,434,302,47,71,481,310.2337828154761,170.7662171845239,791.2337828154762,0.6449766794500543,usable_with_caution,9.68,25.65,63484.0,31771.0,0.5004568080146179,False,8,45,9,62,1,17,0.7442946058091287,0.6965767634854771,0.0954356846473029,0.7252074688796681,0.04574688796680493,0.09730290456431534,46.34,47.37,579,566,-13,False,False,outside_top_20
06,037,206052,06037206052,1400000US06037206052,2060.52,Census Tract 2060.52,G5020,S,907764,16638,+34.0477555,-118.2332714,06,037,206052,Census Tract 2060.52; Los Angeles County; California,3160,474,1392,358,44.05,445,242,77,85,522,256.4936646391096,265.50633536089043,778.4936646391095,0.4913671736381409,more_reliable,16.52,37.5,110714.0,39211.0,0.3541647849413805,False,6,35,10,42,4,7,0.7608921161825726,0.8091286307053942,0.5860995850622407,0.7801867219917011,0.10674273858921163,0.13267634854771784,60.67,61.19,295,277,-18,False,False,outside_top_20
06,037,206201,06037206201,1400000US06037206201,2062.01,Census Tract 2062.01,G5020,S,200835,0,+34.0474873,-118.2440019,06,037,206201,Census Tract 2062.01; Los Angeles County; California,2191,376,872,199,39.8,323,168,59,47,382,174.4505660638566,207.5494339361434,556.4505660638566,0.4566768745127136,more_reliable,17.43,43.81,47333.0,17833.0,0.3767561743392559,False,7,41,11,49,4,8,0.7007261410788381,0.8184647302904564,0.03941908713692946,0.7478215767634855,0.07199170124481324,0.11680497925311203,47.1,47.99,563,553,-10,False,False,outside_top_20
06,037,402504,06037402504,1400000US06037402504,4025.04,Census Tract 4025.04,G5020,S,600367,0,+34.0474602,-117.7542728,06,037,402504,Census Tract 4025.04; Los Angeles County; California,2267,313,493,207,21.75,257,166,8,12,265,166.43316977093238,98.56683022906762,431.4331697709324,0.6280496972488014,usable_with_caution,11.69,53.75,38667.0,14688.0,0.3798587943207386,False,2,9,2,11,0,2,0.5793568464730291,0.7437759336099585,0.01970954356846473,0.6451244813278009,0.5212655601659751,0.6276970954356846,49.53,51.66,518,480,-38,False,False,outside_top_20
06,037,271803,06037271803,1400000US06037271803,2718.03,Census Tract 2718.03,G5020,S,228595,0,+34.0194715,-118.4103492,06,037,271803,Census Tract 2718.03; Los Angeles County; California,3426,612,432,146,12.61,113,88,31,48,144,100.23971268913334,43.76028731086666,244.2397126891333,0.6961091158967593,usable_with_caution,4.2,33.33,99469.0,11085.0,0.1114417557228885,False,3,20,4,30,1,10,0.383298755186722,0.4019709543568465,0.45850622406639,0.39076763485477184,0.2153526970954357,0.2617219917012448,36.92,37.85,715,706,-9,False,False,outside_top_20
06,037,207305,06037207305,1400000US06037207305,2073.05,Census Tract 2073.05,G5020,S,202772,0,+34.0494280,-118.2496616,06,037,207305,Census Tract 2073.05; Los Angeles County; California,1051,209,252,208,23.98,78,59,0,14,78,60.63827174318213,17.36172825681787,138.63827174318214,0.7774137402972068,usable_with_caution,7.42,30.95,68348.0,6900.0,0.1009539415930239,False,7,43,11,54,4,11,0.17686721991701246,0.6244813278008299,0.1275933609958506,0.35591286307053943,0.06234439834024896,0.10684647302904562,25.15,26.04,868,864,-4,False,False,outside_top_20
06,037,265524,06037265524,1400000US06037265524,2655.24,Census Tract 2655.24,G5020,S,429281,0,+34.0508537,-118.4453248,06,037,265524,Census Tract 2655.24; Los Angeles County; California,2806,314,443,165,15.79,88,97,89,91,177,133.00375934536586,43.996240654634136,310.0037593453659,0.7514336686178862,usable_with_caution,6.31,39.95,123325.0,16877.0,0.1368497871477802,False,9,16,17,26,8,10,0.44761410788381745,0.5606846473029046,0.7022821576763485,0.4928423236514523,0.19263485477178427,0.19927385892116184,47.47,47.6,558,560,2,False,False,outside_top_20
06,037,207306,06037207306,1400000US06037207306,2073.06,Census Tract 2073.06,G5020,S,161373,0,+34.0488584,-118.2464257,06,037,207306,Census Tract 2073.06; Los Angeles County; California,2193,282,386,237,17.6,70,53,15,22,85,57.38466694161429,27.61533305838571,142.38466694161428,0.6751137287248741,usable_with_caution,3.88,22.02,49729.0,21946.0,0.4413119105552092,False,7,40,11,48,4,8,0.20487551867219916,0.3682572614107884,0.04564315352697095,0.27022821576763484,0.07728215767634856,0.11898340248962655,18.67,19.51,923,915,-8,False,False,outside_top_20
06,037,206054,06037206054,1400000US06037206054,2060.54,Census Tract 2060.54,G5020,S,397066,21680,+34.0486658,-118.2254588,06,037,206054,Census Tract 2060.54; Los Angeles County; California,2174,413,397,205,18.26,108,107,0,14,108,107.91200118615168,0.0879988138483298,215.91200118615168,0.999185196168071,usable_with_caution,4.97,27.2,87292.0,39059.0,0.447452229299363,False,6,31,9,38,3,7,0.2816390041493776,0.4730290456431535,0.31016597510373445,0.3581950207468879,0.11919087136929457,0.154253112033195,30.08,30.78,801,795,-6,False,False,outside_top_20
06,037,267101,06037267101,1400000US06037267101,2671.01,Census Tract 2671.01,G5020,S,484394,0,+34.0507910,-118.4279971,06,037,267101,Census Tract 2671.01; Los Angeles County; California,3039,607,573,239,18.85,241,202,27,32,268,204.51894777746145,63.48105222253855,472.5189477774615,0.7631304021547068,usable_with_caution,8.82,46.77,91607.0,30823.0,0.3364699204209285,False,7,18,7,32,0,14,0.5845435684647303,0.6690871369294605,0.36721991701244816,0.6183609958506224,0.16939834024896266,0.19553941908713696,47.83,48.36,550,546,-4,False,False,outside_top_20
06,037,270101,06037270101,1400000US06037270101,2701.01,Census Tract 2701.01,G5020,S,374512,0,+34.0282202,-118.3947356,06,037,270101,Census Tract 2701.01; Los Angeles County; California,1832,361,458,165,25.0,197,148,12,18,209,149.09057649630307,59.90942350369693,358.0905764963031,0.7133520406521678,usable_with_caution,11.41,45.63,78940.0,25198.0,0.3192044590828477,False,2,16,2,28,0,12,0.49636929460580914,0.7354771784232366,0.21058091286307054,0.5920124481327801,0.3227178423236515,0.3634854771784233,46.19,47.0,584,574,-10,False,False,outside_top_20
06,037,407202,06037407202,1400000US06037407202,4072.02,Census Tract 4072.02,G5020,S,808408,0,+34.0321410,-117.9553676,06,037,407202,Census Tract 4072.02; Los Angeles County; California,3132,554,349,145,11.14,247,158,0,14,247,158.61904047118682,88.38095952881318,405.6190404711869,0.6421823500857766,usable_with_caution,7.89,70.77,96125.0,44459.0,0.4625123537061118,False,2,11,4,21,2,10,0.5554979253112033,0.6400414937759336,0.4211618257261411,0.5893153526970953,0.4593360995850623,0.36473029045643157,52.97,51.08,459,492,33,False,False,outside_top_20
06,037,224701,06037224701,1400000US06037224701,2247.01,Census Tract 2247.01,G5020,S,235489,0,+34.0286296,-118.2806701,06,037,224701,Census Tract 2247.01; Los Angeles County; California,2550,128,836,173,32.78,221,90,18,23,239,92.89241088485107,146.10758911514893,331.8924108848511,0.3886711752504229,more_reliable,9.37,28.59,32273.0,24122.0,0.7474359371610945,False,5,49,6,65,1,16,0.54201244813278,0.6856846473029046,0.012448132780082987,0.5994813278008299,0.05539419087136928,0.10943983402489624,37.33,38.41,707,698,-9,False,False,outside_top_20
06,037,482404,06037482404,1400000US06037482404,4824.04,Census Tract 4824.04,G5020,S,938964,0,+34.0463451,-118.0851206,06,037,482404,Census Tract 4824.04; Los Angeles County; California,3316,965,2660,984,80.22,980,352,10,16,990,352.3634487287238,637.6365512712762,1342.3634487287238,0.3559226754835594,more_reliable,29.86,37.22,61755.0,14954.0,0.2421504331633066,False,3,35,3,64,0,29,0.8724066390041494,0.8910788381742739,0.08713692946058091,0.8798755186721993,0.16338174273858921,0.19636929460580915,57.8,58.46,346,341,-5,False,False,outside_top_20
06,037,482801,06037482801,1400000US06037482801,4828.01,Census Tract 4828.01,G5020,S,3165244,0,+34.0369451,-118.1149074,06,037,482801,Census Tract 4828.01; Los Angeles County; California,3920,652,1603,245,40.89,1076,255,50,53,1126,260.4496112494699,865.5503887505301,1386.44961124947,0.2313051609675576,more_reliable,28.72,70.24,92697.0,27464.0,0.2962771179218313,False,2,33,2,58,0,25,0.8879668049792531,0.8879668049792531,0.3817427385892116,0.8879668049792531,0.22188796680497924,0.26701244813278013,65.35,66.25,198,183,-15,False,False,outside_top_20
06,037,267201,06037267201,1400000US06037267201,2672.01,Census Tract 2672.01,G5020,S,599858,0,+34.0443021,-118.4402893,06,037,267201,Census Tract 2672.01; Los Angeles County; California,2666,379,556,287,20.86,141,106,20,32,161,110.72488428533129,50.27511571466873,271.72488428533126,0.6877322005300079,usable_with_caution,6.04,28.96,102028.0,34867.0,0.341739522484024,False,7,18,12,29,5,11,0.4175311203319502,0.5430497925311203,0.4927385892116183,0.46773858921161826,0.16939834024896266,0.18443983402489622,41.31,41.61,653,658,5,False,False,outside_top_20
06,037,267405,06037267405,1400000US06037267405,2674.05,Census Tract 2674.05,G5020,S,213687,0,+34.0412046,-118.4672574,06,037,267405,Census Tract 2674.05; Los Angeles County; California,2512,306,315,119,12.54,157,89,18,26,175,92.72000862812727,82.27999137187271,267.7200086281273,0.529828620732156,usable_with_caution,6.97,55.56,105170.0,29510.0,0.280593325092707,False,0,14,1,23,1,9,0.4429460580912863,0.6047717842323651,0.5394190871369294,0.5076763485477178,0.5649377593360996,0.4884854771784232,52.55,51.02,466,494,28,False,False,outside_top_20
06,037,407901,06037407901,1400000US06037407901,4079.01,Census Tract 4079.01,G5020,S,1025305,0,+34.0421526,-117.9301339,06,037,407901,Census Tract 4079.01; Los Angeles County; California,4195,869,546,132,13.02,136,106,48,76,184,130.43005788544295,53.56994211455705,314.4300578854429,0.7088590102469725,usable_with_caution,4.39,33.7,111615.0,37700.0,0.3377682211172333,False,0,9,0,18,0,9,0.45954356846473027,0.4170124481327801,0.5933609958506224,0.4425311203319502,0.7133817427385892,0.6570539419087137,52.69,51.56,463,481,18,False,False,outside_top_20
06,037,207303,06037207303,1400000US06037207303,2073.03,Census Tract 2073.03,G5020,S,177016,0,+34.0432917,-118.2538919,06,037,207303,Census Tract 2073.03; Los Angeles County; California,2688,450,563,139,20.94,61,56,38,57,99,79.90619500389191,19.09380499610809,178.90619500389192,0.807133282867595,usable_with_caution,3.68,17.58,31969.0,7818.0,0.244549407238262,False,6,47,9,60,3,13,0.25,0.34854771784232363,0.011410788381742738,0.28941908713692943,0.05321576763485478,0.1047717842323651,18.66,19.69,924,912,-12,False,False,outside_top_20
06,037,207902,06037207902,1400000US06037207902,2079.02,Census Tract 2079.02,G5020,S,699776,0,+34.0398342,-118.2590061,06,037,207902,Census Tract 2079.02; Los Angeles County; California,7082,982,2629,763,37.12,929,483,87,113,1016,496.0423369028092,519.9576630971908,1512.0423369028092,0.488230646557883,more_reliable,14.35,38.65,104090.0,14286.0,0.1372466135075415,False,6,48,7,64,1,16,0.8775933609958506,0.7811203319502075,0.5238589211618258,0.8390041493775934,0.04917012448132782,0.10342323651452284,61.8,62.89,266,243,-23,False,False,outside_top_20
06,037,267504,06037267504,1400000US06037267504,2675.04,Census Tract 2675.04,G5020,S,256302,0,+34.0404490,-118.4574873,06,037,267504,Census Tract 2675.04; Los Angeles County; California,3544,646,906,283,25.56,275,100,52,53,327,113.17685275708986,213.82314724291007,440.1768527570899,0.3461065833550149,more_reliable,9.23,36.09,98947.0,29208.0,0.2951883331480489,False,4,16,10,25,6,9,0.6535269709543569,0.6804979253112033,0.4553941908713693,0.6643153526970955,0.24056016597510377,0.23039419087136934,53.78,53.57,444,451,7,False,False,outside_top_20
06,037,433803,06037433803,1400000US06037433803,4338.03,Census Tract 4338.03,G5020,S,1188826,0,+34.0396389,-118.0443414,06,037,433803,Census Tract 4338.03; Los Angeles County; California,3302,472,1082,249,32.77,416,182,7,12,423,182.3951753747889,240.6048246252111,605.3951753747889,0.4311942680255056,more_reliable,12.81,39.09,89735.0,16652.0,0.185568618710648,False,1,16,1,21,0,5,0.7219917012448133,0.7603734439834025,0.3433609958506224,0.737344398340249,0.4028008298755187,0.5186721991701245,59.16,61.48,320,271,-49,False,False,outside_top_20
06,037,407201,06037407201,1400000US06037407201,4072.01,Census Tract 4072.01,G5020,S,646890,0,+34.0353096,-117.9652980,06,037,407201,Census Tract 4072.01; Los Angeles County; California,3316,527,405,248,12.21,212,107,0,14,212,107.91200118615168,104.08799881384832,319.91200118615166,0.5090188735195833,usable_with_caution,6.39,52.35,136063.0,26479.0,0.1946083799416446,False,1,10,3,16,2,6,0.5010373443983402,0.566908713692946,0.7852697095435685,0.5273858921161826,0.5689834024896265,0.483609958506224,58.73,57.02,329,363,34,False,False,outside_top_20
06,037,407502,06037407502,1400000US06037407502,4075.02,Census Tract 4075.02,G5020,S,1029828,0,+34.0439866,-117.9379348,06,037,407502,Census Tract 4075.02; Los Angeles County; California,3622,402,428,187,11.82,163,149,7,11,170,149.40548852033515,20.594511479664845,319.40548852033515,0.8788558148255009,usable_with_caution,4.69,39.72,115061.0,7479.0,0.065000304186475,False,3,11,6,21,3,10,0.4299792531120332,0.4528008298755187,0.6234439834024896,0.43910788381742744,0.4070539419087137,0.320746887966805,46.96,45.23,570,604,34,False,False,outside_top_20
06,037,264305,06037264305,1400000US06037264305,2643.05,Census Tract 2643.05,G5020,S,1345942,0,+34.0476827,-118.4788954,06,037,264305,Census Tract 2643.05; Los Angeles County; California,4518,1475,367,141,8.12,82,81,34,32,116,87.09190547921202,28.908094520787984,203.091905479212,0.7507922886138967,usable_with_caution,2.57,31.61,163859.0,37990.0,0.2318456721937763,False,0,13,1,22,1,9,0.3049792531120332,0.23184647302904565,0.8858921161825726,0.2757261410788382,0.5932572614107885,0.5049792531120332,46.13,44.36,586,620,34,False,False,outside_top_20
06,037,403409,06037403409,1400000US06037403409,4034.09,Census Tract 4034.09,G5020,S,4684452,0,+34.0492746,-117.8457880,06,037,403409,Census Tract 4034.09; Los Angeles County; California,3966,399,2488,333,62.73,1099,272,130,109,1229,293.027302482209,935.972697517791,1522.027302482209,0.2384274226869072,more_reliable,30.99,49.4,128654.0,30386.0,0.2361838730237691,False,1,7,1,8,0,1,0.8993775933609959,0.8962655601659751,0.741701244813278,0.8981327800829876,0.6617219917012449,0.7486514522821577,81.96,83.7,30,17,-13,False,True,enters_top_20
06,037,461200,06037461200,1400000US06037461200,4612,Census Tract 4612,G5020,S,2455789,0,+34.1809720,-118.1154462,06,037,461200,Census Tract 4612; Los Angeles County; California,4424,478,205,109,4.63,74,70,0,14,74,71.386273190299,2.6137268097010065,145.386273190299,0.9646793674364728,usable_with_caution,1.67,36.1,186023.0,50685.0,0.2724663079296646,False,0,1,0,1,0,0,0.1628630705394191,0.1187759336099585,0.9315352697095436,0.14522821576763484,0.9122406639004149,0.9321576763485477,45.59,45.99,593,591,-2,False,False,outside_top_20
06,037,500204,06037500204,1400000US06037500204,5002.04,Census Tract 5002.04,G5020,S,5316959,755,+33.9623741,-117.9739695,06,037,500204,Census Tract 5002.04; Los Angeles County; California,2341,430,493,181,21.06,251,132,24,38,275,137.3608386695422,137.6391613304578,412.3608386695422,0.4994939587983353,more_reliable,11.75,55.78,160682.0,84302.0,0.524651174369251,False,0,4,0,5,0,1,0.5969917012448133,0.745850622406639,0.8744813278008299,0.6565352697095436,0.8556016597510374,0.8814315352697095,73.99,74.51,92,83,-9,False,False,outside_top_20
06,037,482403,06037482403,1400000US06037482403,4824.03,Census Tract 4824.03,G5020,S,961740,0,+34.0571971,-118.0862346,06,037,482403,Census Tract 4824.03; Los Angeles County; California,3291,489,2024,558,61.5,1422,558,0,14,1422,558.1755996100152,863.8244003899848,1980.175599610015,0.3925285510618953,more_reliable,43.21,70.26,69265.0,33915.0,0.4896412329459323,False,4,40,7,76,3,36,0.9201244813278008,0.9470954356846473,0.13278008298755187,0.9309128630705393,0.11358921161825727,0.07323651452282157,60.78,59.98,292,302,10,False,False,outside_top_20
06,037,405702,06037405702,1400000US06037405702,4057.02,Census Tract 4057.02,G5020,S,1376777,0,+34.0921945,-117.9121006,06,037,405702,Census Tract 4057.02; Los Angeles County; California,5333,810,1259,448,23.61,835,382,22,39,857,383.9856768162063,473.01432318379375,1240.9856768162065,0.448057965946565,more_reliable,16.07,68.07,95441.0,14697.0,0.15399042340294,False,0,7,1,11,1,4,0.8433609958506224,0.803941908713693,0.4139004149377593,0.8275933609958506,0.7737551867219918,0.6938796680497925,73.41,71.81,100,110,10,False,False,outside_top_20
06,037,431400,06037431400,1400000US06037431400,4314,Census Tract 4314,G5020,S,1594643,203692,+34.1116649,-118.0107010,06,037,431400,Census Tract 4314; Los Angeles County; California,3647,577,1482,351,40.64,715,234,24,37,739,236.90715480964263,502.09284519035737,975.9071548096426,0.3205780173337519,more_reliable,20.26,49.87,107222.0,31393.0,0.2927850627669695,False,1,15,2,32,1,17,0.8132780082987552,0.8381742738589212,0.558091286307054,0.8232365145228215,0.42676348547717846,0.33890041493775935,69.09,67.33,150,173,23,False,False,outside_top_20
06,037,404503,06037404503,1400000US06037404503,4045.03,Census Tract 4045.03,G5020,S,656776,0,+34.1105983,-117.9120723,06,037,404503,Census Tract 4045.03; Los Angeles County; California,3061,345,515,144,16.82,138,81,0,14,138,82.20097323024831,55.79902676975169,220.2009732302483,0.5956592263061472,usable_with_caution,4.51,26.8,99665.0,15760.0,0.1581297346109466,False,0,6,0,9,0,3,0.3646265560165975,0.4341286307053942,0.45954356846473027,0.3924273858921162,0.8061203319502075,0.8191908713692946,48.86,49.12,534,531,-3,False,False,outside_top_20
06,037,920328,06037920328,1400000US06037920328,9203.28,Census Tract 9203.28,G5020,S,2343533,10965,+34.4146918,-118.5679312,06,037,920328,Census Tract 9203.28; Los Angeles County; California,1961,388,255,93,13.0,43,35,6,9,49,36.1386219991853,12.861378000814696,85.1386219991853,0.7375228979425572,usable_with_caution,2.5,19.22,117692.0,40998.0,0.3483499303266152,False,1,6,2,8,1,2,0.060684647302904564,0.21732365145228216,0.6410788381742739,0.12334024896265561,0.6940871369294606,0.6824688796680498,34.1,33.87,756,760,4,False,False,outside_top_20
06,037,920330,06037920330,1400000US06037920330,9203.30,Census Tract 9203.30,G5020,S,3243808,620,+34.4044037,-118.5606309,06,037,920330,Census Tract 9203.30; Los Angeles County; California,4445,450,199,104,4.48,30,25,18,21,48,32.64965543462902,15.350344565370982,80.64965543462901,0.6802011548881045,usable_with_caution,1.08,24.12,104117.0,9558.0,0.0918005705120201,False,2,6,3,9,1,3,0.05549792531120332,0.03475103734439834,0.524896265560166,0.04719917012448133,0.6140041493775934,0.6152489626556017,25.61,25.63,863,870,7,False,False,outside_top_20
06,037,920334,06037920334,1400000US06037920334,9203.34,Census Tract 9203.34,G5020,S,2719062,21085,+34.3873773,-118.5672498,06,037,920334,Census Tract 9203.34; Los Angeles County; California,6224,692,579,251,9.3,39,30,0,19,39,35.510561809129406,3.489438190870594,74.5105618091294,0.910527225875113,usable_with_caution,0.63,6.74,110117.0,19218.0,0.1745234614092283,False,1,6,1,9,0,3,0.027489626556016597,0.002074688796680498,0.5819502074688797,0.01732365145228216,0.6940871369294606,0.7318464730290457,26.56,27.32,852,842,-10,False,False,outside_top_20
06,037,141500,06037141500,1400000US06037141500,1415,Census Tract 1415,G5020,S,3275159,0,+34.1405622,-118.4787549,06,037,141500,Census Tract 1415; Los Angeles County; California,2807,663,143,114,5.09,101,100,0,14,101,100.9752444909147,0.0247555090852955,201.9752444909147,0.9997548959496504,usable_with_caution,3.6,70.63,206607.0,109350.0,0.5292657073574467,False,0,6,0,8,0,2,0.25881742738589214,0.3428423236514523,0.9616182572614108,0.2924273858921162,0.8061203319502075,0.8359958506224067,52.9,53.5,461,452,-9,False,False,outside_top_20
06,037,209201,06037209201,1400000US06037209201,2092.01,Census Tract 2092.01,G5020,S,168180,0,+34.0523851,-118.2626532,06,037,209201,Census Tract 2092.01; Los Angeles County; California,3494,407,1003,301,28.71,337,215,0,14,337,215.4553317975677,121.54466820243226,552.4553317975677,0.6393333287761654,usable_with_caution,9.65,33.6,79966.0,11598.0,0.1450366405722432,False,11,49,12,68,1,19,0.6649377593360996,0.6950207468879668,0.22199170124481327,0.6769709543568465,0.017219917012448117,0.062136929460580914,45.4,46.3,596,585,-11,False,False,outside_top_20
06,037,217102,06037217102,1400000US06037217102,2171.02,Census Tract 2171.02,G5020,S,501915,0,+34.0508918,-118.3537896,06,037,217102,Census Tract 2171.02; Los Angeles County; California,2627,299,252,127,9.59,59,61,40,45,99,75.8023746329889,23.1976253670111,174.80237463298891,0.7656805518483727,usable_with_caution,3.77,39.29,97625.0,45600.0,0.4670934699103713,False,3,19,4,34,1,15,0.25,0.35892116182572614,0.4450207468879668,0.29356846473029047,0.22406639004149376,0.23682572614107888,31.0,31.25,795,792,-3,False,False,outside_top_20
06,037,433903,06037433903,1400000US06037433903,4339.03,Census Tract 4339.03,G5020,S,909752,0,+34.0529761,-118.0280671,06,037,433903,Census Tract 4339.03; Los Angeles County; California,5389,797,520,197,9.65,272,148,0,19,272,149.21461054467824,122.78538945532176,421.21461054467824,0.5485831270024936,usable_with_caution,5.05,52.31,57065.0,12361.0,0.2166126347147989,False,3,13,4,23,1,10,0.5933609958506224,0.4782157676348548,0.07365145228215768,0.5473029045643154,0.34885892116182576,0.33454356846473027,41.29,41.0,654,667,13,False,False,outside_top_20
06,037,216902,06037216902,1400000US06037216902,2169.02,Census Tract 2169.02,G5020,S,391386,0,+34.0542120,-118.3622486,06,037,216902,Census Tract 2169.02; Los Angeles County; California,2318,654,161,64,6.95,58,54,0,14,58,55.78530272392541,2.214697276074588,113.7853027239254,0.9618155642056104,usable_with_caution,2.5,36.02,87222.0,30849.0,0.3536837036527481,False,1,11,4,21,3,10,0.10321576763485477,0.21732365145228216,0.3091286307053942,0.14885892116182572,0.5394190871369294,0.36473029045643157,25.9,22.41,861,894,33,False,False,outside_top_20
06,037,216202,06037216202,1400000US06037216202,2162.02,Census Tract 2162.02,G5020,S,502543,0,+34.0550334,-118.3487365,06,037,216202,Census Tract 2162.02; Los Angeles County; California,2613,351,304,108,11.63,68,48,37,45,105,65.79513659838392,39.20486340161608,170.79513659838392,0.6266203485560373,usable_with_caution,4.02,34.54,78859.0,46373.0,0.5880495568039158,False,2,20,3,40,1,20,0.27022821576763484,0.38381742738589214,0.20850622406639005,0.31566390041493775,0.2676348547717843,0.2517634854771785,28.46,28.15,822,829,7,False,False,outside_top_20
06,037,265522,06037265522,1400000US06037265522,2655.22,Census Tract 2655.22,G5020,S,252474,0,+34.0563691,-118.4414877,06,037,265522,Census Tract 2655.22; Los Angeles County; California,1975,317,720,329,36.46,117,88,12,15,129,89.26925562588724,39.73074437411276,218.26925562588724,0.6920097335340096,usable_with_caution,6.53,17.92,92147.0,21325.0,0.2314237034303884,False,7,15,10,25,3,10,0.34232365145228216,0.5767634854771784,0.37655601659751037,0.43609958506224067,0.22821576763485477,0.23039419087136934,38.26,38.3,695,700,5,False,False,outside_top_20
06,037,216302,06037216302,1400000US06037216302,2163.02,Census Tract 2163.02,G5020,S,708984,0,+34.0590623,-118.3575091,06,037,216302,Census Tract 2163.02; Los Angeles County; California,3210,356,323,123,10.06,81,72,0,14,81,73.348483283569,7.651516716431004,154.348483283569,0.9055368306613456,usable_with_caution,2.52,25.08,100000.0,23021.0,0.23021,False,0,14,3,32,3,18,0.18931535269709543,0.21939834024896265,0.4657676348547718,0.20134854771784233,0.5649377593360996,0.28848547717842327,32.7,27.17,774,844,70,False,False,outside_top_20
06,037,406801,06037406801,1400000US06037406801,4068.01,Census Tract 4068.01,G5020,S,1730808,14107,+34.0639097,-117.9540826,06,037,406801,Census Tract 4068.01; Los Angeles County; California,4756,678,1066,260,22.41,498,297,16,27,514,298.22474746405607,215.77525253594396,812.224747464056,0.580203788840576,usable_with_caution,10.81,48.22,103804.0,18447.0,0.1777099148395052,False,2,10,3,19,1,9,0.7572614107883817,0.7199170124481328,0.516597510373444,0.7423236514522822,0.48890041493775926,0.433195020746888,64.65,63.54,219,229,10,False,False,outside_top_20
06,037,406903,06037406903,1400000US06037406903,4069.03,Census Tract 4069.03,G5020,S,1957286,4284,+34.0554476,-117.9650285,06,037,406903,Census Tract 4069.03; Los Angeles County; California,7988,962,1277,265,15.99,490,349,0,19,490,349.516809323958,140.483190676042,839.516809323958,0.7132996108652204,usable_with_caution,6.13,38.37,82856.0,22620.0,0.2730037655691802,False,2,9,3,15,1,6,0.7520746887966805,0.5471991701244814,0.2572614107883817,0.6701244813278008,0.5212655601659751,0.5022821576763485,55.78,55.4,394,401,7,False,False,outside_top_20
06,037,406413,06037406413,1400000US06037406413,4064.13,Census Tract 4064.13,G5020,S,3144662,31606,+34.0642092,-117.9009462,06,037,406413,Census Tract 4064.13; Los Angeles County; California,7065,713,1994,373,28.22,886,287,76,97,962,302.9488405655318,659.0511594344682,1264.9488405655318,0.314915634683505,more_reliable,13.62,48.24,106551.0,18159.0,0.1704254300757383,False,1,7,1,14,0,7,0.8682572614107884,0.7686721991701245,0.5549792531120332,0.8284232365145229,0.6617219917012449,0.6391078838174273,74.04,73.59,91,90,-1,False,False,outside_top_20
06,037,433505,06037433505,1400000US06037433505,4335.05,Census Tract 4335.05,G5020,S,765197,0,+34.0605164,-118.0484418,06,037,433505,Census Tract 4335.05; Los Angeles County; California,3997,748,1327,644,33.2,498,155,0,14,498,155.63097378092831,342.36902621907166,653.6309737809283,0.3125119955440327,more_reliable,12.46,37.53,62407.0,8582.0,0.1375166247376095,False,4,23,5,41,1,18,0.7536307053941909,0.7531120331950207,0.09024896265560166,0.7534232365145228,0.16804979253112035,0.1845435684647303,50.37,50.7,501,503,2,False,False,outside_top_20
06,037,216201,06037216201,1400000US06037216201,2162.01,Census Tract 2162.01,G5020,S,461879,0,+34.0593993,-118.3477029,06,037,216201,Census Tract 2162.01; Los Angeles County; California,2626,411,776,277,29.55,93,56,0,14,93,57.723478758647246,35.276521241352754,150.72347875864725,0.6206825672972822,usable_with_caution,3.54,11.98,120282.0,29398.0,0.2444089722485492,False,2,24,3,46,1,22,0.23236514522821577,0.3381742738589212,0.6659751037344398,0.27468879668049795,0.24771784232365152,0.2421161825726141,34.76,34.64,748,751,3,False,False,outside_top_20
06,037,265307,06037265307,1400000US06037265307,2653.07,Census Tract 2653.07,G5020,S,217570,0,+34.0613919,-118.4490612,06,037,265307,Census Tract 2653.07; Los Angeles County; California,2983,500,915,280,30.67,302,93,22,29,324,97.41663102366044,226.5833689763396,421.4166310236605,0.3006686142705568,more_reliable,10.86,35.41,29375.0,12057.0,0.4104510638297872,False,5,13,8,23,3,10,0.6509336099585062,0.720954356846473,0.007261410788381743,0.678941908713693,0.30342323651452285,0.2727178423236514,46.95,46.34,572,583,11,False,False,outside_top_20
06,037,214505,06037214505,1400000US06037214505,2145.05,Census Tract 2145.05,G5020,S,124378,0,+34.0689566,-118.3506352,06,037,214505,Census Tract 2145.05; Los Angeles County; California,1731,199,257,168,14.85,45,41,9,15,54,43.65775990588615,10.342240094113857,97.65775990588614,0.8084770352941879,usable_with_caution,3.12,21.01,102279.0,38872.0,0.3800584675251029,False,0,24,2,46,2,22,0.07883817427385892,0.3013485477178423,0.495850622406639,0.1678423236514523,0.4398340248962656,0.2925311203319502,28.78,25.84,818,866,48,False,False,outside_top_20
06,037,199801,06037199801,1400000US06037199801,1998.01,Census Tract 1998.01,G5020,S,345036,0,+34.0693157,-118.2109573,06,037,199801,Census Tract 1998.01; Los Angeles County; California,3520,638,1003,422,28.49,529,257,10,16,539,257.4975728040946,281.5024271959054,796.4975728040946,0.4777320460187284,more_reliable,15.31,53.74,90104.0,40140.0,0.4454852170824824,False,3,22,3,28,0,6,0.766597510373444,0.7956431535269709,0.3506224066390041,0.7782157676348548,0.20197095435684648,0.31307053941908713,57.74,59.97,347,303,-44,False,False,outside_top_20
06,037,265306,06037265306,1400000US06037265306,2653.06,Census Tract 2653.06,G5020,S,93246,0,+34.0657336,-118.4489319,06,037,265306,Census Tract 2653.06; Los Angeles County; California,1920,286,466,128,24.27,123,68,60,51,183,85.0,98.0,268.0,0.4644808743169399,more_reliable,9.53,39.27,57188.0,41112.0,0.7188920752605442,False,2,12,5,22,3,10,0.45695020746887965,0.6908713692946058,0.07468879668049792,0.5505186721991702,0.43101659751037347,0.32551867219917013,43.15,41.04,625,664,39,False,False,outside_top_20
06,037,404806,06037404806,1400000US06037404806,4048.06,Census Tract 4048.06,G5020,S,1513072,16401,+34.0723997,-117.9670237,06,037,404806,Census Tract 4048.06; Los Angeles County; California,6207,822,1061,268,17.09,487,253,34,35,521,255.4094751570505,265.5905248429495,776.4094751570506,0.4902293189194827,more_reliable,8.39,49.1,73274.0,13251.0,0.1808417719791467,False,3,10,4,16,1,6,0.7593360995850622,0.6566390041493776,0.1566390041493776,0.7182572614107883,0.43661825726141074,0.4462655601659751,54.96,55.15,412,411,-1,False,False,outside_top_20
06,037,433103,06037433103,1400000US06037433103,4331.03,Census Tract 4331.03,G5020,S,2025695,57077,+34.0662430,-118.0595625,06,037,433103,Census Tract 4331.03; Los Angeles County; California,6311,630,2783,511,44.1,1218,388,0,19,1218,388.46492763182624,829.5350723681738,1606.4649276318262,0.3189367221936176,more_reliable,19.3,43.77,66369.0,15801.0,0.2380780183519414,False,5,33,8,58,3,25,0.8962655601659751,0.8309128630705395,0.11929460580912864,0.8701244813278008,0.1241701244813278,0.11742738589211621,57.08,56.94,365,367,2,False,False,outside_top_20
06,037,199802,06037199802,1400000US06037199802,1998.02,Census Tract 1998.02,G5020,S,306222,0,+34.0721667,-118.2096449,06,037,199802,Census Tract 1998.02; Los Angeles County; California,1905,263,854,287,44.83,683,260,0,14,683,260.37665025881256,422.6233497411874,943.3766502588126,0.3812249637757138,more_reliable,35.85,79.98,65625.0,13035.0,0.1986285714285714,False,3,19,3,26,0,7,0.803941908713693,0.9118257261410788,0.11099585062240663,0.8470954356846474,0.22406639004149376,0.33205394190871373,57.53,59.69,354,309,-45,False,False,outside_top_20
06,037,211124,06037211124,1400000US06037211124,2111.24,Census Tract 2111.24,G5020,S,395043,0,+34.0663331,-118.2880332,06,037,211124,Census Tract 2111.24; Los Angeles County; California,4171,926,2420,930,58.02,256,260,52,54,308,265.5484889808262,42.45151101917378,573.5484889808263,0.8621704187689163,usable_with_caution,7.38,12.73,70197.0,22978.0,0.3273359260367252,False,12,47,18,67,6,20,0.6317427385892116,0.6192946058091287,0.14107883817427386,0.6267634854771784,0.023547717842323634,0.05103734439834025,40.9,41.45,657,660,3,False,False,outside_top_20
06,037,199002,06037199002,1400000US06037199002,1990.02,Census Tract 1990.02,G5020,S,1282802,62385,+34.0800545,-118.2197173,06,037,199002,Census Tract 1990.02; Los Angeles County; California,2697,487,459,198,17.02,143,113,0,14,143,113.86395390991832,29.13604609008169,256.86395390991834,0.7962514259434846,usable_with_caution,5.3,31.15,66071.0,20713.0,0.3134960875421894,False,2,18,2,24,0,6,0.38070539419087135,0.4979253112033195,0.11618257261410789,0.4275933609958506,0.2878630705394191,0.4067427385892116,33.74,36.11,764,731,-33,False,False,outside_top_20
06,037,403601,06037403601,1400000US06037403601,4036.01,Census Tract 4036.01,G5020,S,4895261,25796,+34.0760031,-117.8613914,06,037,403601,Census Tract 4036.01; Los Angeles County; California,6713,1147,835,391,12.44,247,175,0,19,247,176.0284067984483,70.97159320155171,423.02840679844826,0.7126656145686165,usable_with_caution,3.68,29.58,119471.0,33588.0,0.2811393559943417,False,1,6,1,7,0,1,0.5554979253112033,0.34854771784232363,0.6566390041493776,0.47271784232365144,0.6940871369294606,0.7651452282157676,55.38,56.8,404,373,-31,False,False,outside_top_20
06,037,192420,06037192420,1400000US06037192420,1924.20,Census Tract 1924.20,G5020,S,324905,0,+34.0798800,-118.3113323,06,037,192420,Census Tract 1924.20; Los Angeles County; California,3114,350,1166,327,37.44,80,58,0,14,80,59.6657355607052,20.33426443929481,139.6657355607052,0.745821694508815,usable_with_caution,2.57,6.86,96667.0,12785.0,0.1322581646270185,False,3,40,5,62,2,22,0.18360995850622408,0.23184647302904565,0.42946058091286304,0.2029045643153527,0.14346473029045645,0.14066390041493776,23.63,23.58,889,886,-3,False,False,outside_top_20
06,037,430723,06037430723,1400000US06037430723,4307.23,Census Tract 4307.23,G5020,S,486394,0,+34.1300364,-118.0586172,06,037,430723,Census Tract 4307.23; Los Angeles County; California,4893,806,2104,386,43.0,1284,309,137,92,1421,322.4050247747389,1098.5949752252611,1743.4050247747389,0.2268860132123426,more_reliable,29.04,67.54,90435.0,22152.0,0.2449494111793,False,6,18,15,40,9,22,0.9190871369294605,0.8890041493775933,0.3537344398340249,0.9070539419087136,0.17894190871369298,0.12251037344398341,65.08,63.95,210,221,11,False,False,outside_top_20
06,037,432901,06037432901,1400000US06037432901,4329.01,Census Tract 4329.01,G5020,S,1134679,0,+34.0766629,-118.0708582,06,037,432901,Census Tract 4329.01; Los Angeles County; California,4351,548,2349,685,53.99,924,491,0,14,924,491.1995521170596,432.8004478829404,1415.1995521170595,0.5316012468799347,usable_with_caution,21.24,39.34,64214.0,19270.0,0.3000903229825272,False,6,38,14,70,8,32,0.8599585062240664,0.8475103734439834,0.0995850622406639,0.8549792531120333,0.095850622406639,0.049792531120331995,55.21,54.29,407,431,24,False,False,outside_top_20
06,037,700400,06037700400,1400000US06037700400,7004,Census Tract 7004,G5020,S,1315939,0,+34.0812987,-118.3811478,06,037,700400,Census Tract 7004; Los Angeles County; California,4547,622,453,227,9.96,75,62,0,14,75,63.56099432828282,11.439005671717185,138.56099432828282,0.8474799243771042,usable_with_caution,1.65,16.56,101078.0,6695.0,0.0662359761768139,False,1,7,3,18,2,11,0.1696058091286307,0.11307053941908714,0.4823651452282158,0.14699170124481328,0.6617219917012449,0.4531120331950207,31.7,27.53,782,838,56,False,False,outside_top_20
06,037,302201,06037302201,1400000US06037302201,3022.01,Census Tract 3022.01,G5020,S,497659,0,+34.1444791,-118.2484452,06,037,302201,Census Tract 3022.01; Los Angeles County; California,3381,429,310,144,9.17,94,83,0,14,94,84.17244204607586,9.827557953924142,178.17244204607584,0.8954515111284665,usable_with_caution,2.78,30.32,35972.0,14669.0,0.4077893917491382,False,3,5,6,11,3,6,0.23858921161825727,0.25570539419087135,0.015560165975103735,0.2454356846473029,0.5906639004149377,0.495954356846473,26.85,24.96,848,875,27,False,False,outside_top_20
06,037,302301,06037302301,1400000US06037302301,3023.01,Census Tract 3023.01,G5020,S,700562,0,+34.1446832,-118.2632444,06,037,302301,Census Tract 3023.01; Los Angeles County; California,3654,354,500,185,13.68,96,57,18,16,114,59.20304046246274,54.79695953753726,173.20304046246275,0.5193249163373924,usable_with_caution,3.12,22.8,87198.0,20010.0,0.2294777403151448,False,0,5,2,10,2,5,0.29979253112033194,0.3013485477178423,0.30809128630705396,0.3004149377593361,0.8350622406639003,0.6469917012448132,40.89,37.13,658,720,62,False,False,outside_top_20
06,037,700600,06037700600,1400000US06037700600,7006,Census Tract 7006,G5020,S,5682870,2279,+34.0892642,-118.4021007,06,037,700600,Census Tract 7006; Los Angeles County; California,4721,900,447,272,9.47,47,45,27,35,74,57.0087712549569,16.991228745043102,131.0087712549569,0.7703888007426608,usable_with_caution,1.57,16.55,250001.0,,,True,0,5,0,12,0,7,0.1628630705394191,0.0995850622406639,0.9948132780082988,0.13755186721991702,0.8350622406639003,0.7622406639004149,44.85,43.39,599,630,31,False,False,outside_top_20
06,037,481403,06037481403,1400000US06037481403,4814.03,Census Tract 4814.03,G5020,S,810392,0,+34.0817769,-118.0898121,06,037,481403,Census Tract 4814.03; Los Angeles County; California,3038,1138,2262,1149,74.46,1055,257,14,25,1069,258.21309029559285,810.7869097044072,1327.2130902955928,0.2415463894252505,more_reliable,35.19,47.26,77353.0,18380.0,0.2376119866068543,False,13,46,23,94,10,48,0.8827800829875518,0.9097510373443983,0.19190871369294607,0.8935684647302905,0.025207468879668026,0.004668049792531104,57.96,57.55,345,355,10,False,False,outside_top_20
06,037,404804,06037404804,1400000US06037404804,4048.04,Census Tract 4048.04,G5020,S,947325,0,+34.0774343,-117.9798478,06,037,404804,Census Tract 4048.04; Los Angeles County; California,4333,466,1066,370,24.6,529,273,63,78,592,283.9242856819402,308.0757143180598,875.9242856819402,0.4796018339221963,more_reliable,13.66,55.53,79767.0,9984.0,0.1251645417277821,False,2,12,2,19,0,7,0.7873443983402489,0.7717842323651453,0.21887966804979253,0.7811203319502075,0.43101659751037347,0.48360995850622407,59.87,60.92,306,285,-21,False,False,outside_top_20
06,037,481404,06037481404,1400000US06037481404,4814.04,Census Tract 4814.04,G5020,S,1024278,0,+34.0840699,-118.0954390,06,037,481404,Census Tract 4814.04; Los Angeles County; California,3842,575,3182,517,82.82,1912,356,33,51,1945,359.63453671748493,1585.365463282515,2304.634536717485,0.1849020754331542,more_reliable,50.62,61.13,81000.0,13179.0,0.1627037037037037,False,12,46,23,93,11,47,0.9564315352697096,0.975103734439834,0.23443983402489627,0.9639004149377592,0.02852697095435681,0.005912863070539398,63.09,62.64,244,246,2,False,False,outside_top_20
06,037,432502,06037432502,1400000US06037432502,4325.02,Census Tract 4325.02,G5020,S,1555512,204455,+34.0953777,-118.0013310,06,037,432502,Census Tract 4325.02; Los Angeles County; California,4179,1027,1017,355,24.34,484,305,47,54,531,309.7434422227531,221.25655777724688,840.7434422227532,0.5833209834703449,usable_with_caution,12.71,52.21,127188.0,22430.0,0.1763531150737491,False,1,15,2,25,1,10,0.7655601659751037,0.7593360995850622,0.729253112033195,0.7630705394190871,0.42676348547717846,0.3936721991701245,68.9,68.24,154,156,2,False,False,outside_top_20
06,037,401706,06037401706,1400000US06037401706,4017.06,Census Tract 4017.06,G5020,S,1239510,0,+34.1021372,-117.7522686,06,037,401706,Census Tract 4017.06; Los Angeles County; California,5106,632,634,380,12.42,89,75,22,46,111,87.98295289429652,23.017047105703483,198.9829528942965,0.7926392152639326,usable_with_caution,2.17,17.51,98620.0,21950.0,0.2225714865138917,False,2,11,3,14,1,3,0.2925311203319502,0.1737551867219917,0.45228215767634855,0.24502074688796682,0.4593360995850623,0.5225103734439834,32.93,34.2,770,756,-14,False,False,outside_top_20
06,037,432001,06037432001,1400000US06037432001,4320.01,Census Tract 4320.01,G5020,S,730425,0,+34.1026294,-118.0443582,06,037,432001,Census Tract 4320.01; Los Angeles County; California,2332,235,1413,272,60.59,729,174,110,87,839,194.5379140424817,644.4620859575183,1033.5379140424816,0.2318687890851987,more_reliable,35.98,59.38,119875.0,23269.0,0.1941105318039624,False,1,32,4,64,3,32,0.8360995850622407,0.9133817427385892,0.6628630705394191,0.8670124481327801,0.30414937759336097,0.1590248962655602,71.36,68.46,121,149,28,False,False,outside_top_20
06,037,432002,06037432002,1400000US06037432002,4320.02,Census Tract 4320.02,G5020,S,1509664,0,+34.1021592,-118.0597828,06,037,432002,Census Tract 4320.02; Los Angeles County; California,5356,768,3345,750,62.45,1833,655,165,122,1998,666.2649623085398,1331.73503769146,2664.26496230854,0.3334659471013713,more_reliable,37.3,59.73,108197.0,36628.0,0.3385306431786463,False,2,37,3,74,1,37,0.9605809128630706,0.9221991701244814,0.5643153526970954,0.9452282157676348,0.20850622406639002,0.1692946058091286,72.17,71.39,111,115,4,False,False,outside_top_20
06,037,401707,06037401707,1400000US06037401707,4017.07,Census Tract 4017.07,G5020,S,2105068,0,+34.1013065,-117.7418297,06,037,401707,Census Tract 4017.07; Los Angeles County; California,8178,1420,1182,387,14.45,427,220,54,90,481,237.69728648009425,243.30271351990572,718.6972864800942,0.4941731527652687,more_reliable,5.88,40.69,65389.0,12348.0,0.1888391013779076,False,2,11,4,14,2,3,0.7442946058091287,0.533195020746888,0.10580912863070539,0.6598547717842325,0.4593360995850623,0.48516597510373444,50.89,51.41,489,483,-6,False,False,outside_top_20
06,037,481203,06037481203,1400000US06037481203,4812.03,Census Tract 4812.03,G5020,S,1557252,0,+34.0980895,-118.0816593,06,037,481203,Census Tract 4812.03; Los Angeles County; California,6206,879,3529,460,56.86,2431,548,162,165,2593,572.3014939697432,2020.6985060302568,3165.301493969743,0.2207101789316402,more_reliable,41.78,73.48,82644.0,12495.0,0.1511906490489327,False,2,39,8,80,6,41,0.983402489626556,0.9429460580912863,0.25311203319502074,0.967219917012448,0.2004149377593361,0.06265560165975106,67.1,64.35,174,210,36,False,False,outside_top_20
06,037,189906,06037189906,1400000US06037189906,1899.06,Census Tract 1899.06,G5020,S,202776,0,+34.0961645,-118.3468231,06,037,189906,Census Tract 1899.06; Los Angeles County; California,2324,239,324,139,13.94,72,62,15,23,87,66.12866246946176,20.87133753053824,153.12866246946174,0.760099568614503,usable_with_caution,3.74,26.85,93878.0,22560.0,0.2403118941605062,False,1,11,3,24,2,13,0.21161825726141079,0.3552904564315353,0.3993775933609959,0.2690871369294606,0.5394190871369294,0.3563278008298755,34.92,31.26,747,791,44,False,False,outside_top_20
06,037,408900,06037408900,1400000US06037408900,4089,Census Tract 4089,G5020,S,3102664,54944,+34.1118065,-117.7812612,06,037,408900,Census Tract 4089; Los Angeles County; California,5462,520,780,357,14.28,237,169,11,18,248,169.95587662684687,78.04412337315313,417.9558766268469,0.6853059541405115,usable_with_caution,4.54,31.79,84583.0,18241.0,0.2156579927408581,False,1,6,1,9,0,3,0.558091286307054,0.4387966804979253,0.2800829875518672,0.5103734439834025,0.6940871369294606,0.7318464730290457,50.11,50.86,503,499,-4,False,False,outside_top_20
06,037,310300,06037310300,1400000US06037310300,3103,Census Tract 3103,G5020,S,1061193,0,+34.1991485,-118.3178553,06,037,310300,Census Tract 3103; Los Angeles County; California,2986,498,491,220,16.44,109,88,26,35,135,94.70480452437458,40.29519547562542,229.7048045243746,0.7015170705509228,usable_with_caution,4.52,27.49,139625.0,33622.0,0.2408021486123545,False,1,5,1,9,0,4,0.35943983402489627,0.4362033195020747,0.799792531120332,0.39014522821576764,0.7230290456431535,0.7318464730290457,53.87,54.04,438,435,-3,False,False,outside_top_20
06,037,480602,06037480602,1400000US06037480602,4806.02,Census Tract 4806.02,G5020,S,1631417,24599,+34.1193308,-118.1613530,06,037,480602,Census Tract 4806.02; Los Angeles County; California,4306,563,1012,319,23.5,479,265,90,88,569,279.22929645723065,289.7707035427693,848.2292964572307,0.4907369006278219,more_reliable,13.21,56.23,119479.0,62317.0,0.5215728286979302,False,2,14,3,22,1,8,0.7800829875518672,0.7655601659751037,0.6576763485477178,0.7742738589211619,0.3728215767634855,0.3883817427385892,67.07,67.38,177,168,-9,False,False,outside_top_20
06,037,404805,06037404805,1400000US06037404805,4048.05,Census Tract 4048.05,G5020,S,448710,0,+34.0808589,-117.9719710,06,037,404805,Census Tract 4048.05; Los Angeles County; California,2859,550,791,333,27.67,263,96,0,14,263,97.01546268507924,165.98453731492077,360.0154626850792,0.3688800862550541,more_reliable,9.2,33.25,65580.0,5426.0,0.0827386398292162,False,3,10,3,16,0,6,0.5762448132780082,0.6794605809128631,0.10892116182572614,0.6175311203319502,0.43661825726141074,0.483609958506224,47.96,48.9,547,536,-11,False,False,outside_top_20
06,037,401802,06037401802,1400000US06037401802,4018.02,Census Tract 4018.02,G5020,S,2452356,0,+34.1142801,-117.7284940,06,037,401802,Census Tract 4018.02; Los Angeles County; California,3896,477,452,210,11.6,318,184,0,14,318,184.53184007102948,133.46815992897052,502.5318400710295,0.5802888052548096,usable_with_caution,8.16,70.35,156953.0,38170.0,0.2431938223544628,False,1,8,2,11,1,3,0.6421161825726142,0.6504149377593361,0.8589211618257261,0.6454356846473029,0.6321576763485477,0.6276970954356846,68.55,68.46,158,149,-9,False,False,outside_top_20
06,037,464102,06037464102,1400000US06037464102,4641.02,Census Tract 4641.02,G5020,S,3083104,2728,+34.1176486,-118.1278865,06,037,464102,Census Tract 4641.02; Los Angeles County; California,4542,1075,2945,1227,64.84,2469,1287,148,144,2617,1295.03088766253,1321.96911233747,3912.03088766253,0.4948532241736836,more_reliable,57.62,88.86,239052.0,32900.0,0.1376269598246406,False,0,16,1,39,1,23,0.9844398340248963,0.9896265560165975,0.9813278008298755,0.9865145228215768,0.5148340248962656,0.3733402489626556,89.11,86.28,3,7,4,True,True,stable_top_20
06,037,464101,06037464101,1400000US06037464101,4641.01,Census Tract 4641.01,G5020,S,3176977,2087,+34.1223718,-118.1142336,06,037,464101,Census Tract 4641.01; Los Angeles County; California,2223,328,1424,257,64.06,1171,258,205,136,1376,291.6504757410829,1084.349524258917,1667.650475741083,0.2119552876025311,more_reliable,61.9,96.63,250001.0,,,True,0,13,2,28,2,15,0.9133817427385892,0.9948132780082988,0.9948132780082988,0.945954356846473,0.5932572614107885,0.3634854771784233,88.52,83.92,6,16,10,True,True,stable_top_20
06,037,480601,06037480601,1400000US06037480601,4806.01,Census Tract 4806.01,G5020,S,706577,0,+34.1194181,-118.1466951,06,037,480601,Census Tract 4806.01; Los Angeles County; California,3783,367,1171,296,30.95,570,230,51,55,621,236.48467180770933,384.51532819229067,857.4846718077093,0.3808126760188556,more_reliable,16.42,53.03,126563.0,17828.0,0.1408626533821101,False,2,15,3,26,1,11,0.7925311203319502,0.8070539419087137,0.7240663900414938,0.7983402489626557,0.3466804979253112,0.33205394190871373,69.32,69.02,142,144,2,False,False,outside_top_20
06,037,431701,06037431701,1400000US06037431701,4317.01,Census Tract 4317.01,G5020,S,3286266,0,+34.1211647,-118.0426301,06,037,431701,Census Tract 4317.01; Los Angeles County; California,6188,894,4526,880,73.14,2476,625,605,612,3081,874.7393897613163,2206.2606102386835,3955.739389761317,0.2839141154694308,more_reliable,49.79,68.07,117887.0,45527.0,0.3861918616980668,False,5,18,10,38,5,20,0.995850622406639,0.9719917012448133,0.6421161825726142,0.9863070539419088,0.19014522821576768,0.14761410788381743,75.82,74.97,76,80,4,False,False,outside_top_20
06,037,404203,06037404203,1400000US06037404203,4042.03,Census Tract 4042.03,G5020,S,644916,0,+34.1250568,-117.8857418,06,037,404203,Census Tract 4042.03; Los Angeles County; California,3948,623,486,134,12.31,200,101,34,36,234,107.2240644631605,126.7759355368395,341.2240644631605,0.4582224977058141,more_reliable,5.93,48.15,76837.0,10177.0,0.132449210666736,False,1,4,2,7,1,3,0.533195020746888,0.5363070539419087,0.18775933609958506,0.5344398340248963,0.7435684647302905,0.6989626556016597,50.69,49.8,492,518,26,False,False,outside_top_20
06,037,211123,06037211123,1400000US06037211123,2111.23,Census Tract 2111.23,G5020,S,172032,0,+34.0627183,-118.2871904,06,037,211123,Census Tract 2111.23; Los Angeles County; California,1964,312,1383,280,70.42,422,175,0,14,422,175.55910685578235,246.44089314421765,597.5591068557824,0.4160168408904794,more_reliable,21.49,30.51,81505.0,37459.0,0.4595914361082142,False,11,50,17,70,6,20,0.7204356846473029,0.8532157676348547,0.23651452282157676,0.7735477178423236,0.012551867219917013,0.04336099585062243,51.39,52.01,480,474,-6,False,False,outside_top_20
06,037,265521,06037265521,1400000US06037265521,2655.21,Census Tract 2655.21,G5020,S,130990,0,+34.0567030,-118.4448253,06,037,265521,Census Tract 2655.21; Los Angeles County; California,1578,252,482,195,30.54,167,108,8,14,175,108.90362712049586,66.09637287950414,283.90362712049586,0.6223064406885478,usable_with_caution,11.09,36.31,85262.0,17905.0,0.2099997654289132,False,7,14,10,24,3,10,0.4429460580912863,0.7282157676348547,0.29045643153526973,0.5570539419087137,0.25435684647302903,0.24346473029045643,44.32,44.1,611,622,11,False,False,outside_top_20
06,037,199001,06037199001,1400000US06037199001,1990.01,Census Tract 1990.01,G5020,S,249852,0,+34.0768133,-118.2172897,06,037,199001,Census Tract 1990.01; Los Angeles County; California,2390,427,1060,402,44.35,456,286,0,14,456,286.34245231889736,169.65754768110264,742.3424523188974,0.6279439743835469,usable_with_caution,19.08,43.02,51324.0,14765.0,0.2876821759800483,False,2,20,2,26,0,6,0.7323651452282157,0.8278008298755186,0.0508298755186722,0.7705394190871369,0.2676348547717843,0.3824688796680498,52.6,54.9,465,415,-50,False,False,outside_top_20
06,037,432501,06037432501,1400000US06037432501,4325.01,Census Tract 4325.01,G5020,S,1067466,0,+34.0934041,-118.0123277,06,037,432501,Census Tract 4325.01; Los Angeles County; California,4154,393,1570,373,37.79,651,237,0,14,651,237.4131420119788,413.5868579880212,888.4131420119788,0.3646899262856817,more_reliable,15.67,41.46,85533.0,15655.0,0.1830287725205476,False,1,15,3,24,2,9,0.7966804979253111,0.799792531120332,0.2925311203319502,0.7979253112033196,0.42676348547717846,0.3563278008298755,62.26,60.85,260,286,26,False,False,outside_top_20
06,037,185102,06037185102,1400000US06037185102,1851.02,Census Tract 1851.02,G5020,S,1462937,0,+34.1062262,-118.2128244,06,037,185102,Census Tract 1851.02; Los Angeles County; California,3515,832,295,121,8.39,60,50,24,28,84,57.30619512757761,26.69380487242239,141.3061951275776,0.6822166086616382,usable_with_caution,2.39,28.47,137750.0,91637.0,0.6652413793103449,False,1,10,1,14,0,4,0.19968879668049794,0.20280082987551867,0.7946058091286307,0.20093360995850623,0.5689834024896265,0.6391078838174273,39.33,40.73,674,669,-5,False,False,outside_top_20
06,037,190102,06037190102,1400000US06037190102,1901.02,Census Tract 1901.02,G5020,S,376233,0,+34.0977085,-118.3413300,06,037,190102,Census Tract 1901.02; Los Angeles County; California,2629,535,412,217,15.67,146,100,0,14,146,100.9752444909147,45.024755509085296,246.9752444909147,0.6916112636364021,usable_with_caution,5.55,35.44,78250.0,33055.0,0.4224281150159744,False,3,13,6,25,3,12,0.3879668049792531,0.5129668049792531,0.19968879668049794,0.4379668049792531,0.34885892116182576,0.2619294605809129,37.25,35.51,709,741,32,False,False,outside_top_20
06,037,401801,06037401801,1400000US06037401801,4018.01,Census Tract 4018.01,G5020,S,3550195,12321,+34.1145966,-117.7080592,06,037,401801,Census Tract 4018.01; Los Angeles County; California,4496,730,913,472,20.31,237,142,98,132,335,193.8762491900439,141.1237508099561,528.8762491900438,0.5787350722090863,usable_with_caution,7.45,36.69,150682.0,32403.0,0.215042274458794,False,1,7,1,9,0,2,0.6613070539419087,0.6281120331950207,0.8392116182572614,0.6480290456431534,0.6617219917012449,0.7318464730290457,68.9,70.3,154,127,-27,False,False,outside_top_20
06,037,300601,06037300601,1400000US06037300601,3006.01,Census Tract 3006.01,G5020,S,732498,4513,+34.2154603,-118.2420735,06,037,300601,Census Tract 3006.01; Los Angeles County; California,5617,952,1684,433,29.98,76,68,0,19,76,70.60453243241541,5.395467567584589,146.6045324324154,0.9290070056896764,usable_with_caution,1.35,4.51,111631.0,19524.0,0.1748976538775071,False,1,2,3,4,2,2,0.17271784232365145,0.07053941908713693,0.5943983402489627,0.13184647302904565,0.7806016597510373,0.6896265560165975,35.41,33.59,738,764,26,False,False,outside_top_20
06,037,460601,06037460601,1400000US06037460601,4606.01,Census Tract 4606.01,G5020,S,4853418,11549,+34.2237427,-118.2192387,06,037,460601,Census Tract 4606.01; Los Angeles County; California,5202,467,1533,340,29.47,140,74,0,19,140,76.40026177965623,63.59973822034377,216.40026177965623,0.5457161555689731,usable_with_caution,2.69,9.13,239444.0,45541.0,0.1901947845842869,False,0,2,1,4,1,2,0.370850622406639,0.24896265560165975,0.9823651452282157,0.3220954356846473,0.8926348547717843,0.8062240663900415,56.83,55.1,369,414,45,False,False,outside_top_20
06,037,603901,06037603901,1400000US06037603901,6039.01,Census Tract 6039.01,G5020,S,735668,0,+33.8981177,-118.3585646,06,037,603901,Census Tract 6039.01; Los Angeles County; California,4065,469,431,272,10.6,42,31,0,14,42,34.0147027033899,7.985297296610099,76.0147027033899,0.8098738738902357,usable_with_caution,1.03,9.74,133378.0,18904.0,0.141732519605932,False,3,12,4,19,1,7,0.03371369294605809,0.026452282157676348,0.766597510373444,0.030809128630705392,0.3787344398340249,0.395850622406639,24.76,25.1,872,874,2,False,False,outside_top_20
06,037,503705,06037503705,1400000US06037503705,5037.05,Census Tract 5037.05,G5020,S,1171180,5291,+33.9137263,-117.9858097,06,037,503705,Census Tract 5037.05; Los Angeles County; California,2926,444,734,209,25.09,88,86,6,11,94,86.70063436907483,7.299365630925166,180.70063436907483,0.922347174139094,usable_with_caution,3.21,12.81,116850.0,10675.0,0.0913564398801882,False,1,6,1,7,0,1,0.23858921161825727,0.30757261410788383,0.6338174273858921,0.2661825726141079,0.6940871369294606,0.7651452282157676,42.53,43.95,637,624,-13,False,False,outside_top_20
06,037,620303,06037620303,1400000US06037620303,6203.03,Census Tract 6203.03,G5020,S,1158102,0,+33.8915717,-118.4018082,06,037,620303,Census Tract 6203.03; Los Angeles County; California,4741,545,758,269,15.99,374,303,8,13,382,303.27874966769434,78.72125033230566,685.2787496676943,0.7939234284494616,usable_with_caution,8.06,50.4,217083.0,72319.0,0.33313985894796,False,2,8,3,11,1,3,0.7007261410788381,0.6473029045643154,0.9688796680497925,0.6793568464730291,0.5520746887966805,0.5772821576763485,71.18,71.68,124,113,-11,False,False,outside_top_20
06,037,403801,06037403801,1400000US06037403801,4038.01,Census Tract 4038.01,G5020,S,1882745,0,+34.1029152,-117.8678976,06,037,403801,Census Tract 4038.01; Los Angeles County; California,5529,729,1137,444,20.56,249,167,0,19,249,168.0773631397161,80.92263686028389,417.0773631397161,0.6750094905209483,usable_with_caution,4.5,21.9,91683.0,12814.0,0.1397641874720504,False,2,7,2,10,0,3,0.5622406639004149,0.43257261410788383,0.36929460580912865,0.5103734439834025,0.5816390041493776,0.6469917012448132,49.64,50.95,514,495,-19,False,False,outside_top_20
06,037,408134,06037408134,1400000US06037408134,4081.34,Census Tract 4081.34,G5020,S,884018,0,+34.0224507,-117.8980812,06,037,408134,Census Tract 4081.34; Los Angeles County; California,2687,394,1564,350,58.21,453,183,20,19,473,183.98369492974095,289.016305070259,656.983694929741,0.3889718708874016,more_reliable,17.6,30.24,111780.0,21359.0,0.1910806942207908,False,0,16,0,37,0,21,0.7375518672199171,0.8195020746887967,0.5964730290456431,0.7703319502074689,0.5148340248962656,0.46815352697095436,68.45,67.51,159,167,8,False,False,outside_top_20
06,037,602201,06037602201,1400000US06037602201,6022.01,Census Tract 6022.01,G5020,S,1613946,960,+33.9226614,-118.3710688,06,037,602201,Census Tract 6022.01; Los Angeles County; California,4458,699,894,478,20.05,259,119,11,17,270,120.20815280171308,149.79184719828692,390.2081528017131,0.4452153807470855,more_reliable,6.06,30.2,141857.0,19572.0,0.1379699274621626,False,0,19,0,23,0,4,0.5892116182572614,0.5446058091286307,0.8049792531120332,0.5713692946058091,0.46846473029045643,0.5758298755186722,59.75,61.9,307,258,-49,False,False,outside_top_20
06,037,550301,06037550301,1400000US06037550301,5503.01,Census Tract 5503.01,G5020,S,1585554,71460,+33.9242357,-118.1045526,06,037,550301,Census Tract 5503.01; Los Angeles County; California,4196,1203,395,150,9.41,79,75,0,14,79,76.2954782408499,2.704521759150097,155.2954782408499,0.9657655473525304,usable_with_caution,1.88,20.0,83561.0,24689.0,0.2954608010914182,False,1,11,1,14,0,3,0.17946058091286307,0.145746887966805,0.26348547717842324,0.16597510373443983,0.5394190871369294,0.6391078838174273,26.02,28.01,860,831,-29,False,False,outside_top_20
06,037,408212,06037408212,1400000US06037408212,4082.12,Census Tract 4082.12,G5020,S,2815221,35899,+33.9944220,-117.8795586,06,037,408212,Census Tract 4082.12; Los Angeles County; California,4599,753,2749,486,59.77,1711,384,124,86,1835,393.51238862328086,1441.487611376719,2228.512388623281,0.214448168187074,more_reliable,39.9,66.75,81944.0,24187.0,0.2951649907253734,False,4,11,9,33,5,22,0.9507261410788381,0.9346473029045643,0.24481327800829875,0.9442946058091286,0.3771784232365145,0.1741701244813278,69.1,65.04,148,197,49,False,False,outside_top_20
06,037,108204,06037108204,1400000US06037108204,1082.04,Census Tract 1082.04,G5020,S,1432707,0,+34.2809054,-118.5667040,06,037,108204,Census Tract 1082.04; Los Angeles County; California,1849,324,927,169,50.14,105,65,0,14,105,66.49060083951716,38.50939916048284,171.49060083951716,0.633243817519211,usable_with_caution,5.68,11.33,179688.0,43287.0,0.2409008948844664,False,0,4,0,4,0,0,0.27022821576763484,0.5217842323651453,0.9190871369294605,0.370850622406639,0.8556016597510374,0.8935684647302904,57.74,58.5,347,339,-8,False,False,outside_top_20
06,037,115203,06037115203,1400000US06037115203,1152.03,Census Tract 1152.03,G5020,S,604763,0,+34.2461946,-118.5323978,06,037,115203,Census Tract 1152.03; Los Angeles County; California,2232,374,388,208,17.38,22,26,31,38,53,46.04345773288535,6.956542267114649,99.04345773288534,0.8687444855261387,usable_with_caution,2.37,13.66,80156.0,30144.0,0.3760666699935126,False,2,9,4,15,2,6,0.07468879668049792,0.19865145228215766,0.22510373443983403,0.12427385892116183,0.5212655601659751,0.4649377593360996,22.38,21.26,899,903,4,False,False,outside_top_20
06,037,603703,06037603703,1400000US06037603703,6037.03,Census Tract 6037.03,G5020,S,651955,0,+33.8982570,-118.3395521,06,037,603703,Census Tract 6037.03; Los Angeles County; California,2631,429,525,163,19.95,16,20,14,14,30,24.413111231467404,5.586888768532596,54.41311123146741,0.8137703743822468,usable_with_caution,1.14,5.71,131023.0,31358.0,0.2393320256748815,False,2,15,2,22,0,7,0.008817427385892116,0.042012448132780086,0.754149377593361,0.022095435684647304,0.3466804979253112,0.4387966804979253,23.34,25.18,891,873,-18,False,False,outside_top_20
06,037,460800,06037460800,1400000US06037460800,4608,Census Tract 4608,G5020,S,6696659,47178,+34.1647644,-118.1815624,06,037,460800,Census Tract 4608; Los Angeles County; California,2826,334,542,240,19.18,106,79,0,14,106,80.23091673413684,25.76908326586316,186.23091673413683,0.7568954408880834,usable_with_caution,3.75,19.56,250001.0,,,True,0,3,0,4,0,1,0.2743775933609959,0.35684647302904565,0.9948132780082988,0.3073651452282158,0.8733402489626556,0.8935684647302904,55.8,56.21,393,386,-7,False,False,outside_top_20
06,037,920114,06037920114,1400000US06037920114,9201.14,Census Tract 9201.14,G5020,S,2828392,0,+34.4314920,-118.5621604,06,037,920114,Census Tract 9201.14; Los Angeles County; California,5350,1030,1054,406,19.7,37,44,17,27,54,51.62363799656123,2.376362003438772,105.62363799656124,0.9559932962326152,usable_with_caution,1.01,5.12,126422.0,39927.0,0.3158231953299267,False,0,6,0,8,0,2,0.07883817427385892,0.024896265560165973,0.720954356846473,0.05726141078838174,0.8061203319502075,0.8359958506224067,33.98,34.57,757,752,-5,False,False,outside_top_20
06,037,403901,06037403901,1400000US06037403901,4039.01,Census Tract 4039.01,G5020,S,1257911,0,+34.1215086,-117.8732472,06,037,403901,Census Tract 4039.01; Los Angeles County; California,2862,269,318,132,11.11,70,66,46,46,116,80.44874144447506,35.55125855552494,196.44874144447505,0.6935236331420264,usable_with_caution,4.05,36.48,128459.0,14306.0,0.1113662725071812,False,1,5,2,8,1,3,0.3049792531120332,0.3869294605809129,0.7385892116182573,0.3377593360995851,0.7230290456431535,0.6824688796680498,49.5,48.69,521,539,18,False,False,outside_top_20
06,037,403902,06037403902,1400000US06037403902,4039.02,Census Tract 4039.02,G5020,S,2113034,0,+34.1120834,-117.8724803,06,037,403902,Census Tract 4039.02; Los Angeles County; California,5265,828,807,377,15.33,366,360,0,19,366,360.5010402204133,5.498959779586755,726.5010402204132,0.9849755197279052,usable_with_caution,6.95,45.35,88571.0,15338.0,0.1731718056700274,False,2,5,2,8,0,3,0.6882780082987552,0.6032157676348547,0.32520746887966806,0.654253112033195,0.6429460580912862,0.6824688796680498,58.62,59.41,333,315,-18,False,False,outside_top_20
06,037,431600,06037431600,1400000US06037431600,4316,Census Tract 4316,G5020,S,2128554,0,+34.1101700,-118.0429935,06,037,431600,Census Tract 4316; Los Angeles County; California,3941,537,2712,372,68.82,1821,453,486,274,2307,529.4194934076379,1777.580506592362,2836.4194934076377,0.2294839589976757,more_reliable,58.54,85.07,120511.0,25815.0,0.2142128104488387,False,1,28,2,57,1,29,0.975103734439834,0.991701244813278,0.6690871369294605,0.9817427385892116,0.3175311203319502,0.27043568464730294,78.64,77.7,50,51,1,False,False,outside_top_20
06,037,113232,06037113232,1400000US06037113232,1132.32,Census Tract 1132.32,G5020,S,2065813,0,+34.2258260,-118.6125452,06,037,113232,Census Tract 1132.32; Los Angeles County; California,5082,621,999,244,19.66,200,165,0,19,200,166.0903368652132,33.9096631347868,366.0903368652132,0.830451684326066,usable_with_caution,3.94,20.02,182422.0,39429.0,0.2161416934360987,False,1,8,1,11,0,3,0.48858921161825725,0.37136929460580914,0.9242738589211619,0.441701244813278,0.6321576763485477,0.6938796680497925,57.63,58.87,351,331,-20,False,False,outside_top_20
06,037,113234,06037113234,1400000US06037113234,1132.34,Census Tract 1132.34,G5020,S,1012996,9924,+34.2257746,-118.5939793,06,037,113234,Census Tract 1132.34; Los Angeles County; California,5411,1228,840,337,15.52,66,61,0,19,66,63.89053137985315,2.109468620146849,129.89053137985314,0.9680383542401992,usable_with_caution,1.22,7.86,65588.0,13099.0,0.1997164115386961,False,1,8,1,12,0,4,0.133298755186722,0.04771784232365145,0.10995850622406639,0.09906639004149377,0.6321576763485477,0.674896265560166,20.79,21.64,907,901,-6,False,False,outside_top_20
06,037,402902,06037402902,1400000US06037402902,4029.02,Census Tract 4029.02,G5020,S,1845219,0,+34.0340047,-117.7449569,06,037,402902,Census Tract 4029.02; Los Angeles County; California,6882,928,759,327,11.03,510,302,0,19,510,302.59709185648165,207.40290814351837,812.5970918564817,0.5933276310911405,usable_with_caution,7.41,67.19,88470.0,3727.0,0.0421272747824121,False,3,6,4,8,1,2,0.7557053941908713,0.6234439834024896,0.3236514522821577,0.7028008298755186,0.5617219917012448,0.5947095435684647,59.88,60.54,305,294,-11,False,False,outside_top_20
06,037,403000,06037403000,1400000US06037403000,4030,Census Tract 4030,G5020,S,2416493,1922,+34.0380811,-117.7562292,06,037,403000,Census Tract 4030; Los Angeles County; California,6471,824,571,213,8.82,217,173,0,19,217,174.04022523543227,42.959774764567726,391.0402252354323,0.8020286877208861,usable_with_caution,3.35,38.0,102885.0,25486.0,0.247713466491714,False,3,8,4,10,1,2,0.5062240663900415,0.31950207468879666,0.5031120331950207,0.43153526970954353,0.49979253112033195,0.5592323651452282,45.95,47.14,587,572,-15,False,False,outside_top_20
06,037,404702,06037404702,1400000US06037404702,4047.02,Census Tract 4047.02,G5020,S,1156276,0,+34.0707544,-117.9850286,06,037,404702,Census Tract 4047.02; Los Angeles County; California,4945,619,1352,391,27.34,855,359,73,112,928,376.06515392947534,551.9348460705246,1304.0651539294754,0.4052426227688311,more_reliable,18.77,68.64,79063.0,16458.0,0.2081631104309221,False,1,12,1,19,0,7,0.8609958506224067,0.8241701244813278,0.21265560165975103,0.8462655601659752,0.5110995850622406,0.549792531120332,65.25,66.02,202,184,-18,False,False,outside_top_20
06,037,404703,06037404703,1400000US06037404703,4047.03,Census Tract 4047.03,G5020,S,1206056,78946,+34.0641759,-117.9903099,06,037,404703,Census Tract 4047.03; Los Angeles County; California,3172,498,641,310,20.21,301,185,0,14,301,185.52897347853784,115.47102652146216,486.52897347853786,0.616375327171222,usable_with_caution,9.49,46.96,91719.0,28387.0,0.3094996674625759,False,1,13,1,19,0,6,0.6260373443983402,0.6887966804979253,0.3703319502074689,0.6511410788381743,0.48122406639004156,0.549792531120332,56.1,57.47,387,356,-31,False,False,outside_top_20
06,037,900301,06037900301,1400000US06037900301,9003.01,Census Tract 9003.01,G5020,S,6629836,10782,+34.7006469,-118.0672443,06,037,900301,Census Tract 9003.01; Los Angeles County; California,4344,685,185,79,4.26,80,50,6,13,86,51.66236541235796,34.33763458764204,137.66236541235796,0.6007251792134646,usable_with_caution,1.98,46.49,92024.0,64995.0,0.7062831435277753,False,0,1,0,2,0,1,0.20850622406639005,0.15612033195020747,0.3755186721991701,0.187551867219917,0.9122406639004149,0.9193983402489627,37.01,37.15,714,719,5,False,False,outside_top_20
06,037,430004,06037430004,1400000US06037430004,4300.04,Census Tract 4300.04,G5020,S,1120611,0,+34.1384686,-117.9617670,06,037,430004,Census Tract 4300.04; Los Angeles County; California,3433,408,518,129,15.09,132,120,13,20,145,121.6552506059644,23.344749394035603,266.6552506059644,0.8390017283169958,usable_with_caution,4.22,27.99,99978.0,16204.0,0.1620756566444617,False,0,3,0,6,0,3,0.3853734439834025,0.40612033195020747,0.46473029045643155,0.3936721991701245,0.8733402489626556,0.8686721991701245,50.38,50.29,500,508,8,False,False,outside_top_20
06,037,800337,06037800337,1400000US06037800337,8003.37,Census Tract 8003.37,G5020,S,2785085,0,+34.1345485,-118.7098735,06,037,800337,Census Tract 8003.37; Los Angeles County; California,3205,460,453,178,14.13,67,70,14,24,81,74.0,7.0,155.0,0.9135802469135802,usable_with_caution,2.53,17.88,83646.0,23030.0,0.2753269731965664,False,0,1,0,1,0,0,0.18931535269709543,0.22199170124481327,0.26556016597510373,0.20238589211618258,0.9122406639004149,0.9321576763485477,35.7,36.1,732,732,0,False,False,outside_top_20
06,037,404903,06037404903,1400000US06037404903,4049.03,Census Tract 4049.03,G5020,S,545369,0,+34.0875933,-117.9726977,06,037,404903,Census Tract 4049.03; Los Angeles County; California,2667,283,776,205,29.1,351,200,13,21,364,201.0994778710278,162.9005221289722,565.0994778710278,0.5524710930522742,usable_with_caution,13.65,46.91,89375.0,19842.0,0.2220083916083916,False,1,9,1,15,0,6,0.6851659751037344,0.770746887966805,0.3381742738589212,0.7193983402489627,0.6013485477178423,0.6188796680497926,61.95,62.3,264,253,-11,False,False,outside_top_20
06,037,400605,06037400605,1400000US06037400605,4006.05,Census Tract 4006.05,G5020,S,4968310,960,+34.1519934,-117.8945884,06,037,400605,Census Tract 4006.05; Los Angeles County; California,6904,641,2458,386,35.6,1101,339,75,84,1176,349.25205797532533,826.7479420246747,1525.2520579753254,0.2969830424960249,more_reliable,17.03,47.84,96920.0,24007.0,0.2476991333058192,False,0,1,0,3,0,2,0.8921161825726142,0.8153526970954357,0.43257261410788383,0.8614107883817428,0.9122406639004149,0.9060165975103736,78.58,78.46,52,43,-9,False,False,outside_top_20
06,037,463103,06037463103,1400000US06037463103,4631.03,Census Tract 4631.03,G5020,S,3661950,13187,+34.1382818,-118.0776335,06,037,463103,Census Tract 4631.03; Los Angeles County; California,5479,616,1789,408,32.65,1000,320,243,209,1243,382.2054421381255,860.7945578618745,1625.2054421381254,0.3074862768609215,more_reliable,22.69,69.48,109136.0,19750.0,0.1809668670282949,False,1,13,1,30,0,17,0.9045643153526971,0.8620331950207469,0.5726141078838174,0.887551867219917,0.48122406639004156,0.4156639004149377,74.33,73.02,87,97,10,False,False,outside_top_20
06,037,430005,06037430005,1400000US06037430005,4300.05,Census Tract 4300.05,G5020,S,1035670,0,+34.1402472,-117.9486874,06,037,430005,Census Tract 4300.05; Los Angeles County; California,3982,623,1131,520,28.4,234,151,0,14,234,151.64761785138597,82.35238214861403,385.647617851386,0.648066742954641,usable_with_caution,5.88,20.69,108396.0,23863.0,0.2201464998708439,False,0,2,0,2,0,0,0.533195020746888,0.533195020746888,0.5674273858921162,0.533195020746888,0.8926348547717843,0.9193983402489627,61.19,61.73,283,263,-20,False,False,outside_top_20
06,037,400801,06037400801,1400000US06037400801,4008.01,Census Tract 4008.01,G5020,S,3585828,0,+34.1368076,-117.8808668,06,037,400801,Census Tract 4008.01; Los Angeles County; California,6825,603,1380,474,20.22,782,427,24,31,806,428.12381386697,377.87618613303,1234.12381386697,0.531170984946613,usable_with_caution,11.81,58.41,120156.0,19180.0,0.1596258197676354,False,0,3,2,5,2,2,0.8298755186721992,0.7479253112033195,0.6649377593360996,0.7970954356846474,0.8733402489626556,0.7279045643153528,78.59,75.68,51,71,20,False,False,outside_top_20
06,037,800324,06037800324,1400000US06037800324,8003.24,Census Tract 8003.24,G5020,S,3531836,55687,+34.1501314,-118.7797726,06,037,800324,Census Tract 8003.24; Los Angeles County; California,6557,728,763,232,11.64,277,191,0,19,277,191.9426997830342,85.05730021696579,468.9426997830342,0.6929339342347806,usable_with_caution,4.22,36.3,164289.0,43271.0,0.2633834279836142,False,1,3,2,4,1,1,0.6021784232365145,0.40612033195020747,0.8890041493775933,0.5237551867219917,0.7613070539419087,0.7400414937759336,64.43,64.01,225,219,-6,False,False,outside_top_20
06,037,431004,06037431004,1400000US06037431004,4310.04,Census Tract 4310.04,G5020,S,906451,0,+34.1483495,-117.9977187,06,037,431004,Census Tract 4310.04; Los Angeles County; California,3138,328,692,288,22.05,216,154,74,105,290,186.38937737972088,103.61062262027914,476.3893773797208,0.6427219909645546,usable_with_caution,9.24,41.91,84833.0,19545.0,0.2303938325887331,False,0,8,3,14,3,6,0.6115145228215768,0.6815352697095436,0.28526970954356845,0.6395228215767635,0.7441908713692946,0.5225103734439834,58.96,54.53,322,420,98,False,False,outside_top_20
06,037,143302,06037143302,1400000US06037143302,1433.02,Census Tract 1433.02,G5020,S,1030153,6492,+34.1521830,-118.3866138,06,037,143302,Census Tract 1433.02; Los Angeles County; California,3629,505,304,187,8.38,25,25,15,27,40,36.7967389859482,3.2032610140518045,76.7967389859482,0.9199184746487048,usable_with_caution,1.1,13.16,127500.0,34036.0,0.2669490196078431,False,2,12,3,16,1,4,0.029045643153526972,0.03734439834024896,0.7308091286307054,0.03236514522821577,0.43101659751037347,0.483609958506224,25.18,26.23,867,861,-6,False,False,outside_top_20
06,037,311601,06037311601,1400000US06037311601,3116.01,Census Tract 3116.01,G5020,S,1705044,0,+34.1535332,-118.3343570,06,037,311601,Census Tract 3116.01; Los Angeles County; California,2996,1460,429,205,14.32,132,110,0,14,132,110.8873302050329,21.112669794967104,242.8873302050329,0.8400555318563098,usable_with_caution,4.41,30.77,108563.0,36380.0,0.3351049620957416,False,1,6,1,12,0,6,0.3506224066390041,0.42012448132780084,0.5684647302904564,0.3784232365145228,0.6940871369294606,0.674896265560166,47.96,47.57,547,562,15,False,False,outside_top_20
06,037,431003,06037431003,1400000US06037431003,4310.03,Census Tract 4310.03,G5020,S,854271,0,+34.1484802,-118.0130107,06,037,431003,Census Tract 4310.03; Los Angeles County; California,4613,1276,576,203,12.49,260,135,16,24,276,137.11673858431726,138.88326141568274,413.11673858431726,0.4967997774794103,more_reliable,5.98,47.92,89099.0,28164.0,0.3160978237690658,False,2,12,6,27,4,15,0.5995850622406639,0.5394190871369294,0.33402489626556015,0.5755186721991701,0.43101659751037347,0.24076763485477173,49.83,46.03,510,590,80,False,False,outside_top_20
06,037,311602,06037311602,1400000US06037311602,3116.02,Census Tract 3116.02,G5020,S,1104285,6584,+34.1519687,-118.3457252,06,037,311602,Census Tract 3116.02; Los Angeles County; California,4618,621,674,344,14.6,266,227,0,14,266,227.4313083108832,38.56869168911683,493.4313083108832,0.8550049184619668,usable_with_caution,5.76,39.47,94646.0,13655.0,0.1442744542822729,False,1,7,1,14,0,7,0.5824688796680498,0.5269709543568465,0.4066390041493776,0.5602697095435685,0.6617219917012449,0.6391078838174273,54.98,54.53,411,420,9,False,False,outside_top_20
06,037,462600,06037462600,1400000US06037462600,4626,Census Tract 4626,G5020,S,1048627,0,+34.1609655,-118.1135074,06,037,462600,Census Tract 4626; Los Angeles County; California,2376,321,323,141,13.59,120,85,33,37,153,92.70382947861432,60.29617052138569,245.7038294786143,0.6059073822131654,usable_with_caution,6.44,47.37,122500.0,17929.0,0.1463591836734694,False,0,1,0,3,0,2,0.399896265560166,0.5700207468879668,0.6929460580912863,0.4679460580912863,0.9122406639004149,0.9060165975103736,60.18,60.06,300,300,0,False,False,outside_top_20
06,037,405001,06037405001,1400000US06037405001,4050.01,Census Tract 4050.01,G5020,S,1677531,26529,+34.1013179,-117.9659823,06,037,405001,Census Tract 4050.01; Los Angeles County; California,5218,621,1038,478,19.89,113,68,0,19,113,70.60453243241541,42.39546756758459,183.6045324324154,0.6248188710833222,usable_with_caution,2.17,10.89,81801.0,6783.0,0.0829207466901382,False,0,6,0,9,0,3,0.2966804979253112,0.1737551867219917,0.24066390041493776,0.2475103734439834,0.8061203319502075,0.8191908713692946,35.79,36.05,729,734,5,False,False,outside_top_20
06,037,405002,06037405002,1400000US06037405002,4050.02,Census Tract 4050.02,G5020,S,885073,0,+34.1032743,-117.9490010,06,037,405002,Census Tract 4050.02; Los Angeles County; California,2935,534,485,120,16.52,304,123,9,15,313,123.9112585683803,189.0887414316197,436.9112585683803,0.3958826152344418,more_reliable,10.66,64.54,74605.0,27057.0,0.3626700623282621,False,0,6,0,9,0,3,0.6358921161825726,0.716804979253112,0.16701244813278007,0.6682572614107885,0.8061203319502075,0.8191908713692946,59.56,59.82,313,306,-7,False,False,outside_top_20
06,037,405102,06037405102,1400000US06037405102,4051.02,Census Tract 4051.02,G5020,S,961817,0,+34.0891905,-117.9627063,06,037,405102,Census Tract 4051.02; Los Angeles County; California,5110,543,1267,308,24.79,678,288,7,11,685,288.20999288713085,396.7900071128692,973.2099928871309,0.4207445151636946,more_reliable,13.41,54.06,80234.0,14655.0,0.1826532392751202,False,1,7,1,11,0,4,0.8049792531120332,0.7676348547717843,0.22614107883817428,0.7900414937759337,0.6617219917012449,0.6938796680497925,65.16,65.8,207,189,-18,False,False,outside_top_20
06,037,405201,06037405201,1400000US06037405201,4052.01,Census Tract 4052.01,G5020,S,1355854,1874,+34.0839121,-117.9513657,06,037,405201,Census Tract 4052.01; Los Angeles County; California,5232,721,822,219,15.71,230,160,10,16,240,160.79800993793424,79.20199006206576,400.79800993793424,0.669991708074726,usable_with_caution,4.59,29.2,79934.0,10908.0,0.1364625816298446,False,2,8,2,13,0,5,0.5446058091286307,0.44398340248962653,0.22095435684647302,0.504356846473029,0.5520746887966805,0.5909751037344398,45.72,46.5,591,581,-10,False,False,outside_top_20
06,037,405202,06037405202,1400000US06037405202,4052.02,Census Tract 4052.02,G5020,S,953267,0,+34.0808488,-117.9632000,06,037,405202,Census Tract 4052.02; Los Angeles County; California,4519,777,972,231,21.51,309,213,0,14,309,213.45959805077868,95.54040194922132,522.4595980507787,0.6908077606821317,usable_with_caution,6.84,31.79,69681.0,8758.0,0.1256870596001779,False,2,7,2,11,0,4,0.6327800829875518,0.5938796680497925,0.13485477178423236,0.6172199170124482,0.5816390041493776,0.6276970954356846,51.36,52.28,481,470,-11,False,False,outside_top_20
06,037,405203,06037405203,1400000US06037405203,4052.03,Census Tract 4052.03,G5020,S,719185,0,+34.0762606,-117.9569614,06,037,405203,Census Tract 4052.03; Los Angeles County; California,2804,306,680,153,24.25,331,115,0,14,331,115.84903970253704,215.15096029746297,446.849039702537,0.3499970987992055,more_reliable,11.8,48.68,91438.0,23660.0,0.2587545659353879,False,2,9,2,16,0,7,0.6597510373443983,0.7468879668049793,0.3620331950207469,0.6946058091286307,0.5212655601659751,0.5340248962655602,59.34,59.6,318,312,-6,False,False,outside_top_20
06,037,408401,06037408401,1400000US06037408401,4084.01,Census Tract 4084.01,G5020,S,1158807,0,+34.0182750,-117.9819245,06,037,408401,Census Tract 4084.01; Los Angeles County; California,4305,710,1093,310,25.39,605,261,48,74,653,271.2876701953113,381.7123298046887,924.2876701953112,0.415448193254688,more_reliable,15.17,59.74,102500.0,23873.0,0.2329073170731707,False,0,7,1,10,1,3,0.7977178423236515,0.7925311203319502,0.49844398340248963,0.795643153526971,0.7737551867219918,0.7131742738589211,73.18,71.97,102,108,6,False,False,outside_top_20
06,037,431900,06037431900,1400000US06037431900,4319,Census Tract 4319,G5020,S,999157,0,+34.1101738,-118.0605045,06,037,431900,Census Tract 4319; Los Angeles County; California,3346,528,2322,537,69.4,1566,496,150,97,1716,505.3958844312051,1210.604115568795,2221.395884431205,0.2945197461720309,more_reliable,51.29,73.9,95066.0,18381.0,0.1933498832390129,False,5,27,6,60,1,33,0.941908713692946,0.9771784232365145,0.4087136929460581,0.9560165975103734,0.14470954356846472,0.12966804979253108,68.43,68.13,160,158,-2,False,False,outside_top_20
06,037,432101,06037432101,1400000US06037432101,4321.01,Census Tract 4321.01,G5020,S,1160623,0,+34.0958950,-118.0429243,06,037,432101,Census Tract 4321.01; Los Angeles County; California,4843,671,3250,612,67.11,1912,417,97,85,2009,425.57490527520537,1583.4250947247947,2434.5749052752053,0.211834198743258,more_reliable,41.48,61.82,134556.0,15397.0,0.1144281934659175,False,1,31,4,65,3,34,0.9626556016597511,0.941908713692946,0.7738589211618258,0.954356846473029,0.3081950207468879,0.1534232365145228,78.9,75.81,48,69,21,False,False,outside_top_20
06,037,432102,06037432102,1400000US06037432102,4321.02,Census Tract 4321.02,G5020,S,1870465,0,+34.0927379,-118.0587894,06,037,432102,Census Tract 4321.02; Los Angeles County; California,5793,589,4138,654,71.43,2851,604,39,43,2890,605.528694613228,2284.471305386772,3495.5286946132283,0.2095254998661688,more_reliable,49.89,69.84,102500.0,28416.0,0.2772292682926829,False,1,38,2,76,1,38,0.9927385892116183,0.9730290456431535,0.49844398340248963,0.9848547717842324,0.28485477178423235,0.216597510373444,74.76,73.39,84,92,8,False,False,outside_top_20
06,037,432201,06037432201,1400000US06037432201,4322.01,Census Tract 4322.01,G5020,S,1215872,1122,+34.0864540,-118.0838285,06,037,432201,Census Tract 4322.01; Los Angeles County; California,4638,975,3479,980,75.01,1969,1015,31,38,2000,1015.7110809674176,984.2889190325824,3015.7110809674177,0.5078555404837088,usable_with_caution,43.12,57.49,118179.0,10357.0,0.0876382436811954,False,6,45,14,88,8,43,0.9616182572614108,0.946058091286307,0.6441908713692946,0.9553941908713692,0.06255186721991698,0.030186721991701294,71.46,70.81,118,120,2,False,False,outside_top_20
06,037,432202,06037432202,1400000US06037432202,4322.02,Census Tract 4322.02,G5020,S,1319679,0,+34.0853194,-118.0709482,06,037,432202,Census Tract 4322.02; Los Angeles County; California,3408,474,2537,535,74.44,1534,456,0,14,1534,456.2148616605996,1077.7851383394004,1990.2148616606,0.2974021262455016,more_reliable,45.01,60.47,90516.0,21846.0,0.2413495956515975,False,5,37,12,70,7,33,0.9315352697095436,0.9543568464730291,0.3558091286307054,0.9406639004149377,0.11078838174273857,0.05497925311203322,65.77,64.66,191,202,11,False,False,outside_top_20
06,037,460900,06037460900,1400000US06037460900,4609,Census Tract 4609,G5020,S,2435554,20361,+34.1761857,-118.1602397,06,037,460900,Census Tract 4609; Los Angeles County; California,6457,757,312,185,4.83,61,52,0,19,61,55.36244214266564,5.6375578573343645,116.36244214266564,0.9075810187322236,usable_with_caution,0.94,19.55,96370.0,43667.0,0.4531181903081872,False,1,2,1,2,0,0,0.11307053941908714,0.016597510373443983,0.42531120331950206,0.07448132780082987,0.7806016597510373,0.8320539419087136,28.59,29.62,821,810,-11,False,False,outside_top_20
06,037,400402,06037400402,1400000US06037400402,4004.02,Census Tract 4004.02,G5020,S,4383866,0,+34.1356418,-117.8240948,06,037,400402,Census Tract 4004.02; Los Angeles County; California,4324,668,784,224,18.13,345,147,50,68,395,161.9660458244258,233.0339541755742,556.9660458244258,0.4100406223403185,more_reliable,9.14,50.38,154707.0,17944.0,0.1159869947707602,False,0,2,0,3,0,1,0.7043568464730291,0.6768672199170125,0.8506224066390041,0.6933609958506224,0.8926348547717843,0.9060165975103736,76.47,76.73,69,61,-8,False,False,outside_top_20
06,037,403316,06037403316,1400000US06037403316,4033.16,Census Tract 4033.16,G5020,S,2910036,0,+34.0318156,-117.7985828,06,037,403316,Census Tract 4033.16; Los Angeles County; California,6890,908,3168,598,45.98,1365,493,28,56,1393,496.17033365569125,896.8296663443087,1889.1703336556911,0.3561883227966197,more_reliable,20.22,43.97,93151.0,18352.0,0.1970134512780324,False,1,14,1,18,0,4,0.9149377593360996,0.8371369294605809,0.3869294605809129,0.8838174273858921,0.45290456431535264,0.5697095435684647,69.83,72.16,135,102,-33,False,False,outside_top_20
06,037,403318,06037403318,1400000US06037403318,4033.18,Census Tract 4033.18,G5020,S,3368569,0,+34.0305562,-117.7652744,06,037,403318,Census Tract 4033.18; Los Angeles County; California,5894,591,2521,655,42.77,867,416,125,127,992,434.95402055849536,557.0459794415046,1426.9540205584954,0.4384617142726768,more_reliable,16.83,39.35,118478.0,29403.0,0.2481726565269501,False,2,9,3,10,1,1,0.8734439834024896,0.8122406639004149,0.6462655601659751,0.8489626556016598,0.5212655601659751,0.5965767634854772,74.29,75.79,88,70,-18,False,False,outside_top_20
06,037,403319,06037403319,1400000US06037403319,4033.19,Census Tract 4033.19,G5020,S,2224166,9919,+34.0088400,-117.8115666,06,037,403319,Census Tract 4033.19; Los Angeles County; California,4319,602,2254,298,52.19,720,247,132,83,852,260.5724467398654,591.4275532601346,1112.5724467398654,0.3058362050937387,more_reliable,19.73,37.8,93211.0,9457.0,0.1014579824269667,False,6,10,9,18,3,8,0.8423236514522822,0.8360995850622407,0.3879668049792531,0.8398340248962656,0.3799792531120331,0.34688796680497924,65.75,65.09,192,196,4,False,False,outside_top_20
06,037,403320,06037403320,1400000US06037403320,4033.20,Census Tract 4033.20,G5020,S,3916941,0,+34.0052006,-117.7963389,06,037,403320,Census Tract 4033.20; Los Angeles County; California,5400,742,3790,722,70.19,2022,404,199,127,2221,423.4914402913004,1797.5085597086995,2644.4914402913005,0.1906760199420533,more_reliable,41.13,58.6,126059.0,29518.0,0.2341601948294052,False,4,8,6,14,2,6,0.9699170124481328,0.9398340248962656,0.7157676348547718,0.9578838174273858,0.4699170124481328,0.44118257261410787,81.19,80.61,33,33,0,False,False,outside_top_20
06,037,405400,06037405400,1400000US06037405400,4054,Census Tract 4054,G5020,S,1328886,0,+34.0915703,-117.9315390,06,037,405400,Census Tract 4054; Los Angeles County; California,4945,642,672,212,13.59,93,75,0,14,93,76.2954782408499,16.704521759150097,169.2954782408499,0.8203814864607516,usable_with_caution,1.88,13.84,106500.0,24027.0,0.2256056338028169,False,0,8,0,13,0,5,0.23236514522821577,0.145746887966805,0.553941908713693,0.19771784232365147,0.7441908713692946,0.7445020746887967,37.83,37.83,703,707,4,False,False,outside_top_20
06,037,405500,06037405500,1400000US06037405500,4055,Census Tract 4055,G5020,S,1864881,0,+34.0789211,-117.9284644,06,037,405500,Census Tract 4055; Los Angeles County; California,6161,956,1257,458,20.4,425,153,0,19,425,154.17522498767434,270.82477501232563,579.1752249876744,0.3627652352651161,more_reliable,6.9,33.81,102054.0,25513.0,0.2499951006329982,False,1,9,2,17,1,8,0.7235477178423236,0.5985477178423236,0.49377593360995853,0.6735477178423236,0.6013485477178423,0.5197095435684647,62.32,60.68,259,290,31,False,False,outside_top_20
06,037,408624,06037408624,1400000US06037408624,4086.24,Census Tract 4086.24,G5020,S,1379188,0,+33.9934400,-117.9490595,06,037,408624,Census Tract 4086.24; Los Angeles County; California,3273,379,1820,271,55.61,825,233,283,205,1108,310.34496934862665,797.6550306513734,1418.3449693486266,0.2800947376792659,more_reliable,33.85,60.88,118977.0,34274.0,0.2880724845978634,False,3,13,3,27,0,14,0.8848547717842323,0.9056016597510373,0.6514522821576764,0.8931535269709544,0.34885892116182576,0.32209543568464727,73.6,73.06,97,96,-1,False,False,outside_top_20
06,037,408625,06037408625,1400000US06037408625,4086.25,Census Tract 4086.25,G5020,S,2148733,0,+33.9886544,-117.9633888,06,037,408625,Census Tract 4086.25; Los Angeles County; California,3708,483,2105,343,56.77,1163,387,171,107,1334,401.5196134686324,932.4803865313676,1735.5196134686323,0.3009892154937275,more_reliable,35.98,63.37,132273.0,20038.0,0.1514897220143188,False,1,9,1,14,0,5,0.9107883817427386,0.9133817427385892,0.7624481327800829,0.9118257261410788,0.6013485477178423,0.6391078838174273,81.99,82.74,29,23,-6,False,False,outside_top_20
06,037,432300,06037432300,1400000US06037432300,4323,Census Tract 4323,G5020,S,1962983,24156,+34.0865238,-118.0462778,06,037,432300,Census Tract 4323; Los Angeles County; California,3749,772,1537,331,41.0,949,351,0,14,949,351.27909132198573,597.7209086780142,1300.2790913219858,0.3701571036058859,more_reliable,25.31,61.74,86513.0,29503.0,0.3410238923629974,False,2,28,4,55,2,27,0.8630705394190872,0.8744813278008299,0.29979253112033194,0.8676348547717843,0.237448132780083,0.18547717842323652,62.8,61.76,249,262,13,False,False,outside_top_20
06,037,432401,06037432401,1400000US06037432401,4324.01,Census Tract 4324.01,G5020,S,1035278,26650,+34.0910085,-118.0229572,06,037,432401,Census Tract 4324.01; Los Angeles County; California,3785,647,1058,265,27.95,512,190,30,22,542,191.2694434560837,350.7305565439163,733.2694434560838,0.3528956521329958,more_reliable,14.32,51.23,90018.0,15797.0,0.1754871247972627,False,2,17,6,28,4,11,0.7676348547717843,0.7800829875518672,0.3475103734439834,0.7726141078838175,0.3034232365145228,0.2317427385892116,59.38,57.94,317,347,30,False,False,outside_top_20
06,037,432402,06037432402,1400000US06037432402,4324.02,Census Tract 4324.02,G5020,S,1494702,17039,+34.0850985,-118.0290726,06,037,432402,Census Tract 4324.02; Los Angeles County; California,5529,862,1937,659,35.03,933,241,26,42,959,244.63237725207185,714.3676227479282,1203.6323772520718,0.2550911128801583,more_reliable,17.34,49.51,66948.0,3633.0,0.0542659974905897,False,3,19,8,33,5,14,0.8661825726141079,0.816908713692946,0.12240663900414937,0.8464730290456433,0.22406639004149376,0.18122406639004152,57.72,56.86,349,371,22,False,False,outside_top_20
06,037,432601,06037432601,1400000US06037432601,4326.01,Census Tract 4326.01,G5020,S,1404867,0,+34.0820032,-118.0143396,06,037,432601,Census Tract 4326.01; Los Angeles County; California,6515,971,1771,437,27.18,862,338,0,19,862,338.5336024680564,523.4663975319436,1200.5336024680564,0.392730397294729,more_reliable,13.23,48.67,84479.0,42655.0,0.5049183820831212,False,3,14,6,24,3,10,0.8443983402489627,0.766597510373444,0.27800829875518673,0.8132780082987552,0.3205394190871369,0.27499999999999997,60.77,59.86,293,305,12,False,False,outside_top_20
06,037,461400,06037461400,1400000US06037461400,4614,Census Tract 4614,G5020,S,1016754,0,+34.1723196,-118.1246760,06,037,461400,Census Tract 4614; Los Angeles County; California,2641,384,118,75,4.47,54,59,37,49,91,76.69419795525604,14.305802044743956,167.69419795525604,0.8427933841236928,usable_with_caution,3.45,77.12,98077.0,22749.0,0.2319504063134068,False,0,1,0,1,0,0,0.2245850622406639,0.32676348547717843,0.4470954356846473,0.2654564315352697,0.9122406639004149,0.9321576763485477,43.11,43.51,628,628,0,False,False,outside_top_20
06,037,461700,06037461700,1400000US06037461700,4617,Census Tract 4617,G5020,S,2184325,23766,+34.1583127,-118.1655566,06,037,461700,Census Tract 4617; Los Angeles County; California,1353,222,242,94,17.89,79,65,0,14,79,66.49060083951716,12.509399160482843,145.49060083951716,0.8416531751837615,usable_with_caution,5.84,32.64,154926.0,52050.0,0.3359668486890515,False,0,2,0,4,0,2,0.17946058091286307,0.5306016597510373,0.8526970954356846,0.3199170124481328,0.8926348547717843,0.8935684647302904,54.1,54.12,430,433,3,False,False,outside_top_20
06,037,403321,06037403321,1400000US06037403321,4033.21,Census Tract 4033.21,G5020,S,6363008,1698,+34.0159791,-117.7799574,06,037,403321,Census Tract 4033.21; Los Angeles County; California,4927,594,2723,469,55.27,1159,342,165,173,1324,383.2662260100673,940.7337739899326,1707.2662260100674,0.2894760015181777,more_reliable,26.87,48.62,117222.0,22980.0,0.1960382863285049,False,0,12,0,16,0,4,0.9087136929460581,0.8807053941908713,0.6369294605809128,0.8975103734439833,0.6231327800829876,0.687551867219917,79.05,80.34,47,36,-11,False,False,outside_top_20
06,037,405600,06037405600,1400000US06037405600,4056,Census Tract 4056,G5020,S,2100911,0,+34.0796236,-117.9156009,06,037,405600,Census Tract 4056; Los Angeles County; California,5753,792,1298,335,22.56,526,299,33,51,559,303.3183146465112,255.6816853534888,862.3183146465112,0.5426087918542241,usable_with_caution,9.72,43.07,103188.0,27456.0,0.2660774508663798,False,2,10,4,17,2,7,0.7769709543568465,0.6981327800829875,0.5093360995850622,0.7454356846473029,0.48890041493775926,0.43195020746887963,64.69,63.55,218,228,10,False,False,outside_top_20
06,037,408303,06037408303,1400000US06037408303,4083.03,Census Tract 4083.03,G5020,S,1842624,83263,+34.0353961,-118.0031754,06,037,408303,Census Tract 4083.03; Los Angeles County; California,4035,788,488,112,12.09,274,212,70,98,344,233.5551326774901,110.44486732250992,577.5551326774901,0.6789393391787503,usable_with_caution,8.53,70.49,119375.0,38778.0,0.3248418848167539,False,1,7,1,10,0,3,0.6706431535269709,0.6597510373443983,0.6550829875518672,0.6662863070539419,0.6617219917012449,0.7131742738589211,66.31,67.34,182,172,-10,False,False,outside_top_20
06,037,408627,06037408627,1400000US06037408627,4086.27,Census Tract 4086.27,G5020,S,3125499,0,+33.9761439,-117.9255181,06,037,408627,Census Tract 4086.27; Los Angeles County; California,2665,287,1867,343,70.06,1228,348,148,105,1376,363.4955295461005,1012.5044704538996,1739.4955295461004,0.2641682627515265,more_reliable,51.63,73.7,94353.0,9558.0,0.1013004355982321,False,1,14,3,28,2,14,0.9133817427385892,0.9782157676348547,0.40352697095435686,0.9393153526970954,0.45290456431535264,0.31307053941908713,73.49,70.69,99,122,23,False,False,outside_top_20
06,037,405900,06037405900,1400000US06037405900,4059,Census Tract 4059,G5020,S,1320370,0,+34.1030755,-117.8902535,06,037,405900,Census Tract 4059; Los Angeles County; California,4627,547,671,186,14.5,238,159,32,40,270,163.95426191471816,106.04573808528184,433.9542619147181,0.6072380070915487,usable_with_caution,5.84,40.24,118358.0,8810.0,0.0744351881579614,False,0,6,0,9,0,3,0.5892116182572614,0.5306016597510373,0.6452282157676349,0.5657676348547718,0.8061203319502075,0.8191908713692946,62.97,63.23,246,236,-10,False,False,outside_top_20
06,037,117530,06037117530,1400000US06037117530,1175.30,Census Tract 1175.30,G5020,S,544547,12334,+34.2264373,-118.4643776,06,037,117530,Census Tract 1175.30; Los Angeles County; California,5586,721,923,289,16.52,55,51,0,19,55,54.42425929675111,0.5757407032488899,109.4242592967511,0.9895319872136564,usable_with_caution,0.98,5.96,46127.0,8945.0,0.1939211307910768,False,4,10,6,18,2,8,0.08246887966804979,0.021265560165975105,0.035269709543568464,0.05798755186721992,0.40674273858921156,0.3717842323651452,12.32,11.62,948,954,6,False,False,outside_top_20
06,037,408705,06037408705,1400000US06037408705,4087.05,Census Tract 4087.05,G5020,S,1927095,953,+33.9818656,-117.8795993,06,037,408705,Census Tract 4087.05; Los Angeles County; California,5403,893,3952,858,73.14,2345,839,136,130,2481,849.0117784813118,1631.988221518688,3330.011778481312,0.3422054729872276,more_reliable,45.92,62.78,81771.0,35254.0,0.431130841007203,False,1,11,5,32,4,21,0.9813278008298755,0.9574688796680498,0.23962655601659752,0.9717842323651451,0.5394190871369294,0.22562240663900418,73.89,67.61,94,163,69,False,False,outside_top_20
06,037,432602,06037432602,1400000US06037432602,4326.02,Census Tract 4326.02,G5020,S,1064490,0,+34.0814708,-118.0052966,06,037,432602,Census Tract 4326.02; Los Angeles County; California,4198,604,1651,407,39.33,838,282,25,39,863,284.6840353795766,578.3159646204234,1147.6840353795765,0.3298772136495673,more_reliable,20.56,52.27,82699.0,26513.0,0.3205963796418336,False,2,14,4,23,2,9,0.8454356846473029,0.8443983402489627,0.2551867219917012,0.8450207468879668,0.3728215767634855,0.33454356846473027,63.26,62.5,243,250,7,False,False,outside_top_20
06,037,432700,06037432700,1400000US06037432700,4327,Census Tract 4327,G5020,S,1825589,33529,+34.0741029,-118.0325211,06,037,432700,Census Tract 4327; Los Angeles County; California,4630,757,1385,341,29.91,662,309,96,86,758,320.74444656143305,437.25555343856695,1078.744446561433,0.4231457078646874,more_reliable,16.37,54.73,64864.0,11527.0,0.1777102861371484,False,5,20,6,38,1,18,0.8184647302904564,0.8060165975103735,0.10269709543568464,0.8134854771784232,0.16991701244813281,0.17914937759336097,54.26,54.45,429,424,-5,False,False,outside_top_20
06,037,432801,06037432801,1400000US06037432801,4328.01,Census Tract 4328.01,G5020,S,791496,23559,+34.0769216,-118.0467069,06,037,432801,Census Tract 4328.01; Los Angeles County; California,2224,328,832,100,37.41,566,89,19,22,585,91.67878707749138,493.3212129225086,676.6787870774914,0.1567158753461391,more_reliable,26.3,70.31,40543.0,10435.0,0.2573810522161655,False,3,27,3,49,0,22,0.7852697095435685,0.8765560165975104,0.022821576763485476,0.8217842323651452,0.19014522821576763,0.2340248962655602,53.57,54.44,447,425,-22,False,False,outside_top_20
06,037,432802,06037432802,1400000US06037432802,4328.02,Census Tract 4328.02,G5020,S,592727,0,+34.0788710,-118.0533056,06,037,432802,Census Tract 4328.02; Los Angeles County; California,5501,1019,737,215,13.4,600,212,19,31,619,214.2545215392198,404.7454784607802,833.2545215392198,0.3461300832620675,more_reliable,11.25,83.99,63321.0,13669.0,0.2158683533109079,False,3,35,4,64,1,29,0.7914937759336099,0.7302904564315352,0.09336099585062241,0.76701244813278,0.16338174273858921,0.1590248962655602,51.16,51.07,484,493,9,False,False,outside_top_20
06,037,432902,06037432902,1400000US06037432902,4329.02,Census Tract 4329.02,G5020,S,1088322,0,+34.0787234,-118.0599421,06,037,432902,Census Tract 4329.02; Los Angeles County; California,2959,359,1779,220,60.12,829,243,0,14,829,243.402958075698,585.597041924302,1072.402958075698,0.2936103233723739,more_reliable,28.02,46.6,84044.0,17673.0,0.2102827090571605,False,3,35,5,65,2,30,0.8340248962655602,0.8858921161825726,0.266597510373444,0.8547717842323652,0.16338174273858921,0.1279045643153527,59.89,59.18,304,321,17,False,False,outside_top_20
06,037,214902,06037214902,1400000US06037214902,2149.02,Census Tract 2149.02,G5020,S,507191,0,+34.0729569,-118.3800897,06,037,214902,Census Tract 2149.02; Los Angeles County; California,2652,402,253,136,9.54,41,41,33,55,74,68.60029154456998,5.399708455430016,142.60029154456998,0.9270309668185132,usable_with_caution,2.79,29.25,109450.0,17831.0,0.1629145728643216,False,1,9,3,19,2,10,0.1628630705394191,0.25778008298755184,0.5767634854771784,0.2008298755186722,0.6013485477178423,0.433195020746888,35.61,32.25,735,779,44,False,False,outside_top_20
06,037,265201,06037265201,1400000US06037265201,2652.01,Census Tract 2652.01,G5020,S,438820,0,+34.0668275,-118.4364091,06,037,265201,Census Tract 2652.01; Los Angeles County; California,2526,666,416,207,16.47,239,188,0,14,239,188.52055590836773,50.479444091632274,427.5205559083677,0.7887889368550951,usable_with_caution,9.46,57.45,155781.0,39370.0,0.2527265841148792,False,2,13,5,23,3,10,0.54201244813278,0.6877593360995851,0.8558091286307054,0.600311203319502,0.4011410788381743,0.3090248962655602,61.16,59.32,285,316,31,False,False,outside_top_20
06,037,462100,06037462100,1400000US06037462100,4621,Census Tract 4621,G5020,S,1043919,0,+34.1634006,-118.1369963,06,037,462100,Census Tract 4621; Los Angeles County; California,4461,707,307,151,6.88,87,67,0,14,87,68.4470598345904,18.552940165409595,155.4470598345904,0.7867478141906943,usable_with_caution,1.95,28.34,100516.0,13398.0,0.1332922121851247,False,0,1,0,2,0,1,0.21161825726141079,0.15404564315352698,0.4730290456431535,0.18858921161825726,0.9122406639004149,0.9193983402489627,39.02,39.16,681,679,-2,False,False,outside_top_20
06,037,462400,06037462400,1400000US06037462400,4624,Census Tract 4624,G5020,S,1305487,10596,+34.1651965,-118.1262387,06,037,462400,Census Tract 4624; Los Angeles County; California,3720,577,501,209,13.47,186,128,0,14,186,128.76334882255898,57.23665117744102,314.763348822559,0.6922760689384891,usable_with_caution,5.0,37.13,153333.0,13937.0,0.090893675855817,False,0,1,0,2,0,1,0.46473029045643155,0.47614107883817425,0.8454356846473029,0.46929460580912863,0.9122406639004149,0.9193983402489627,63.31,63.45,241,232,-9,False,False,outside_top_20
06,037,295103,06037295103,1400000US06037295103,2951.03,Census Tract 2951.03,G5020,S,2056813,1202,+33.7616099,-118.2947359,06,037,295103,Census Tract 2951.03; Los Angeles County; California,4897,670,569,221,11.62,120,88,26,41,146,97.082439194738,48.917560805262,243.082439194738,0.664948213662589,usable_with_caution,2.98,25.66,120047.0,21248.0,0.1769973427074395,False,0,6,0,7,0,1,0.3879668049792531,0.2837136929460581,0.6639004149377593,0.3462655601659751,0.8061203319502075,0.8524896265560167,50.18,51.1,502,491,-11,False,False,outside_top_20
06,037,603006,06037603006,1400000US06037603006,6030.06,Census Tract 6030.06,G5020,S,687534,0,+33.8909348,-118.3045080,06,037,603006,Census Tract 6030.06; Los Angeles County; California,1822,226,960,212,52.69,134,122,0,14,134,122.80065146407,11.199348535929984,256.80065146407003,0.9164227721199256,usable_with_caution,7.35,13.96,73242.0,18639.0,0.2544851314819366,False,3,15,5,22,2,7,0.3573651452282158,0.6182572614107884,0.15560165975103735,0.46172199170124484,0.29439834024896266,0.32551867219917013,36.7,37.33,721,716,-5,False,False,outside_top_20
06,037,700501,06037700501,1400000US06037700501,7005.01,Census Tract 7005.01,G5020,S,597631,0,+34.0876363,-118.3878296,06,037,700501,Census Tract 7005.01; Los Angeles County; California,4316,517,208,144,4.82,26,37,58,68,84,77.41446893184762,6.5855310681523775,161.41446893184764,0.9216008206172336,usable_with_caution,1.95,40.38,111885.0,45018.0,0.4023595656254189,False,0,7,0,17,0,10,0.19968879668049794,0.15404564315352698,0.5985477178423236,0.18143153526970957,0.7737551867219918,0.6732365145228216,38.33,36.32,694,728,34,False,False,outside_top_20
06,037,700801,06037700801,1400000US06037700801,7008.01,Census Tract 7008.01,G5020,S,1454766,0,+34.0717107,-118.3967808,06,037,700801,Census Tract 7008.01; Los Angeles County; California,4176,458,619,321,14.82,85,108,45,70,130,128.70120434556935,1.2987956544306485,258.7012043455693,0.9900092641966872,usable_with_caution,3.11,21.0,85443.0,12234.0,0.1431831747480776,False,1,12,3,24,2,12,0.3454356846473029,0.2992738589211618,0.29149377593361,0.3269709543568465,0.5110995850622406,0.3563278008298755,35.67,32.57,733,775,42,False,False,outside_top_20
06,037,700802,06037700802,1400000US06037700802,7008.02,Census Tract 7008.02,G5020,S,685338,0,+34.0684224,-118.3820829,06,037,700802,Census Tract 7008.02; Los Angeles County; California,4129,574,831,225,20.13,116,83,0,14,116,84.17244204607586,31.827557953924146,200.17244204607584,0.7256245003972057,usable_with_caution,2.81,13.96,121523.0,9537.0,0.0784789710589764,False,1,10,3,19,2,9,0.3049792531120332,0.26400414937759337,0.6815352697095436,0.2885892116182573,0.5689834024896265,0.433195020746888,42.33,39.61,640,675,35,False,False,outside_top_20
06,037,125200,06037125200,1400000US06037125200,1252,Census Tract 1252,G5020,S,1303250,498,+34.1667371,-118.3844985,06,037,125200,Census Tract 1252; Los Angeles County; California,4151,541,220,104,5.3,45,41,13,19,58,45.18849411078001,12.811505889219989,103.18849411078,0.7791119674272416,usable_with_caution,1.4,26.36,86109.0,16004.0,0.1858574597312708,False,3,13,5,18,2,5,0.10321576763485477,0.07572614107883817,0.2987551867219917,0.09221991701244812,0.34885892116182576,0.39024896265560166,18.49,19.31,925,917,-8,False,False,outside_top_20
06,037,106643,06037106643,1400000US06037106643,1066.43,Census Tract 1066.43,G5020,S,4338941,0,+34.2894657,-118.5220352,06,037,106643,Census Tract 1066.43; Los Angeles County; California,4082,856,575,272,14.09,97,91,14,26,111,94.64142856064674,16.358571439353256,205.64142856064677,0.852625482528349,usable_with_caution,2.72,19.3,211974.0,49481.0,0.2334295715512279,False,0,3,0,3,0,0,0.2925311203319502,0.25155601659751037,0.9657676348547718,0.2761410788381743,0.8733402489626556,0.9060165975103736,53.35,54.0,451,437,-14,False,False,outside_top_20
06,037,108101,06037108101,1400000US06037108101,1081.01,Census Tract 1081.01,G5020,S,1128633,0,+34.2793058,-118.5416524,06,037,108101,Census Tract 1081.01; Los Angeles County; California,2272,310,522,180,22.98,96,69,45,62,141,92.76313923105448,48.23686076894552,233.76313923105448,0.6578946044755637,usable_with_caution,6.21,27.01,159531.0,38388.0,0.2406303477067153,False,0,6,0,7,0,1,0.37344398340248963,0.5570539419087137,0.8703319502074689,0.4468879668049793,0.8061203319502075,0.8524896265560167,60.34,61.27,298,274,-24,False,False,outside_top_20
06,037,125310,06037125310,1400000US06037125310,1253.10,Census Tract 1253.10,G5020,S,1053984,0,+34.1695168,-118.3660291,06,037,125310,Census Tract 1253.10; Los Angeles County; California,4373,650,351,216,8.03,56,52,0,14,56,53.85164807134504,2.148351928654961,109.85164807134504,0.96163657270259,usable_with_caution,1.28,15.95,72833.0,33335.0,0.4576908818804662,False,1,14,3,19,2,5,0.08973029045643154,0.05705394190871369,0.15352697095435686,0.0766597510373444,0.45290456431535264,0.433195020746888,16.73,16.33,929,932,3,False,False,outside_top_20
06,037,602507,06037602507,1400000US06037602507,6025.07,Census Tract 6025.07,G5020,S,322627,0,+33.9037379,-118.3308405,06,037,602507,Census Tract 6025.07; Los Angeles County; California,4574,571,256,164,5.6,52,58,14,23,66,62.39390995922599,3.6060900407740135,128.393909959226,0.9453622721094846,usable_with_caution,1.44,25.78,51446.0,9596.0,0.1865256774093224,False,1,19,1,26,0,7,0.133298755186722,0.08143153526970955,0.05186721991701245,0.112551867219917,0.35643153526970955,0.4486514522821577,14.92,16.76,936,929,-7,False,False,outside_top_20
06,037,402405,06037402405,1400000US06037402405,4024.05,Census Tract 4024.05,G5020,S,1013779,0,+34.0674874,-117.7932820,06,037,402405,Census Tract 4024.05; Los Angeles County; California,2551,275,99,80,3.88,49,46,0,14,49,48.08326112068523,0.9167388793147708,97.08326112068522,0.9812910432792904,usable_with_caution,1.92,49.49,112731.0,31091.0,0.275798138932503,False,1,6,1,7,0,1,0.060684647302904564,0.1504149377593361,0.6026970954356846,0.09657676348547717,0.6940871369294606,0.7651452282157676,31.73,33.15,781,770,-11,False,False,outside_top_20
06,037,402705,06037402705,1400000US06037402705,4027.05,Census Tract 4027.05,G5020,S,865507,0,+34.0717050,-117.7311684,06,037,402705,Census Tract 4027.05; Los Angeles County; California,3704,477,310,160,8.37,94,67,0,14,94,68.4470598345904,25.552940165409595,162.4470598345904,0.7281602110062809,usable_with_caution,2.54,30.32,115000.0,9218.0,0.0801565217391304,False,3,10,3,13,0,3,0.23858921161825727,0.22562240663900415,0.6213692946058091,0.23340248962655602,0.43661825726141074,0.5405601659751037,35.16,37.24,743,717,-26,False,False,outside_top_20
06,037,402804,06037402804,1400000US06037402804,4028.04,Census Tract 4028.04,G5020,S,1318217,0,+34.0483749,-117.7321891,06,037,402804,Census Tract 4028.04; Los Angeles County; California,4217,656,280,116,6.64,136,116,0,14,136,116.84177335182824,19.15822664817176,252.84177335182824,0.8591306864105017,usable_with_caution,3.23,48.57,66016.0,11829.0,0.1791838342220068,False,0,9,0,11,0,2,0.3620331950207469,0.31068464730290457,0.11514522821576763,0.34149377593360997,0.7133817427385892,0.7812240663900415,37.06,38.42,712,697,-15,False,False,outside_top_20
06,037,402903,06037402903,1400000US06037402903,4029.03,Census Tract 4029.03,G5020,S,1584347,0,+34.0393884,-117.7335899,06,037,402903,Census Tract 4029.03; Los Angeles County; California,3931,362,587,263,14.93,292,160,0,14,292,160.61133210331082,131.38866789668918,452.6113321033108,0.5500388085729823,usable_with_caution,7.43,49.74,79688.0,34128.0,0.4282702539905632,False,2,8,2,10,0,2,0.6141078838174274,0.6255186721991701,0.21784232365145229,0.6186721991701245,0.5520746887966805,0.6469917012448132,52.52,54.42,468,427,-41,False,False,outside_top_20
06,037,407801,06037407801,1400000US06037407801,4078.01,Census Tract 4078.01,G5020,S,1071597,0,+34.0302232,-117.9214927,06,037,407801,Census Tract 4078.01; Los Angeles County; California,4822,826,1038,357,21.53,321,229,14,22,335,230.05434140654685,104.94565859345316,565.0543414065469,0.6867293773329756,usable_with_caution,6.95,32.27,96809.0,38958.0,0.4024212624859259,False,1,19,4,36,3,17,0.6613070539419087,0.6032157676348547,0.43049792531120334,0.6380705394190871,0.35643153526970955,0.2306016597510373,54.02,51.51,432,482,50,False,False,outside_top_20
06,037,408005,06037408005,1400000US06037408005,4080.05,Census Tract 4080.05,G5020,S,3680014,4628,+34.0490207,-117.8958117,06,037,408005,Census Tract 4080.05; Los Angeles County; California,5318,675,2082,368,39.15,1294,331,118,96,1412,344.64039229318433,1067.3596077068155,1756.6403922931845,0.2440795979413486,more_reliable,26.55,67.82,120956.0,19343.0,0.159917656007143,False,0,8,0,14,0,6,0.9175311203319502,0.8796680497925311,0.6742738589211619,0.9023858921161825,0.7441908713692946,0.7264522821576764,82.51,82.16,24,26,2,False,False,outside_top_20
06,037,408140,06037408140,1400000US06037408140,4081.40,Census Tract 4081.40,G5020,S,912809,0,+34.0095340,-117.9031875,06,037,408140,Census Tract 4081.40; Los Angeles County; California,3317,693,155,124,4.67,138,123,0,14,138,123.79418403139948,14.205815968600533,261.7941840313995,0.8970593045753584,usable_with_caution,4.16,89.03,77991.0,18794.0,0.2409765229321332,False,1,16,1,37,0,21,0.3646265560165975,0.3983402489626556,0.19605809128630705,0.37811203319502074,0.4028008298755187,0.3808091286307054,34.66,34.22,752,755,3,False,False,outside_top_20
06,037,406701,06037406701,1400000US06037406701,4067.01,Census Tract 4067.01,G5020,S,943135,0,+34.0552711,-117.9463761,06,037,406701,Census Tract 4067.01; Los Angeles County; California,3058,681,571,159,18.67,154,118,34,59,188,131.9280106724876,56.0719893275124,319.92801067248763,0.7017447376196149,usable_with_caution,6.15,32.92,95260.0,17319.0,0.1818076842326265,False,3,10,5,19,2,9,0.46939834024896265,0.549792531120332,0.4118257261410788,0.5015560165975104,0.43661825726141074,0.3703319502074689,47.06,45.74,565,593,28,False,False,outside_top_20
06,037,108104,06037108104,1400000US06037108104,1081.04,Census Tract 1081.04,G5020,S,826020,0,+34.2943135,-118.5460083,06,037,108104,Census Tract 1081.04; Los Angeles County; California,1723,407,345,108,20.02,62,45,11,12,73,46.57252408878007,26.42747591121993,119.57252408878009,0.6379797820380831,usable_with_caution,4.24,21.16,144375.0,37570.0,0.2602251082251082,False,0,1,0,1,0,0,0.15508298755186722,0.40767634854771784,0.8163900414937759,0.25612033195020745,0.9122406639004149,0.9321576763485477,49.94,50.34,508,507,-1,False,False,outside_top_20
06,037,111201,06037111201,1400000US06037111201,1112.01,Census Tract 1112.01,G5020,S,1912806,0,+34.2748338,-118.5101489,06,037,111201,Census Tract 1112.01; Los Angeles County; California,3005,667,520,179,17.3,55,51,0,14,55,52.88667128870941,2.113328711290592,107.8866712887094,0.9615758416128984,usable_with_caution,1.83,10.58,122125.0,27483.0,0.2250399181166837,False,0,4,0,4,0,0,0.08246887966804979,0.1400414937759336,0.6887966804979253,0.10549792531120332,0.8556016597510374,0.8935684647302904,37.22,37.98,710,703,-7,False,False,outside_top_20
06,037,111204,06037111204,1400000US06037111204,1112.04,Census Tract 1112.04,G5020,S,3294685,16600,+34.2626470,-118.5471995,06,037,111204,Census Tract 1112.04; Los Angeles County; California,6274,582,1603,531,25.55,299,125,0,19,299,126.43575443678895,172.56424556321105,425.43575443678895,0.4228620549725383,more_reliable,4.77,18.65,184425.0,15834.0,0.0858560390402602,False,0,7,0,10,0,3,0.6224066390041494,0.46473029045643155,0.9294605809128631,0.5593360995850623,0.7737551867219918,0.8005186721991702,67.62,68.16,168,157,-11,False,False,outside_top_20
06,037,111302,06037111302,1400000US06037111302,1113.02,Census Tract 1113.02,G5020,S,1552799,0,+34.2539511,-118.5128425,06,037,111302,Census Tract 1113.02; Los Angeles County; California,4893,663,882,246,18.03,105,66,46,76,151,100.65783625729296,50.34216374270704,251.65783625729296,0.6666081871343904,usable_with_caution,3.09,17.12,100975.0,14395.0,0.1425600396137658,False,2,9,2,12,0,3,0.39730290456431533,0.29512448132780084,0.4802904564315353,0.35643153526970955,0.5212655601659751,0.6087136929460581,41.42,43.17,651,635,-16,False,False,outside_top_20
06,037,408504,06037408504,1400000US06037408504,4085.04,Census Tract 4085.04,G5020,S,1417893,0,+33.9987706,-117.9710616,06,037,408504,Census Tract 4085.04; Los Angeles County; California,5366,675,1720,456,32.05,1046,362,151,131,1197,384.974025097798,812.025974902202,1581.974025097798,0.3216157268987452,more_reliable,22.31,69.59,100227.0,20112.0,0.2006644916040587,False,3,10,3,16,0,6,0.8952282157676349,0.8599585062240664,0.4678423236514523,0.8811203319502074,0.43661825726141074,0.483609958506224,70.96,71.9,125,109,-16,False,False,outside_top_20
06,037,123800,06037123800,1400000US06037123800,1238,Census Tract 1238,G5020,S,1290035,0,+34.1797390,-118.4014358,06,037,123800,Census Tract 1238; Los Angeles County; California,5814,781,253,190,4.35,56,51,0,19,56,54.42425929675111,1.57574070324889,110.4242592967511,0.97186177315627,usable_with_caution,0.96,22.13,91790.0,17557.0,0.191273559211243,False,3,13,3,19,0,6,0.08973029045643154,0.019190871369294607,0.37136929460580914,0.06151452282157676,0.34885892116182576,0.433195020746888,18.1,19.78,926,911,-15,False,False,outside_top_20
06,037,401001,06037401001,1400000US06037401001,4010.01,Census Tract 4010.01,G5020,S,1433465,16428,+34.1408746,-117.8525000,06,037,401001,Census Tract 4010.01; Los Angeles County; California,2605,303,304,162,11.67,78,67,76,121,154,138.31124321616085,15.688756783839152,292.31124321616085,0.8981249559490964,usable_with_caution,5.91,50.66,133571.0,21770.0,0.1629844801641074,False,0,3,1,5,1,2,0.40145228215767637,0.5352697095435685,0.7697095435684648,0.45497925311203324,0.8733402489626556,0.7940871369294606,60.16,58.57,301,338,37,False,False,outside_top_20
06,037,401002,06037401002,1400000US06037401002,4010.02,Census Tract 4010.02,G5020,S,1473432,0,+34.1415042,-117.8658886,06,037,401002,Census Tract 4010.02; Los Angeles County; California,4553,650,180,91,3.95,40,45,9,14,49,47.12748667179272,1.8725133282072832,96.12748667179272,0.961785442281484,usable_with_caution,1.08,27.22,91981.0,10904.0,0.1185462215022667,False,0,3,1,5,1,2,0.060684647302904564,0.03475103734439834,0.3744813278008299,0.05031120331950207,0.8733402489626556,0.7940871369294606,27.98,26.39,825,859,34,False,False,outside_top_20
06,037,401101,06037401101,1400000US06037401101,4011.01,Census Tract 4011.01,G5020,S,3011641,3558,+34.1236002,-117.8541630,06,037,401101,Census Tract 4011.01; Los Angeles County; California,5547,892,426,248,7.68,132,119,97,145,229,187.57931655702345,41.42068344297658,416.5793165570234,0.8191236530874385,usable_with_caution,4.13,53.76,79488.0,8519.0,0.1071734098228663,False,0,5,1,7,1,2,0.5243775933609959,0.39367219917012447,0.21473029045643152,0.4720954356846473,0.8350622406639003,0.7651452282157676,49.32,47.92,528,554,26,False,False,outside_top_20
06,037,401102,06037401102,1400000US06037401102,4011.02,Census Tract 4011.02,G5020,S,1282147,0,+34.1310435,-117.8666620,06,037,401102,Census Tract 4011.02; Los Angeles County; California,3854,645,362,105,9.39,100,76,0,14,100,77.27871634544663,22.72128365455337,177.27871634544664,0.7727871634544663,usable_with_caution,2.59,27.62,103616.0,24273.0,0.2342591877702285,False,1,4,3,6,2,2,0.2551867219917012,0.23807053941908712,0.5134854771784232,0.24834024896265558,0.7435684647302905,0.6647302904564316,40.04,38.46,667,694,27,False,False,outside_top_20
06,037,113211,06037113211,1400000US06037113211,1132.11,Census Tract 1132.11,G5020,S,7280767,3053,+34.2675047,-118.6227776,06,037,113211,Census Tract 1132.11; Los Angeles County; California,4165,588,927,222,22.26,141,101,0,14,141,101.96568050084302,39.03431949915698,242.965680500843,0.723160854615908,usable_with_caution,3.39,15.21,122663.0,31140.0,0.253866284046534,False,0,1,0,1,0,0,0.37344398340248963,0.32261410788381745,0.6950207468879668,0.35311203319502077,0.9122406639004149,0.9321576763485477,53.33,53.73,452,448,-4,False,False,outside_top_20
06,037,128910,06037128910,1400000US06037128910,1289.10,Census Tract 1289.10,G5020,S,1298022,38748,+34.1616765,-118.4585185,06,037,128910,Census Tract 1289.10; Los Angeles County; California,4495,642,471,209,10.48,42,36,9,13,51,38.27531841800928,12.724681581990724,89.27531841800928,0.7504964395688094,usable_with_caution,1.13,10.83,107625.0,20569.0,0.1911173054587688,False,3,9,3,11,0,2,0.06846473029045644,0.03941908713692946,0.5612033195020747,0.05684647302904564,0.46898340248962656,0.5772821576763485,24.01,26.18,880,862,-18,False,False,outside_top_20
06,037,131100,06037131100,1400000US06037131100,1311,Census Tract 1311,G5020,S,1101828,0,+34.2146244,-118.5056231,06,037,131100,Census Tract 1311; Los Angeles County; California,3051,423,271,161,8.88,42,33,0,14,42,35.84689665786984,6.153103342130159,77.84689665786985,0.8534975394730915,usable_with_caution,1.38,15.5,103819.0,19351.0,0.1863917009410609,False,2,10,3,16,1,6,0.03371369294605809,0.07261410788381743,0.5176348547717843,0.04927385892116183,0.48890041493775926,0.483609958506224,23.09,22.98,895,891,-4,False,False,outside_top_20
06,037,403323,06037403323,1400000US06037403323,4033.23,Census Tract 4033.23,G5020,S,3168255,0,+33.9984361,-117.8239765,06,037,403323,Census Tract 4033.23; Los Angeles County; California,5331,678,3465,699,65.0,1557,426,430,406,1987,588.4827949906437,1398.5172050093563,2575.482794990644,0.296166479612805,more_reliable,37.27,57.34,89828.0,23859.0,0.2656076056463463,False,5,8,8,19,3,11,0.9595435684647303,0.921161825726141,0.34439834024896265,0.9441908713692946,0.45435684647302904,0.33402489626556015,72.63,70.22,106,129,23,False,False,outside_top_20
06,037,403324,06037403324,1400000US06037403324,4033.24,Census Tract 4033.24,G5020,S,7954001,1467,+33.9851655,-117.8120046,06,037,403324,Census Tract 4033.24; Los Angeles County; California,6418,835,4480,673,69.8,2715,706,229,231,2944,742.8303978702003,2201.1696021298,3686.8303978702,0.2523201079722147,more_reliable,45.87,65.71,114547.0,33557.0,0.2929539839541847,False,0,6,0,13,0,7,0.9937759336099585,0.9559128630705395,0.6182572614107884,0.978630705394191,0.8061203319502075,0.7445020746887967,87.21,85.97,10,9,-1,True,True,stable_top_20
06,037,406500,06037406500,1400000US06037406500,4065,Census Tract 4065,G5020,S,2022163,24258,+34.0663578,-117.9188723,06,037,406500,Census Tract 4065; Los Angeles County; California,8016,979,2437,840,30.4,1151,655,71,112,1222,664.506583865051,557.493416134949,1886.506583865051,0.5437860751759828,usable_with_caution,15.24,50.14,104800.0,13787.0,0.1315553435114503,False,2,10,3,20,1,10,0.8978215767634855,0.7935684647302904,0.5342323651452282,0.8561203319502074,0.48890041493775926,0.4154564315352697,71.83,70.36,115,126,11,False,False,outside_top_20
06,037,406601,06037406601,1400000US06037406601,4066.01,Census Tract 4066.01,G5020,S,1968195,0,+34.0557370,-117.9166732,06,037,406601,Census Tract 4066.01; Los Angeles County; California,5080,540,1649,433,32.46,1121,454,20,31,1141,455.0571392693449,685.9428607306551,1596.057139269345,0.3988230843727826,more_reliable,22.46,69.19,133500.0,28243.0,0.2115580524344569,False,0,9,0,18,0,9,0.8900414937759336,0.8609958506224067,0.7686721991701245,0.8784232365145228,0.7133817427385892,0.6570539419087137,82.35,81.22,25,30,5,False,False,outside_top_20
06,037,262501,06037262501,1400000US06037262501,2625.01,Census Tract 2625.01,G5020,S,1635118,3278,+34.0503509,-118.5202383,06,037,262501,Census Tract 2625.01; Los Angeles County; California,3711,597,197,150,5.31,48,43,0,14,48,45.22167621838005,2.778323781619946,93.22167621838004,0.9421182545495844,usable_with_caution,1.29,24.37,250001.0,,,True,0,2,0,2,0,0,0.05549792531120332,0.06016597510373444,0.9948132780082988,0.05736514522821577,0.8926348547717843,0.9193983402489627,41.19,41.73,655,657,2,False,False,outside_top_20
06,037,264103,06037264103,1400000US06037264103,2641.03,Census Tract 2641.03,G5020,S,230523,0,+34.0549771,-118.4662764,06,037,264103,Census Tract 2641.03; Los Angeles County; California,2646,379,264,126,9.98,45,42,122,105,167,113.08846094982458,53.91153905017542,280.0884609498246,0.6771764128732011,usable_with_caution,6.31,63.26,135357.0,36576.0,0.27021875484829,False,0,13,1,22,1,9,0.42531120331950206,0.5606846473029046,0.7780082987551867,0.47946058091286303,0.5932572614107885,0.5049792531120332,56.19,54.43,384,426,42,False,False,outside_top_20
06,037,265601,06037265601,1400000US06037265601,2656.01,Census Tract 2656.01,G5020,S,623099,0,+34.0558599,-118.4327259,06,037,265601,Census Tract 2656.01; Los Angeles County; California,2865,515,373,163,13.02,128,118,0,14,128,118.8276062201036,9.17239377989641,246.8276062201036,0.9283406735945592,usable_with_caution,4.47,34.32,150481.0,65631.0,0.4361414397830955,False,9,16,12,27,3,11,0.3392116182572614,0.4299792531120332,0.8381742738589212,0.3755186721991701,0.19263485477178427,0.20093360995850618,43.15,43.31,625,631,6,False,False,outside_top_20
06,037,650605,06037650605,1400000US06037650605,6506.05,Census Tract 6506.05,G5020,S,484186,3639,+33.8453408,-118.3504673,06,037,650605,Census Tract 6506.05; Los Angeles County; California,2668,309,1571,327,58.88,110,112,9,15,119,113.0,6.0,232.0,0.9495798319327732,usable_with_caution,4.46,7.57,114531.0,22392.0,0.1955103858344029,False,1,15,2,23,1,8,0.31431535269709543,0.4279045643153527,0.616701244813278,0.35975103734439834,0.42676348547717846,0.42230290456431535,42.45,42.37,638,652,14,False,False,outside_top_20
06,037,108202,06037108202,1400000US06037108202,1082.02,Census Tract 1082.02,G5020,S,5976110,3024,+34.2840658,-118.5812419,06,037,108202,Census Tract 1082.02; Los Angeles County; California,11154,1495,4412,597,39.56,464,320,0,21,464,320.68832220709254,143.31167779290746,784.6883222070926,0.6911386254463201,usable_with_caution,4.16,10.52,181709.0,33065.0,0.1819667710460131,False,0,1,0,1,0,0,0.7354771784232366,0.3983402489626556,0.9221991701244814,0.6006224066390042,0.9122406639004149,0.9321576763485477,72.73,73.12,104,95,-9,False,False,outside_top_20
06,037,113237,06037113237,1400000US06037113237,1132.37,Census Tract 1132.37,G5020,S,4736224,11048,+34.2451986,-118.6126947,06,037,113237,Census Tract 1132.37; Los Angeles County; California,4734,825,1197,759,25.29,59,51,0,14,59,52.88667128870941,6.113328711290592,111.8866712887094,0.8963842591306679,usable_with_caution,1.25,4.93,134926.0,41528.0,0.3077835257845041,False,0,2,0,2,0,0,0.10684647302904564,0.050311203319502076,0.7759336099585062,0.08423236514522821,0.8926348547717843,0.9193983402489627,38.43,38.96,692,683,-9,False,False,outside_top_20
06,037,408505,06037408505,1400000US06037408505,4085.05,Census Tract 4085.05,G5020,S,1990287,0,+34.0020976,-117.9800005,06,037,408505,Census Tract 4085.05; Los Angeles County; California,2360,299,1158,260,49.07,762,253,131,101,893,272.4151243965724,620.5848756034277,1165.4151243965723,0.3050561303433061,more_reliable,37.84,77.12,114850.0,20512.0,0.1785981715280801,False,1,9,2,13,1,4,0.8495850622406639,0.9242738589211619,0.6203319502074689,0.879460580912863,0.6013485477178423,0.5909751037344398,77.2,76.99,63,56,-7,False,False,outside_top_20
06,037,408631,06037408631,1400000US06037408631,4086.31,Census Tract 4086.31,G5020,S,1476685,0,+34.0002892,-117.9583656,06,037,408631,Census Tract 4086.31; Los Angeles County; California,5121,761,1977,397,38.61,1368,379,66,67,1434,384.8766036017258,1049.123396398274,1818.876603601726,0.2683937263610361,more_reliable,28.0,72.53,110536.0,31207.0,0.2823243106318303,False,3,10,3,21,0,11,0.921161825726141,0.8848547717842323,0.5850622406639004,0.9066390041493775,0.43661825726141074,0.4020746887966805,74.83,74.14,82,87,5,False,False,outside_top_20
06,037,190401,06037190401,1400000US06037190401,1904.01,Census Tract 1904.01,G5020,S,166929,0,+34.1035718,-118.3027866,06,037,190401,Census Tract 1904.01; Los Angeles County; California,2827,482,214,136,7.57,69,58,5,9,74,58.69412236331676,15.305877636683242,132.69412236331675,0.7931638157204968,usable_with_caution,2.62,34.58,70107.0,18245.0,0.2602450539889027,False,3,17,5,31,2,14,0.1628630705394191,0.23962655601659752,0.13900414937759337,0.19356846473029046,0.2511410788381742,0.23153526970954358,19.42,19.02,918,920,2,False,False,outside_top_20
06,037,190402,06037190402,1400000US06037190402,1904.02,Census Tract 1904.02,G5020,S,157146,0,+34.1035491,-118.3071514,06,037,190402,Census Tract 1904.02; Los Angeles County; California,2244,310,286,159,12.75,31,35,10,20,41,40.311288741492746,0.6887112585072543,81.31128874149275,0.9832021644266524,usable_with_caution,1.83,14.34,55987.0,15204.0,0.2715630414203297,False,3,16,5,30,2,14,0.03112033195020747,0.1400414937759336,0.06742738589211618,0.07468879668049792,0.27043568464730294,0.23620331950207468,11.24,10.55,954,956,2,False,False,outside_top_20
06,037,207501,06037207501,1400000US06037207501,2075.01,Census Tract 2075.01,G5020,S,134327,0,+34.0564422,-118.2529675,06,037,207501,Census Tract 2075.01; Los Angeles County; California,2074,377,644,223,31.05,168,113,43,69,211,132.4009063413087,78.59909365869129,343.4009063413087,0.6274924471152071,usable_with_caution,10.17,32.76,115667.0,30812.0,0.2663853994657076,False,11,45,13,58,2,13,0.4994813278008299,0.7053941908713693,0.6255186721991701,0.5818464730290457,0.035580912863070524,0.09273858921161829,48.13,49.28,545,528,-17,False,False,outside_top_20
06,037,208501,06037208501,1400000US06037208501,2085.01,Census Tract 2085.01,G5020,S,243219,0,+34.0695316,-118.2719463,06,037,208501,Census Tract 2085.01; Los Angeles County; California,2605,442,1058,308,40.61,30,34,6,9,36,35.17101079013795,0.8289892098620513,71.17101079013796,0.9769725219482764,usable_with_caution,1.38,3.4,89539.0,18103.0,0.2021800556182222,False,5,44,5,64,0,20,0.020228215767634856,0.07261410788381743,0.34024896265560167,0.04118257261410789,0.07811203319502077,0.1335062240663901,10.84,11.95,956,952,-4,False,False,outside_top_20
06,037,185203,06037185203,1400000US06037185203,1852.03,Census Tract 1852.03,G5020,S,548105,0,+34.1001268,-118.2316876,06,037,185203,Census Tract 1852.03; Los Angeles County; California,2365,288,240,110,10.15,104,66,6,9,110,66.61080993352356,43.389190066476445,176.61080993352357,0.6055528175774869,usable_with_caution,4.65,45.83,88667.0,21846.0,0.2463825323964947,False,0,11,0,16,0,5,0.2899377593360996,0.44813278008298757,0.32676348547717843,0.35321576763485485,0.6514522821576764,0.687551867219917,40.76,41.48,659,659,0,False,False,outside_top_20
06,037,433200,06037433200,1400000US06037433200,4332,Census Tract 4332,G5020,S,1787366,0,+34.0678171,-118.0368622,06,037,433200,Census Tract 4332; Los Angeles County; California,5915,745,1782,460,30.13,902,310,0,19,902,310.5817122755298,591.4182877244702,1212.5817122755298,0.3443256233653324,more_reliable,15.25,50.62,58963.0,14578.0,0.2472397944473653,False,5,20,6,36,1,16,0.8552904564315352,0.7946058091286307,0.07780082987551867,0.8310165975103734,0.16991701244813281,0.18661825726141074,54.82,55.15,415,411,-4,False,False,outside_top_20
06,037,433302,06037433302,1400000US06037433302,4333.02,Census Tract 4333.02,G5020,S,854241,0,+34.0630031,-118.0143880,06,037,433302,Census Tract 4333.02; Los Angeles County; California,1713,436,558,399,32.57,527,400,0,14,527,400.2449250146715,126.75507498532852,927.2449250146716,0.7594780360809705,usable_with_caution,30.76,94.44,59375.0,5729.0,0.0964884210526315,False,3,13,4,21,1,8,0.7624481327800829,0.8952282157676349,0.07987551867219916,0.8155601659751037,0.34885892116182576,0.36473029045643157,57.51,57.83,356,350,-6,False,False,outside_top_20
06,037,433403,06037433403,1400000US06037433403,4334.03,Census Tract 4334.03,G5020,S,706777,0,+34.0627564,-118.0270375,06,037,433403,Census Tract 4334.03; Los Angeles County; California,4706,666,814,344,17.3,322,215,0,14,322,215.4553317975677,106.54466820243226,537.4553317975677,0.6691159372595271,usable_with_caution,6.84,39.56,51593.0,15889.0,0.3079681352121411,False,4,13,5,23,1,10,0.6483402489626556,0.5938796680497925,0.052904564315352696,0.6265560165975104,0.3189834024896266,0.3090248962655602,45.03,44.83,598,612,14,False,False,outside_top_20
06,037,185204,06037185204,1400000US06037185204,1852.04,Census Tract 1852.04,G5020,S,963641,0,+34.1029045,-118.2232595,06,037,185204,Census Tract 1852.04; Los Angeles County; California,1800,216,385,94,21.39,121,112,13,20,134,113.77170122662314,20.228298773376864,247.77170122662312,0.8490425464673368,usable_with_caution,7.44,34.81,128523.0,52486.0,0.4083782669249862,False,0,10,0,16,0,6,0.3573651452282158,0.6265560165975104,0.7396265560165975,0.4650414937759336,0.6810165975103735,0.687551867219917,56.32,56.45,378,379,1,False,False,outside_top_20
06,037,211121,06037211121,1400000US06037211121,2111.21,Census Tract 2111.21,G5020,S,213925,0,+34.0730100,-118.2854106,06,037,211121,Census Tract 2111.21; Los Angeles County; California,2531,517,870,411,34.37,60,48,0,14,60,50.0,10.0,110.0,0.8333333333333334,usable_with_caution,2.37,6.9,73095.0,24102.0,0.329735276010671,False,5,44,8,66,3,22,0.10995850622406639,0.19865145228215766,0.1545643153526971,0.1454356846473029,0.07811203319502077,0.08910788381742737,13.38,13.6,943,945,2,False,False,outside_top_20
06,037,462700,06037462700,1400000US06037462700,4627,Census Tract 4627,G5020,S,1675551,0,+34.1519263,-118.1144873,06,037,462700,Census Tract 4627; Los Angeles County; California,5825,556,1209,481,20.76,290,158,114,142,404,212.4335190124195,191.5664809875805,616.4335190124195,0.5258255421099493,usable_with_caution,6.94,33.42,72750.0,18581.0,0.2554089347079037,False,0,1,0,4,0,3,0.7105809128630706,0.6011410788381742,0.1524896265560166,0.666804979253112,0.9122406639004149,0.8935684647302904,61.3,60.93,279,283,4,False,False,outside_top_20
06,037,462800,06037462800,1400000US06037462800,4628,Census Tract 4628,G5020,S,1126292,1079,+34.1522194,-118.1012717,06,037,462800,Census Tract 4628; Los Angeles County; California,2882,464,496,148,17.21,233,141,0,14,233,141.69333082400175,91.30666917599824,374.69333082400175,0.6081258833648143,usable_with_caution,8.08,46.98,119375.0,32968.0,0.2761717277486911,False,0,1,0,3,0,2,0.5306016597510373,0.6483402489626556,0.6550829875518672,0.5776970954356846,0.9122406639004149,0.9060165975103736,66.01,65.88,187,188,1,False,False,outside_top_20
06,037,463000,06037463000,1400000US06037463000,4630,Census Tract 4630,G5020,S,1816831,0,+34.1551566,-118.0752072,06,037,463000,Census Tract 4630; Los Angeles County; California,2631,391,701,211,26.64,246,132,28,34,274,136.3084736911099,137.6915263088901,410.3084736911099,0.4974761813544157,more_reliable,10.41,39.09,125598.0,24999.0,0.199039793627287,False,1,8,1,19,0,11,0.5954356846473029,0.7116182572614108,0.7126556016597511,0.6419087136929461,0.6321576763485477,0.549792531120332,65.41,63.76,196,225,29,False,False,outside_top_20
06,037,480702,06037480702,1400000US06037480702,4807.02,Census Tract 4807.02,G5020,S,2175988,0,+34.1049415,-118.1699087,06,037,480702,Census Tract 4807.02; Los Angeles County; California,4722,362,2257,356,47.8,1224,346,19,27,1243,347.0518693221519,895.9481306778481,1590.051869322152,0.2792050437024552,more_reliable,26.32,55.07,194023.0,35157.0,0.1812001669905114,False,1,15,1,24,0,9,0.9045643153526971,0.8775933609958506,0.9429460580912863,0.8937759336099584,0.42676348547717846,0.4729253112033195,81.02,81.94,34,27,-7,False,False,outside_top_20
06,037,480703,06037480703,1400000US06037480703,4807.03,Census Tract 4807.03,G5020,S,1134055,1122,+34.1101198,-118.1628752,06,037,480703,Census Tract 4807.03; Los Angeles County; California,3883,605,1676,424,43.16,869,305,31,49,900,308.91099041633333,591.0890095836667,1208.910990416333,0.3432344337959259,more_reliable,23.18,53.7,169844.0,45515.0,0.267981206283413,False,2,16,3,27,1,11,0.8537344398340249,0.8651452282157677,0.9045643153526971,0.858298755186722,0.3227178423236515,0.32209543568464727,76.04,76.03,74,66,-8,False,False,outside_top_20
06,037,267902,06037267902,1400000US06037267902,2679.02,Census Tract 2679.02,G5020,S,778072,0,+34.0475522,-118.4201983,06,037,267902,Census Tract 2679.02; Los Angeles County; California,3837,575,599,204,15.61,237,78,20,18,257,80.049984384758,176.950015615242,337.049984384758,0.3114785384620934,more_reliable,6.7,42.9,153833.0,39305.0,0.2555043456215506,False,4,18,4,32,0,14,0.5695020746887967,0.5860995850622407,0.8485477178423236,0.5761410788381742,0.2057053941908714,0.2511410788381743,55.65,56.56,398,377,-21,False,False,outside_top_20
06,037,269903,06037269903,1400000US06037269903,2699.03,Census Tract 2699.03,G5020,S,283825,0,+34.0209031,-118.4064763,06,037,269903,Census Tract 2699.03; Los Angeles County; California,3601,409,786,248,21.83,245,145,4,7,249,145.16886718577092,103.83113281422908,394.1688671857709,0.5830074987380358,usable_with_caution,6.91,31.68,101524.0,14268.0,0.1405381978645443,False,3,17,4,27,1,10,0.5622406639004149,0.5995850622406639,0.487551867219917,0.5771784232365145,0.2511410788381742,0.28475103734439833,49.4,50.08,524,511,-13,False,False,outside_top_20
06,037,269905,06037269905,1400000US06037269905,2699.05,Census Tract 2699.05,G5020,S,238027,0,+34.0218574,-118.4018807,06,037,269905,Census Tract 2699.05; Los Angeles County; California,2188,211,554,177,25.32,52,39,45,48,97,61.84658438426491,35.15341561573509,158.8465843842649,0.63759365344603,usable_with_caution,4.43,17.51,108611.0,14509.0,0.1335868374289897,False,3,17,4,27,1,10,0.24688796680497926,0.4237551867219917,0.5695020746887967,0.3176348547717842,0.2511410788381742,0.28475103734439833,35.47,36.14,736,730,-6,False,False,outside_top_20
06,037,271902,06037271902,1400000US06037271902,2719.02,Census Tract 2719.02,G5020,S,924201,0,+34.0096289,-118.4316771,06,037,271902,Census Tract 2719.02; Los Angeles County; California,3991,461,436,137,10.92,172,73,10,15,182,74.52516353554684,107.47483646445316,256.5251635355468,0.4094789205249826,more_reliable,4.56,41.74,105288.0,10578.0,0.1004672897196261,False,0,19,0,27,0,8,0.4538381742738589,0.4413900414937759,0.5425311203319502,0.4488589211618257,0.46846473029045643,0.5260373443983403,47.15,48.3,561,548,-13,False,False,outside_top_20
06,037,272202,06037272202,1400000US06037272202,2722.02,Census Tract 2722.02,G5020,S,309580,0,+33.9975532,-118.4391489,06,037,272202,Census Tract 2722.02; Los Angeles County; California,3143,495,345,138,10.98,47,53,27,42,74,67.62396025078685,6.376039749213149,141.6239602507869,0.9138373006863088,usable_with_caution,2.35,21.45,105111.0,18208.0,0.1732263987594067,False,2,13,2,20,0,7,0.1628630705394191,0.19398340248962656,0.5383817427385892,0.17531120331950206,0.4011410788381743,0.4658713692946058,29.31,30.6,811,797,-14,False,False,outside_top_20
06,037,271801,06037271801,1400000US06037271801,2718.01,Census Tract 2718.01,G5020,S,479928,0,+34.0167262,-118.4182342,06,037,271801,Census Tract 2718.01; Los Angeles County; California,3589,428,493,198,13.74,91,71,0,14,91,72.3671196055225,18.632880394477496,163.3671196055225,0.7952430725881594,usable_with_caution,2.54,18.46,95096.0,26157.0,0.2750588878606881,False,2,19,3,27,1,8,0.2245850622406639,0.22562240663900415,0.40975103734439833,0.225,0.27634854771784234,0.32209543568464727,27.22,28.14,837,830,-7,False,False,outside_top_20
06,037,221810,06037221810,1400000US06037221810,2218.10,Census Tract 2218.10,G5020,S,304336,0,+34.0306568,-118.2923015,06,037,221810,Census Tract 2218.10; Los Angeles County; California,2266,356,639,154,28.2,237,106,0,14,237,106.92053123698928,130.0794687630107,343.9205312369893,0.451141482012613,more_reliable,10.46,37.09,33000.0,5792.0,0.1755151515151515,False,5,51,6,66,1,15,0.5383817427385892,0.7126556016597511,0.013485477178423237,0.608091286307054,0.04792531120331951,0.10695020746887965,37.71,38.89,705,685,-20,False,False,outside_top_20
06,037,262400,06037262400,1400000US06037262400,2624,Census Tract 2624,G5020,S,11268733,0,+34.0918093,-118.5086270,06,037,262400,Census Tract 2624; Los Angeles County; California,2816,405,233,114,8.27,91,76,25,40,116,85.88364221433555,30.116357785664448,201.8836422143356,0.7403762259856513,usable_with_caution,4.12,49.79,250001.0,,,True,0,0,0,0,0,0,0.3049792531120332,0.3921161825726141,0.9948132780082988,0.3398340248962656,0.929045643153527,0.9436721991701245,58.87,59.16,326,323,-3,False,False,outside_top_20
06,037,433602,06037433602,1400000US06037433602,4336.02,Census Tract 4336.02,G5020,S,967425,34341,+34.0592472,-118.0747627,06,037,433602,Census Tract 4336.02; Los Angeles County; California,2771,394,1832,340,66.11,923,223,34,50,957,228.53664913969487,728.4633508603051,1185.5366491396949,0.2388052760080406,more_reliable,34.54,52.24,51250.0,22753.0,0.4439609756097561,False,4,34,6,62,2,28,0.8651452282157677,0.9076763485477178,0.04979253112033195,0.8821576763485478,0.13817427385892117,0.12219917012448131,56.69,56.37,371,381,10,False,False,outside_top_20
06,037,480704,06037480704,1400000US06037480704,4807.04,Census Tract 4807.04,G5020,S,1069409,0,+34.1057800,-118.1537051,06,037,480704,Census Tract 4807.04; Los Angeles County; California,4087,515,1653,312,40.45,836,348,8,11,844,348.1738071710737,495.8261928289263,1192.1738071710738,0.4125282075486655,more_reliable,20.65,51.06,117065.0,18585.0,0.1587579549822748,False,2,21,3,37,1,16,0.8381742738589212,0.845954356846473,0.6348547717842323,0.8412863070539419,0.2601659751037344,0.26421161825726136,68.38,68.46,162,149,-13,False,False,outside_top_20
06,037,480802,06037480802,1400000US06037480802,4808.02,Census Tract 4808.02,G5020,S,1720775,0,+34.0820547,-118.1526180,06,037,480802,Census Tract 4808.02; Los Angeles County; California,3180,380,1428,309,44.91,771,271,0,14,771,271.3613826615718,499.6386173384282,1042.3613826615715,0.3519602887958129,more_reliable,24.25,53.99,111375.0,32950.0,0.2958473625140291,False,3,38,3,68,0,30,0.8215767634854771,0.8703319502074689,0.5912863070539419,0.8410788381742739,0.15248962655601656,0.183298755186722,65.34,65.96,199,186,-13,False,False,outside_top_20
06,037,212101,06037212101,1400000US06037212101,2121.01,Census Tract 2121.01,G5020,S,185776,0,+34.0635956,-118.2941414,06,037,212101,Census Tract 2121.01; Los Angeles County; California,2979,288,1618,211,54.31,308,175,28,34,336,178.27226368675525,157.72773631324475,514.2722636867552,0.5305722133534383,usable_with_caution,11.28,20.77,59395.0,16451.0,0.2769761764458288,False,13,44,20,64,7,20,0.6633817427385892,0.7313278008298755,0.08091286307053942,0.6905601659751037,0.03392116182572615,0.05653526970954362,43.73,44.18,617,621,4,False,False,outside_top_20
06,037,214503,06037214503,1400000US06037214503,2145.03,Census Tract 2145.03,G5020,S,232314,0,+34.0668419,-118.3541156,06,037,214503,Census Tract 2145.03; Los Angeles County; California,3504,376,1201,289,34.28,31,38,25,37,56,53.03772242470448,2.9622775752955235,109.03772242470448,0.9471021861554372,usable_with_caution,1.6,4.66,96225.0,12471.0,0.1296024941543258,False,0,18,3,40,3,22,0.08973029045643154,0.10477178423236515,0.4242738589211618,0.09574688796680497,0.47997925311203327,0.2517634854771785,23.83,19.27,887,918,31,False,False,outside_top_20
06,037,480901,06037480901,1400000US06037480901,4809.01,Census Tract 4809.01,G5020,S,951406,0,+34.0869807,-118.1401610,06,037,480901,Census Tract 4809.01; Los Angeles County; California,3767,464,2213,390,58.75,1691,423,51,55,1742,426.5606639154623,1315.4393360845377,2168.560663915462,0.2448683489755811,more_reliable,46.24,78.72,80877.0,15220.0,0.1881870000123644,False,7,37,14,72,7,35,0.9450207468879668,0.9595435684647303,0.23340248962655602,0.9508298755186722,0.09004149377593357,0.04574688796680497,63.52,62.63,239,247,8,False,False,outside_top_20
06,037,139802,06037139802,1400000US06037139802,1398.02,Census Tract 1398.02,G5020,S,6076219,0,+34.1428645,-118.5563557,06,037,139802,Census Tract 1398.02; Los Angeles County; California,3528,528,385,228,10.91,135,118,0,14,135,118.8276062201036,16.17239377989641,253.8276062201036,0.8802044905192858,usable_with_caution,3.83,35.06,228990.0,23760.0,0.1037599895191929,False,0,4,0,6,0,2,0.35943983402489627,0.3651452282157676,0.9771784232365145,0.3617219917012448,0.8556016597510374,0.8686721991701245,58.36,58.62,340,337,-3,False,False,outside_top_20
06,037,460700,06037460700,1400000US06037460700,4607,Census Tract 4607,G5020,S,7436627,7462,+34.1929284,-118.1988009,06,037,460700,Census Tract 4607; Los Angeles County; California,4597,642,1145,210,24.91,403,206,0,14,403,206.47518010647187,196.52481989352813,609.4751801064718,0.512345360065687,usable_with_caution,8.77,35.2,220188.0,32227.0,0.1463612912601958,False,1,3,1,4,0,1,0.7095435684647303,0.6659751037344398,0.9719917012448133,0.6921161825726141,0.7613070539419087,0.8062240663900415,76.19,77.09,73,55,-18,False,False,outside_top_20
06,037,143602,06037143602,1400000US06037143602,1436.02,Census Tract 1436.02,G5020,S,1146733,73249,+34.1450296,-118.3855058,06,037,143602,Census Tract 1436.02; Los Angeles County; California,4930,1002,309,148,6.27,83,69,9,15,92,70.61161377563892,21.388386224361085,162.61161377563892,0.7675175410395534,usable_with_caution,1.87,29.77,102388.0,21308.0,0.2081103254287611,False,2,12,3,16,1,4,0.22821576763485477,0.1441908713692946,0.49688796680497926,0.19460580912863068,0.43101659751037347,0.483609958506224,30.23,31.29,799,790,-9,False,False,outside_top_20
06,037,430901,06037430901,1400000US06037430901,4309.01,Census Tract 4309.01,G5020,S,1164434,0,+34.1416432,-118.0114568,06,037,430901,Census Tract 4309.01; Los Angeles County; California,4209,448,496,138,11.78,266,104,78,56,344,118.1185844818672,225.8814155181328,462.1185844818672,0.3433679781449628,more_reliable,8.17,69.35,85560.0,10022.0,0.1171341748480598,False,3,14,8,29,5,15,0.6706431535269709,0.6514522821576764,0.29356846473029047,0.6629668049792531,0.3205394190871369,0.20643153526970953,52.06,49.78,473,520,47,False,False,outside_top_20
06,037,186100,06037186100,1400000US06037186100,1861,Census Tract 1861,G5020,S,1347073,0,+34.1284627,-118.2299806,06,037,186100,Census Tract 1861; Los Angeles County; California,4711,577,668,341,14.18,50,43,0,14,50,45.22167621838005,4.778323781619946,95.22167621838004,0.904433524367601,usable_with_caution,1.06,7.49,105069.0,7756.0,0.0738181575916778,False,1,7,1,14,0,7,0.06535269709543569,0.030601659751037343,0.5373443983402489,0.051452282157676346,0.6617219917012449,0.6391078838174273,27.07,26.62,844,855,11,False,False,outside_top_20
06,037,293307,06037293307,1400000US06037293307,2933.07,Census Tract 2933.07,G5020,S,338892,0,+33.7873771,-118.3035525,06,037,293307,Census Tract 2933.07; Los Angeles County; California,3033,819,357,166,11.77,38,28,0,14,38,31.304951684997057,6.695048315002943,69.30495168499706,0.8238145180262384,usable_with_caution,1.25,10.64,70888.0,36977.0,0.5216256630177181,False,1,11,1,12,0,1,0.0254149377593361,0.050311203319502076,0.14522821576763487,0.03537344398340249,0.5394190871369294,0.674896265560166,15.82,18.52,934,924,-10,False,False,outside_top_20
06,037,460501,06037460501,1400000US06037460501,4605.01,Census Tract 4605.01,G5020,S,7450047,23487,+34.2182586,-118.1926525,06,037,460501,Census Tract 4605.01; Los Angeles County; California,5425,509,2040,415,37.6,368,176,0,19,368,177.02259742756007,190.97740257243996,545.0225974275601,0.4810396669227176,more_reliable,6.78,18.04,233977.0,31001.0,0.132495929087047,False,0,2,0,3,0,1,0.6903526970954357,0.5907676348547718,0.9802904564315352,0.6505186721991701,0.8926348547717843,0.9060165975103736,76.49,76.76,68,59,-9,False,False,outside_top_20
06,037,621201,06037621201,1400000US06037621201,6212.01,Census Tract 6212.01,G5020,S,1640287,0,+33.8496176,-118.3827586,06,037,621201,Census Tract 6212.01; Los Angeles County; California,7226,676,793,254,10.97,154,84,9,19,163,86.12200647918046,76.87799352081954,249.12200647918047,0.5283558679704322,usable_with_caution,2.26,20.55,147083.0,45784.0,0.3112800255637973,False,1,10,1,15,0,5,0.4211618257261411,0.18827800829875518,0.8267634854771784,0.3280082987551867,0.5689834024896265,0.6188796680497926,47.6,48.59,553,541,-12,False,False,outside_top_20
06,037,131900,06037131900,1400000US06037131900,1319,Census Tract 1319,G5020,S,1318217,0,+34.2047193,-118.5098593,06,037,131900,Census Tract 1319; Los Angeles County; California,4038,740,379,132,9.39,148,91,13,25,161,94.3716058992322,66.62839410076779,255.3716058992322,0.586159042852374,usable_with_caution,3.99,42.48,136875.0,20932.0,0.1529278538812785,False,1,6,2,14,1,8,0.4175311203319502,0.3770746887966805,0.7914937759336099,0.40134854771784234,0.6940871369294606,0.5729253112033195,53.79,51.37,443,485,42,False,False,outside_top_20
06,037,141600,06037141600,1400000US06037141600,1416,Census Tract 1416,G5020,S,3905302,0,+34.1388889,-118.4612098,06,037,141600,Census Tract 1416; Los Angeles County; California,3854,493,350,122,9.08,84,63,0,14,84,64.53681120105021,19.463188798949787,148.53681120105023,0.768295371441074,usable_with_caution,2.18,24.0,202825.0,46788.0,0.2306816220880069,False,0,4,0,5,0,1,0.19968879668049794,0.1758298755186722,0.9585062240663901,0.19014522821576765,0.8556016597510374,0.8814315352697095,47.69,48.21,552,549,-3,False,False,outside_top_20
06,037,211802,06037211802,1400000US06037211802,2118.02,Census Tract 2118.02,G5020,S,325416,0,+34.0635374,-118.3047254,06,037,211802,Census Tract 2118.02; Los Angeles County; California,4912,694,1716,488,34.93,218,179,15,23,233,180.47160441465576,52.52839558534424,413.47160441465576,0.7745562421229861,usable_with_caution,4.74,13.58,49250.0,6529.0,0.1325685279187817,False,12,42,23,63,11,21,0.5306016597510373,0.45954356846473027,0.04253112033195021,0.5021784232365145,0.046576763485477145,0.058506224066390035,31.91,32.15,778,780,2,False,False,outside_top_20
06,037,111205,06037111205,1400000US06037111205,1112.05,Census Tract 1112.05,G5020,S,1141321,17739,+34.2539438,-118.5351373,06,037,111205,Census Tract 1112.05; Los Angeles County; California,3975,779,1234,244,31.04,52,40,0,14,52,42.37924020083418,9.620759799165818,94.37924020083418,0.8149853884775804,usable_with_caution,1.31,4.21,114464.0,27429.0,0.2396299273133911,False,2,8,2,11,0,3,0.07105809128630705,0.06275933609958506,0.6120331950207469,0.06773858921161825,0.5520746887966805,0.6276970954356846,27.35,28.86,833,816,-17,False,False,outside_top_20
06,037,265602,06037265602,1400000US06037265602,2656.02,Census Tract 2656.02,G5020,S,335903,0,+34.0602409,-118.4341570,06,037,265602,Census Tract 2656.02; Los Angeles County; California,3068,591,432,228,14.08,271,172,72,103,343,200.48191938426768,142.51808061573234,543.4819193842677,0.5844953917908678,usable_with_caution,11.18,79.4,95893.0,45902.0,0.4786793613715286,False,8,14,11,25,3,11,0.6690871369294605,0.729253112033195,0.41804979253112035,0.6931535269709543,0.24709543568464726,0.22603734439834025,54.89,54.47,413,423,10,False,False,outside_top_20
06,037,127806,06037127806,1400000US06037127806,1278.06,Census Tract 1278.06,G5020,S,683161,0,+34.1885731,-118.4572358,06,037,127806,Census Tract 1278.06; Los Angeles County; California,3697,525,225,126,6.09,53,44,0,14,53,46.17358552246078,6.826414477539217,99.17358552246078,0.8711997268388827,usable_with_caution,1.43,23.56,75625.0,33906.0,0.4483438016528925,False,1,10,2,15,1,5,0.07468879668049792,0.07987551867219916,0.18049792531120332,0.07676348547717843,0.5689834024896265,0.5526970954356847,19.6,19.27,916,918,2,False,False,outside_top_20
06,037,128802,06037128802,1400000US06037128802,1288.02,Census Tract 1288.02,G5020,S,971169,0,+34.1684788,-118.4552597,06,037,128802,Census Tract 1288.02; Los Angeles County; California,4457,696,755,265,16.94,296,255,0,14,296,255.38402455909412,40.615975440905856,551.3840245590941,0.8627838667536964,usable_with_caution,6.64,39.21,90503.0,28243.0,0.3120670033037578,False,1,9,1,11,0,2,0.6198132780082988,0.58298755186722,0.35477178423236516,0.6050829875518673,0.6013485477178423,0.6938796680497925,55.43,57.28,403,358,-45,False,False,outside_top_20
06,037,132101,06037132101,1400000US06037132101,1321.01,Census Tract 1321.01,G5020,S,810523,0,+34.1902625,-118.4956552,06,037,132101,Census Tract 1321.01; Los Angeles County; California,4290,1220,248,135,5.78,57,54,0,14,57,55.78530272392541,1.2146972760745882,112.7853027239254,0.9786895214723756,usable_with_caution,1.33,22.98,64821.0,23421.0,0.3613180913592817,False,0,9,0,15,0,6,0.09802904564315353,0.06898340248962656,0.1016597510373444,0.08641078838174274,0.7133817427385892,0.7062240663900415,21.49,21.34,905,902,-3,False,False,outside_top_20
06,037,275102,06037275102,1400000US06037275102,2751.02,Census Tract 2751.02,G5020,S,610131,13718,+33.9979789,-118.4112469,06,037,275102,Census Tract 2751.02; Los Angeles County; California,3661,830,506,175,13.82,197,123,0,14,197,123.79418403139948,73.20581596860053,320.7941840313995,0.6283968732558348,usable_with_caution,5.38,38.93,104197.0,20070.0,0.192615910246936,False,2,10,3,13,1,3,0.4854771784232365,0.5020746887966805,0.5280082987551867,0.4921161825726141,0.48890041493775926,0.5405601659751037,49.87,50.9,509,496,-13,False,False,outside_top_20
06,037,275603,06037275603,1400000US06037275603,2756.03,Census Tract 2756.03,G5020,S,995774,28121,+33.9864759,-118.4066251,06,037,275603,Census Tract 2756.03; Los Angeles County; California,2759,444,736,301,26.68,32,25,12,18,44,30.80584360149873,13.194156398501274,74.80584360149872,0.700132809124971,usable_with_caution,1.59,5.98,114519.0,30175.0,0.2634933941092744,False,4,12,5,17,1,5,0.044087136929460584,0.10269709543568464,0.6151452282157677,0.0675311203319502,0.3488589211618257,0.40643153526970954,23.33,24.48,892,883,-9,False,False,outside_top_20
06,037,461502,06037461502,1400000US06037461502,4615.02,Census Tract 4615.02,G5020,S,1172567,0,+34.1752067,-118.1462036,06,037,461502,Census Tract 4615.02; Los Angeles County; California,5825,617,329,144,5.65,158,110,0,19,158,111.6288493177279,46.3711506822721,269.6288493177279,0.7065117045425816,usable_with_caution,2.71,48.02,75275.0,17296.0,0.2297708402524078,False,1,1,1,1,0,0,0.4092323651452282,0.25,0.17531120331950206,0.3455394190871369,0.800207468879668,0.8448132780082986,40.24,41.13,665,663,-2,False,False,outside_top_20
06,037,461901,06037461901,1400000US06037461901,4619.01,Census Tract 4619.01,G5020,S,878770,0,+34.1544520,-118.1488732,06,037,461901,Census Tract 4619.01; Los Angeles County; California,4748,812,339,144,7.14,129,114,0,14,129,114.85643212288984,14.143567877110158,243.85643212288983,0.8903599389371306,usable_with_caution,2.72,38.05,70109.0,16934.0,0.2415381762683821,False,0,3,0,5,0,2,0.34232365145228216,0.25155601659751037,0.1400414937759336,0.30601659751037347,0.8733402489626556,0.8814315352697095,38.63,38.79,687,686,-1,False,False,outside_top_20
06,037,461902,06037461902,1400000US06037461902,4619.02,Census Tract 4619.02,G5020,S,835329,0,+34.1487588,-118.1481190,06,037,461902,Census Tract 4619.02; Los Angeles County; California,2360,246,455,153,19.28,246,117,29,19,275,118.53269591129698,156.46730408870303,393.53269591129697,0.431027985131989,more_reliable,11.65,60.44,104750.0,40813.0,0.3896229116945107,False,0,3,0,6,0,3,0.5969917012448133,0.7427385892116183,0.533195020746888,0.6552904564315353,0.8733402489626556,0.8686721991701245,67.45,67.35,171,169,-2,False,False,outside_top_20
06,037,462002,06037462002,1400000US06037462002,4620.02,Census Tract 4620.02,G5020,S,511535,0,+34.1633406,-118.1483611,06,037,462002,Census Tract 4620.02; Los Angeles County; California,3799,510,244,116,6.42,68,66,0,14,68,67.468511173732,0.5314888262680029,135.468511173732,0.992183987849,usable_with_caution,1.79,27.87,50240.0,16320.0,0.3248407643312102,False,0,1,0,1,0,0,0.14107883817427386,0.13485477178423236,0.0487551867219917,0.13858921161825727,0.9122406639004149,0.9321576763485477,27.54,27.93,830,836,6,False,False,outside_top_20
06,037,462201,06037462201,1400000US06037462201,4622.01,Census Tract 4622.01,G5020,S,536844,0,+34.1548912,-118.1369512,06,037,462201,Census Tract 4622.01; Los Angeles County; California,3573,521,573,191,16.04,346,135,0,14,346,135.72398461583714,210.2760153841629,481.72398461583714,0.3922658514908588,more_reliable,9.68,60.38,43167.0,15235.0,0.3529316375935321,False,0,3,0,6,0,3,0.6727178423236515,0.6965767634854771,0.029045643153526972,0.6822614107883818,0.8733402489626556,0.8686721991701245,58.98,58.89,321,329,8,False,False,outside_top_20
06,037,462202,06037462202,1400000US06037462202,4622.02,Census Tract 4622.02,G5020,S,568258,0,+34.1489274,-118.1369300,06,037,462202,Census Tract 4622.02; Los Angeles County; California,3302,516,808,170,24.47,263,114,77,64,340,130.73637596323374,209.26362403676623,470.73637596323374,0.3845187528330404,more_reliable,10.3,42.08,103963.0,22920.0,0.2204630493540971,False,0,3,0,7,0,4,0.6664937759336099,0.7074688796680498,0.5197095435684648,0.6828838174273859,0.8733402489626556,0.8524896265560167,68.83,68.42,156,152,-4,False,False,outside_top_20
06,037,462301,06037462301,1400000US06037462301,4623.01,Census Tract 4623.01,G5020,S,632477,0,+34.1549625,-118.1270033,06,037,462301,Census Tract 4623.01; Los Angeles County; California,4311,498,477,207,11.06,111,57,44,51,155,76.48529270389177,78.51470729610823,231.4852927038918,0.4934535013154308,more_reliable,3.6,32.49,90030.0,6401.0,0.0710985227146506,False,0,2,0,6,0,4,0.40300829875518673,0.3428423236514523,0.34854771784232363,0.37894190871369293,0.8926348547717843,0.8686721991701245,47.56,47.08,555,573,18,False,False,outside_top_20
06,037,403317,06037403317,1400000US06037403317,4033.17,Census Tract 4033.17,G5020,S,4190584,0,+34.0376162,-117.7830815,06,037,403317,Census Tract 4033.17; Los Angeles County; California,5090,589,1525,247,29.96,523,199,55,63,578,208.73428084528905,369.26571915471095,786.734280845289,0.3611319737807769,more_reliable,11.36,37.9,126083.0,21833.0,0.1731637096198535,False,0,12,0,15,0,3,0.7811203319502075,0.7344398340248963,0.7188796680497925,0.7624481327800829,0.6231327800829876,0.7062240663900415,72.59,74.25,107,85,-22,False,False,outside_top_20
06,037,212410,06037212410,1400000US06037212410,2124.10,Census Tract 2124.10,G5020,S,157191,0,+34.0595607,-118.3022261,06,037,212410,Census Tract 2124.10; Los Angeles County; California,4054,1092,1578,356,38.92,184,150,29,46,213,156.8948692596415,56.1051307403585,369.8948692596415,0.7365956303269554,usable_with_caution,5.25,13.5,49403.0,4970.0,0.1006011780661093,False,12,44,23,64,11,20,0.5025933609958506,0.49377593360995853,0.044605809128630707,0.4990663900414938,0.03724066390041494,0.05383817427385893,31.58,31.91,786,783,-3,False,False,outside_top_20
06,037,482201,06037482201,1400000US06037482201,4822.01,Census Tract 4822.01,G5020,S,773295,0,+34.0590071,-118.1219962,06,037,482201,Census Tract 4822.01; Los Angeles County; California,3813,585,2917,547,76.5,2448,513,20,23,2468,513.5153357008921,1954.484664299108,2981.515335700892,0.2080694228933922,more_reliable,64.73,84.61,62223.0,11731.0,0.1885315719267795,False,11,46,23,82,12,36,0.979253112033195,0.9968879668049793,0.08817427385892117,0.9863070539419087,0.031224066390041494,0.018049792531120334,61.57,61.3,273,273,0,False,False,outside_top_20
06,037,482202,06037482202,1400000US06037482202,4822.02,Census Tract 4822.02,G5020,S,646868,0,+34.0589573,-118.1124273,06,037,482202,Census Tract 4822.02; Los Angeles County; California,5121,738,3340,709,65.22,2461,629,17,26,2478,629.5371315498396,1848.4628684501604,3107.53713154984,0.2540504969934785,more_reliable,48.39,74.19,69760.0,20599.0,0.2952838302752293,False,6,50,16,88,10,38,0.9802904564315352,0.966804979253112,0.1358921161825726,0.9748962655601658,0.03952282157676348,0.02562240663900417,62.0,61.72,263,264,1,False,False,outside_top_20
06,037,482301,06037482301,1400000US06037482301,4823.01,Census Tract 4823.01,G5020,S,873603,0,+34.0741046,-118.0990696,06,037,482301,Census Tract 4823.01; Los Angeles County; California,4974,1136,3821,1135,76.82,2191,552,24,32,2215,552.9267582600792,1662.0732417399208,2767.926758260079,0.2496283333002614,more_reliable,44.53,57.97,85720.0,16149.0,0.1883924405039664,False,12,47,20,92,8,45,0.9688796680497925,0.9533195020746889,0.2946058091286307,0.962655601659751,0.023547717842323634,0.009854771784232375,64.12,63.85,230,223,-7,False,False,outside_top_20
06,037,482303,06037482303,1400000US06037482303,4823.03,Census Tract 4823.03,G5020,S,982791,0,+34.0691095,-118.0987405,06,037,482303,Census Tract 4823.03; Los Angeles County; California,4607,496,3037,377,65.92,1847,380,36,42,1883,382.31400706748894,1500.685992932511,2265.314007067489,0.203034523137275,more_reliable,40.87,62.0,73813.0,10812.0,0.1464782626366629,False,13,46,22,91,9,45,0.9533195020746889,0.9387966804979253,0.1607883817427386,0.9475103734439834,0.025207468879668026,0.010165975103734404,60.57,60.27,296,298,2,False,False,outside_top_20
06,037,462302,06037462302,1400000US06037462302,4623.02,Census Tract 4623.02,G5020,S,700968,0,+34.1490512,-118.1268020,06,037,462302,Census Tract 4623.02; Los Angeles County; California,3591,489,594,245,16.54,113,54,57,57,170,78.5175139698144,91.4824860301856,248.5175139698144,0.4618677292342024,more_reliable,4.73,28.62,81829.0,16191.0,0.1978638380036417,False,0,2,0,6,0,4,0.4299792531120332,0.4574688796680498,0.241701244813278,0.4409751037344399,0.8926348547717843,0.8686721991701245,49.15,48.67,529,540,11,False,False,outside_top_20
06,037,463602,06037463602,1400000US06037463602,4636.02,Census Tract 4636.02,G5020,S,927598,0,+34.1408045,-118.1458928,06,037,463602,Census Tract 4636.02; Los Angeles County; California,5833,635,1799,533,30.84,740,344,105,91,845,355.8328259168904,489.1671740831096,1200.8328259168904,0.4211039359963199,more_reliable,14.49,46.97,115699.0,32092.0,0.2773749124884398,False,0,4,0,8,0,4,0.8392116182572614,0.7842323651452282,0.6265560165975104,0.8172199170124481,0.8556016597510374,0.8359958506224067,78.68,78.28,49,45,-4,False,False,outside_top_20
06,037,554513,06037554513,1400000US06037554513,5545.13,Census Tract 5545.13,G5020,S,566950,0,+33.8836152,-118.0681113,06,037,554513,Census Tract 5545.13; Los Angeles County; California,2537,240,1684,191,66.38,330,118,168,76,498,140.356688476182,357.643311523818,638.356688476182,0.281840739912012,more_reliable,19.63,29.57,143594.0,37023.0,0.2578311071493238,False,1,12,3,20,2,8,0.7536307053941909,0.8350622406639004,0.8122406639004149,0.7862033195020747,0.5110995850622406,0.4154564315352697,73.64,71.73,96,112,16,False,False,outside_top_20
06,037,262200,06037262200,1400000US06037262200,2622,Census Tract 2622,G5020,S,8568505,0,+34.1017341,-118.4698062,06,037,262200,Census Tract 2622; Los Angeles County; California,4798,586,587,163,12.23,124,97,0,14,124,98.00510190801292,25.994898091987068,222.00510190801293,0.7903637250646204,usable_with_caution,2.58,21.12,200171.0,69380.0,0.346603653875936,False,0,0,0,1,0,1,0.3283195020746888,0.2349585062240664,0.9543568464730291,0.2909751037344398,0.929045643153527,0.9321576763485477,55.13,55.19,409,410,1,False,False,outside_top_20
06,037,400603,06037400603,1400000US06037400603,4006.03,Census Tract 4006.03,G5020,S,9178408,8684,+34.1546148,-117.9217301,06,037,400603,Census Tract 4006.03; Los Angeles County; California,4793,735,1355,466,28.27,525,314,19,38,544,316.29100524675056,227.70899475324944,860.2910052467505,0.5814172890565268,usable_with_caution,11.35,40.15,118704.0,34508.0,0.2907062946488745,False,0,0,0,1,0,1,0.7712655601659751,0.7328838174273858,0.6493775933609959,0.7559128630705394,0.929045643153527,0.9321576763485477,76.92,76.99,65,56,-9,False,False,outside_top_20
06,037,402200,06037402200,1400000US06037402200,4022,Census Tract 4022,G5020,S,6358886,0,+34.0821081,-117.7665908,06,037,402200,Census Tract 4022; Los Angeles County; California,7245,827,709,205,9.79,321,203,0,19,321,203.8872237291979,117.1127762708021,524.8872237291979,0.6351626907451648,usable_with_caution,4.43,45.28,86793.0,14229.0,0.1639417925408731,False,1,12,2,15,1,3,0.6467842323651453,0.4237551867219917,0.30601659751037347,0.5575726141078838,0.5110995850622406,0.5526970954356847,49.8,50.63,511,504,-7,False,False,outside_top_20
06,037,403802,06037403802,1400000US06037403802,4038.02,Census Tract 4038.02,G5020,S,1303921,0,+34.1030793,-117.8463468,06,037,403802,Census Tract 4038.02; Los Angeles County; California,5749,801,497,139,8.64,233,195,12,18,245,195.82900704441107,49.17099295558893,440.8290070444111,0.7993020695690248,usable_with_caution,4.26,49.3,87438.0,10338.0,0.1182323474919371,False,0,5,0,7,0,2,0.549792531120332,0.40975103734439833,0.3112033195020747,0.49377593360995853,0.8350622406639003,0.8524896265560167,52.55,52.9,466,465,-1,False,False,outside_top_20
06,037,408623,06037408623,1400000US06037408623,4086.23,Census Tract 4086.23,G5020,S,960231,0,+33.9953111,-117.9375991,06,037,408623,Census Tract 4086.23; Los Angeles County; California,3112,384,1917,299,61.6,1226,270,129,104,1355,289.3371735536241,1065.662826446376,1644.337173553624,0.2135329694122687,more_reliable,43.54,70.68,110141.0,10034.0,0.0911014063790958,False,5,17,8,34,3,17,0.9118257261410788,0.9491701244813278,0.5840248962655602,0.9267634854771784,0.20570539419087136,0.17500000000000004,71.4,70.79,120,121,1,False,False,outside_top_20
06,037,430801,06037430801,1400000US06037430801,4308.01,Census Tract 4308.01,G5020,S,1704595,5047,+34.1384568,-118.0267442,06,037,430801,Census Tract 4308.01; Los Angeles County; California,7166,1038,4439,764,61.95,3169,837,146,157,3315,851.5973226824988,2463.402677317501,4166.597322682499,0.2568921033733028,more_reliable,46.26,74.68,96042.0,54886.0,0.57147914454093,False,5,16,7,32,2,16,0.9968879668049793,0.9605809128630706,0.4190871369294606,0.9823651452282158,0.22500000000000003,0.19553941908713696,71.82,71.23,116,116,0,False,False,outside_top_20
06,037,482304,06037482304,1400000US06037482304,4823.04,Census Tract 4823.04,G5020,S,619445,0,+34.0644299,-118.0988908,06,037,482304,Census Tract 4823.04; Los Angeles County; California,3026,510,1296,324,42.83,840,223,0,14,840,223.4390297150433,616.5609702849567,1063.4390297150433,0.265998844898861,more_reliable,27.76,64.81,55054.0,7974.0,0.1448396120172921,False,3,48,6,93,3,45,0.8371369294605809,0.8838174273858921,0.06431535269709543,0.8558091286307055,0.1058091286307054,0.06711618257261409,54.75,53.98,417,439,22,False,False,outside_top_20
06,037,482401,06037482401,1400000US06037482401,4824.01,Census Tract 4824.01,G5020,S,839066,0,+34.0674668,-118.0863199,06,037,482401,Census Tract 4824.01; Los Angeles County; California,3553,319,2138,277,60.17,1115,316,0,14,1115,316.30997455028194,798.6900254497181,1431.3099745502818,0.2836860758298493,more_reliable,31.38,52.15,70938.0,15241.0,0.2148495869632637,False,8,42,16,84,8,42,0.8858921161825726,0.8983402489626556,0.1462655601659751,0.8908713692946059,0.059439834024896235,0.028734439834024905,57.57,56.95,353,366,13,False,False,outside_top_20
06,037,701902,06037701902,1400000US06037701902,7019.02,Census Tract 7019.02,G5020,S,1789787,440550,+34.0124790,-118.4951703,06,037,701902,Census Tract 7019.02; Los Angeles County; California,5600,584,619,293,11.05,249,147,0,19,249,148.22280526288793,100.77719473711208,397.222805262888,0.5952723102927227,usable_with_caution,4.45,40.23,107583.0,22138.0,0.2057760055027281,False,2,5,2,6,0,1,0.5622406639004149,0.4263485477178423,0.5591286307053942,0.5078838174273859,0.6429460580912862,0.7151452282157678,54.51,55.96,424,391,-33,False,False,outside_top_20
06,037,431501,06037431501,1400000US06037431501,4315.01,Census Tract 4315.01,G5020,S,1028124,10027,+34.0981939,-118.0327899,06,037,431501,Census Tract 4315.01; Los Angeles County; California,3734,379,1799,326,48.18,1185,357,66,46,1251,359.95138560644546,891.0486143935545,1610.9513856064457,0.2877309237461594,more_reliable,33.5,69.54,64931.0,17973.0,0.2768015277756387,False,1,28,5,53,4,25,0.9066390041493776,0.9045643153526971,0.1037344398340249,0.9058091286307054,0.3175311203319502,0.16338174273858921,62.77,59.69,250,309,59,False,False,outside_top_20
06,037,431502,06037431502,1400000US06037431502,4315.02,Census Tract 4315.02,G5020,S,1693783,328858,+34.1024524,-118.0204000,06,037,431502,Census Tract 4315.02; Los Angeles County; California,4758,717,2249,573,47.27,1243,360,0,14,1243,360.2721193764513,882.7278806235487,1603.2721193764514,0.2898408040035811,more_reliable,26.12,55.27,88229.0,23428.0,0.2655362749209443,False,2,21,6,39,4,18,0.9045643153526971,0.8755186721991701,0.3215767634854772,0.8929460580912862,0.2601659751037344,0.1754149377593361,65.21,63.52,203,231,28,False,False,outside_top_20
06,037,433304,06037433304,1400000US06037433304,4333.04,Census Tract 4333.04,G5020,S,789658,0,+34.0708941,-118.0198960,06,037,433304,Census Tract 4333.04; Los Angeles County; California,4317,563,1241,366,28.75,629,228,0,14,629,228.42942017174585,400.57057982825415,857.4294201717458,0.363162830161758,more_reliable,14.57,50.68,53200.0,10838.0,0.2037218045112782,False,4,15,6,25,2,10,0.7940871369294605,0.7852697095435685,0.06016597510373444,0.7905601659751037,0.2645228215767635,0.2619294605809129,53.93,53.88,436,444,8,False,False,outside_top_20
06,037,433305,06037433305,1400000US06037433305,4333.05,Census Tract 4333.05,G5020,S,511912,0,+34.0702955,-118.0127154,06,037,433305,Census Tract 4333.05; Los Angeles County; California,4684,573,648,266,13.83,427,219,0,14,427,219.44703233354517,207.5529676664549,646.4470323335452,0.5139274761909722,usable_with_caution,9.12,65.9,66218.0,5736.0,0.0866229726056359,False,4,16,6,26,2,10,0.725103734439834,0.6753112033195021,0.11721991701244813,0.7051867219917012,0.24056016597510377,0.25072614107883817,49.47,49.67,523,522,-1,False,False,outside_top_20
06,037,433306,06037433306,1400000US06037433306,4333.06,Census Tract 4333.06,G5020,S,434314,0,+34.0715068,-118.0077568,06,037,433306,Census Tract 4333.06; Los Angeles County; California,3075,446,891,240,28.98,575,211,4,8,579,211.15160430363773,367.8483956963623,790.1516043036377,0.3646832544104278,more_reliable,18.83,64.98,63447.0,8886.0,0.1400539032578372,False,3,14,5,24,2,10,0.7821576763485477,0.8257261410788381,0.09439834024896265,0.799585062240664,0.3205394190871369,0.29346473029045644,56.27,55.73,382,395,13,False,False,outside_top_20
06,037,482503,06037482503,1400000US06037482503,4825.03,Census Tract 4825.03,G5020,S,729678,0,+34.0586251,-118.0948587,06,037,482503,Census Tract 4825.03; Los Angeles County; California,3980,635,3106,643,78.04,2153,604,0,14,2153,604.1622298687663,1548.8377701312338,2757.162229868766,0.2806141337058831,more_reliable,54.1,69.32,82662.0,22061.0,0.266882001403305,False,4,39,7,76,3,37,0.9657676348547718,0.9854771784232366,0.254149377593361,0.9736514522821577,0.11825726141078838,0.07323651452282157,65.87,64.97,190,199,9,False,False,outside_top_20
06,037,433402,06037433402,1400000US06037433402,4334.02,Census Tract 4334.02,G5020,S,557892,0,+34.0596025,-118.0345817,06,037,433402,Census Tract 4334.02; Los Angeles County; California,4737,759,603,308,12.73,236,141,0,14,236,141.69333082400175,94.30666917599824,377.69333082400175,0.6003954695932278,usable_with_caution,4.98,39.14,69487.0,8267.0,0.1189718940233424,False,3,18,4,30,1,12,0.5363070539419087,0.475103734439834,0.1338174273858921,0.5118257261410788,0.23558091286307054,0.2617219917012448,38.1,38.62,697,690,-7,False,False,outside_top_20
06,037,480011,06037480011,1400000US06037480011,4800.11,Census Tract 4800.11,G5020,S,1091246,35252,+34.1261899,-118.0762456,06,037,480011,Census Tract 4800.11; Los Angeles County; California,5084,535,2178,254,42.84,1429,315,97,74,1526,323.5753389861471,1202.424661013853,1849.575338986147,0.212041506544002,more_reliable,30.02,70.06,100039.0,27038.0,0.2702745929087656,False,3,15,4,35,1,20,0.9304979253112033,0.8921161825726142,0.46680497925311204,0.9151452282157677,0.29439834024896266,0.23340248962655605,70.13,68.91,131,146,15,False,False,outside_top_20
06,037,481711,06037481711,1400000US06037481711,4817.11,Census Tract 4817.11,G5020,S,447340,0,+34.0661708,-118.1198426,06,037,481711,Census Tract 4817.11; Los Angeles County; California,4388,654,3885,666,88.54,3443,702,21,32,3464,702.7289662451662,2761.2710337548338,4166.728966245166,0.2028663297474498,more_reliable,78.94,89.16,51655.0,17459.0,0.3379924499080438,False,12,49,26,89,14,40,0.9979253112033195,1.0,0.05394190871369295,0.9987551867219917,0.014522821576763434,0.009647302904564281,61.29,61.2,280,276,-4,False,False,outside_top_20
06,037,554517,06037554517,1400000US06037554517,5545.17,Census Tract 5545.17,G5020,S,1321870,0,+33.8623366,-118.0548905,06,037,554517,Census Tract 5545.17; Los Angeles County; California,4513,355,3296,408,73.03,674,215,173,121,847,246.7103564911696,600.2896435088304,1093.7103564911697,0.2912755094346749,more_reliable,18.77,25.7,136435.0,16872.0,0.1236632828819584,False,1,8,1,15,0,7,0.8402489626556017,0.8241701244813278,0.7883817427385892,0.833817427385892,0.6321576763485477,0.6188796680497926,78.44,78.17,54,46,-8,False,False,outside_top_20
06,037,482600,06037482600,1400000US06037482600,4826,Census Tract 4826,G5020,S,2714345,130227,+34.0472694,-118.1133924,06,037,482600,Census Tract 4826; Los Angeles County; California,6611,900,4411,1029,66.72,3062,1067,0,19,3062,1067.169152477713,1994.830847522287,4129.1691524777125,0.3485202980005594,more_reliable,46.32,69.42,114493.0,39517.0,0.3451477382896771,False,1,43,2,74,1,31,0.9948132780082988,0.9626556016597511,0.6141078838174274,0.9819502074688797,0.26089211618257263,0.21970954356846473,76.42,75.59,70,72,2,False,False,outside_top_20
06,037,482701,06037482701,1400000US06037482701,4827.01,Census Tract 4827.01,G5020,S,1229384,0,+34.0376220,-118.1397485,06,037,482701,Census Tract 4827.01; Los Angeles County; California,3827,466,1396,342,36.48,781,301,0,14,781,301.3254055004324,479.6745944995676,1082.3254055004325,0.3858199814346125,more_reliable,20.41,55.95,78250.0,20052.0,0.2562555910543131,False,5,28,6,48,1,20,0.8236514522821576,0.8412863070539419,0.19968879668049794,0.8307053941908713,0.13973029045643154,0.15487551867219918,56.63,56.93,373,368,-5,False,False,outside_top_20
06,037,134423,06037134423,1400000US06037134423,1344.23,Census Tract 1344.23,G5020,S,1560693,6351,+34.2140487,-118.6350313,06,037,134423,Census Tract 1344.23; Los Angeles County; California,3560,443,514,100,14.44,85,73,0,14,85,74.33034373659252,10.669656263407475,159.3303437365925,0.8744746321952062,usable_with_caution,2.39,16.54,124464.0,43911.0,0.3528008098727342,False,0,7,0,9,0,2,0.20487551867219916,0.20280082987551867,0.7064315352697096,0.20404564315352697,0.7737551867219918,0.8191908713692946,41.85,42.76,645,643,-2,False,False,outside_top_20
06,037,480303,06037480303,1400000US06037480303,4803.03,Census Tract 4803.03,G5020,S,451631,0,+34.0951421,-118.1377177,06,037,480303,Census Tract 4803.03; Los Angeles County; California,4326,468,2207,450,51.02,1321,443,91,77,1412,449.6420798813208,962.3579201186792,1861.6420798813208,0.3184433993493773,more_reliable,32.64,63.98,96105.0,9318.0,0.0969564538785703,False,6,38,9,75,3,37,0.9175311203319502,0.9024896265560166,0.42012448132780084,0.9115145228215767,0.095850622406639,0.06182572614107883,65.01,64.33,213,212,-1,False,False,outside_top_20
06,037,603102,06037603102,1400000US06037603102,6031.02,Census Tract 6031.02,G5020,S,745751,0,+33.8771829,-118.2952310,06,037,603102,Census Tract 6031.02; Los Angeles County; California,3420,574,1260,452,36.84,113,92,0,14,113,93.05912099305472,19.940879006945263,206.05912099305476,0.8235320441863251,usable_with_caution,3.3,8.97,68300.0,9812.0,0.1436603221083455,False,2,13,4,19,2,6,0.2966804979253112,0.3153526970954357,0.12551867219917012,0.304149377593361,0.4011410788381743,0.395850622406639,28.78,28.68,818,818,0,False,False,outside_top_20
06,037,620521,06037620521,1400000US06037620521,6205.21,Census Tract 6205.21,G5020,S,644213,0,+33.8764820,-118.3656204,06,037,620521,Census Tract 6205.21; Los Angeles County; California,4414,754,1197,303,27.12,277,196,16,24,293,197.46392075515973,95.53607924484028,490.4639207551597,0.6739382960926953,usable_with_caution,6.64,24.48,126071.0,32283.0,0.2560699923059228,False,0,10,0,15,0,5,0.6161825726141079,0.58298755186722,0.7173236514522822,0.6029045643153528,0.6810165975103735,0.7062240663900415,64.14,64.65,229,203,-26,False,False,outside_top_20
06,037,433307,06037433307,1400000US06037433307,4333.07,Census Tract 4333.07,G5020,S,421859,0,+34.0684885,-118.0062454,06,037,433307,Census Tract 4333.07; Los Angeles County; California,2909,323,1082,326,37.19,634,293,33,32,667,294.7422602885443,372.2577397114557,961.7422602885442,0.441892444210711,more_reliable,22.93,61.65,82107.0,16774.0,0.2042943963364877,False,1,14,2,23,1,9,0.799792531120332,0.8641078838174274,0.24688796680497926,0.8255186721991702,0.45290456431535264,0.42230290456431535,63.53,62.91,238,242,4,False,False,outside_top_20
06,037,269907,06037269907,1400000US06037269907,2699.07,Census Tract 2699.07,G5020,S,276794,0,+34.0280469,-118.4067099,06,037,269907,Census Tract 2699.07; Los Angeles County; California,2704,262,613,245,22.67,90,76,0,14,90,77.27871634544663,12.721283654553377,167.27871634544664,0.8586524038382959,usable_with_caution,3.33,14.68,99837.0,9725.0,0.0974087763053777,False,3,17,4,27,1,10,0.2204356846473029,0.31690871369294604,0.46265560165975106,0.25902489626556013,0.2511410788381742,0.28475103734439833,29.82,30.49,803,798,-5,False,False,outside_top_20
06,037,293306,06037293306,1400000US06037293306,2933.06,Census Tract 2933.06,G5020,S,613552,1884,+33.7818249,-118.3043625,06,037,293306,Census Tract 2933.06; Los Angeles County; California,2420,366,579,277,23.93,60,50,8,14,68,51.92301994298868,16.07698005701132,119.92301994298867,0.76357382269101,usable_with_caution,2.81,11.74,112361.0,24334.0,0.2165698062494993,False,1,9,1,10,0,1,0.14107883817427386,0.26400414937759337,0.5995850622406639,0.19024896265560165,0.6013485477178423,0.7131742738589211,35.43,37.67,737,708,-29,False,False,outside_top_20
06,037,571504,06037571504,1400000US06037571504,5715.04,Census Tract 5715.04,G5020,S,1511673,0,+33.8387012,-118.1697990,06,037,571504,Census Tract 5715.04; Los Angeles County; California,5120,925,908,268,17.73,94,82,0,19,94,84.17244204607586,9.827557953924142,178.17244204607584,0.8954515111284665,usable_with_caution,1.84,10.35,89880.0,40137.0,0.4465620827770361,False,1,4,1,4,0,0,0.23858921161825727,0.1421161825726141,0.3454356846473029,0.19999999999999998,0.7435684647302905,0.8062240663900415,33.78,35.03,763,745,-18,False,False,outside_top_20
06,037,482702,06037482702,1400000US06037482702,4827.02,Census Tract 4827.02,G5020,S,718250,0,+34.0414852,-118.1338308,06,037,482702,Census Tract 4827.02; Los Angeles County; California,2669,306,1452,267,54.4,1002,283,43,36,1045,285.2805636562014,759.7194363437986,1330.2805636562014,0.2729957546949296,more_reliable,39.15,71.97,121146.0,16684.0,0.1377181252373169,False,6,31,7,54,1,23,0.8807053941908713,0.9273858921161826,0.6763485477178424,0.8993775933609959,0.11919087136929457,0.13112033195020745,69.87,70.11,134,132,-2,False,False,outside_top_20
06,037,500202,06037500202,1400000US06037500202,5002.02,Census Tract 5002.02,G5020,S,6345540,11705,+33.9612627,-117.9943139,06,037,500202,Census Tract 5002.02; Los Angeles County; California,4898,1058,598,259,12.21,92,75,32,53,124,91.83681179135084,32.163188208649146,215.83681179135084,0.7406194499302489,usable_with_caution,2.53,20.74,158750.0,68942.0,0.4342803149606299,False,0,6,0,8,0,2,0.3283195020746888,0.22199170124481327,0.8672199170124482,0.2857883817427386,0.8061203319502075,0.8359958506224067,50.61,51.21,494,488,-6,False,False,outside_top_20
06,037,183401,06037183401,1400000US06037183401,1834.01,Census Tract 1834.01,G5020,S,485332,0,+34.1216662,-118.2092262,06,037,183401,Census Tract 1834.01; Los Angeles County; California,2276,419,542,338,23.81,55,51,14,18,69,54.08326913195984,14.916730868040162,123.08326913195984,0.7838154946660846,usable_with_caution,3.03,12.73,109688.0,11858.0,0.1081066297133688,False,0,8,0,11,0,3,0.14367219917012447,0.2894190871369295,0.5778008298755186,0.20197095435684648,0.7441908713692946,0.7812240663900415,38.56,39.3,689,677,-12,False,False,outside_top_20
06,037,101110,06037101110,1400000US06037101110,1011.10,Census Tract 1011.10,G5020,S,1142401,0,+34.2594737,-118.2929869,06,037,101110,Census Tract 1011.10; Los Angeles County; California,4294,436,336,168,7.82,25,23,18,29,43,37.01351104664349,5.986488953356506,80.01351104664349,0.8607793266661278,usable_with_caution,1.0,12.8,88438.0,20688.0,0.2339265926411723,False,0,2,0,2,0,0,0.03734439834024896,0.023340248962655602,0.32261410788381745,0.031742738589211617,0.8926348547717843,0.9193983402489627,26.21,26.74,856,851,-5,False,False,outside_top_20
06,037,113301,06037113301,1400000US06037113301,1133.01,Census Tract 1133.01,G5020,S,2254327,0,+34.2440457,-118.5583038,06,037,113301,Census Tract 1133.01; Los Angeles County; California,4300,621,844,293,19.63,229,228,0,14,229,228.42942017174585,0.5705798282541821,457.42942017174585,0.9975083850294576,usable_with_caution,5.33,27.13,135875.0,47259.0,0.3478123275068997,False,1,5,1,9,0,4,0.5243775933609959,0.5,0.7821576763485477,0.5146265560165975,0.7230290456431535,0.7318464730290457,60.98,61.16,289,278,-11,False,False,outside_top_20
06,037,113303,06037113303,1400000US06037113303,1133.03,Census Tract 1133.03,G5020,S,4088551,7269,+34.2436235,-118.5775956,06,037,113303,Census Tract 1133.03; Los Angeles County; California,4012,267,776,243,19.34,102,89,0,14,102,90.09439494219384,11.90560505780617,192.09439494219384,0.883278381786214,usable_with_caution,2.54,13.14,118036.0,26960.0,0.2284048934223457,False,1,6,1,10,0,4,0.2619294605809129,0.22562240663900415,0.6431535269709544,0.2474066390041494,0.6940871369294606,0.7131742738589211,41.59,41.97,649,653,4,False,False,outside_top_20
06,037,113322,06037113322,1400000US06037113322,1133.22,Census Tract 1133.22,G5020,S,1786815,0,+34.2536782,-118.5721365,06,037,113322,Census Tract 1133.22; Los Angeles County; California,4919,768,540,289,10.98,51,38,0,14,51,40.49691346263317,10.503086537366826,91.49691346263316,0.7940571267182975,usable_with_caution,1.04,9.44,123250.0,21592.0,0.1751886409736308,False,1,5,1,8,0,3,0.06846473029045644,0.028008298755186723,0.700207468879668,0.05228215767634855,0.7230290456431535,0.7486514522821577,31.6,32.11,784,781,-3,False,False,outside_top_20
06,037,115202,06037115202,1400000US06037115202,1152.02,Census Tract 1152.02,G5020,S,1737515,3837,+34.2332349,-118.5376549,06,037,115202,Census Tract 1152.02; Los Angeles County; California,6118,1156,883,426,14.43,55,43,18,33,73,54.20332093147061,18.796679068529397,127.2033209314706,0.7425112456365837,usable_with_caution,1.19,8.27,68722.0,25070.0,0.3648031198160705,False,3,9,5,14,2,5,0.15508298755186722,0.046680497925311204,0.12966804979253113,0.11172199170124482,0.46898340248962656,0.45964730290456435,18.68,18.49,922,925,3,False,False,outside_top_20
06,037,115301,06037115301,1400000US06037115301,1153.01,Census Tract 1153.01,G5020,S,1621785,19448,+34.2422846,-118.5480890,06,037,115301,Census Tract 1153.01; Los Angeles County; California,4418,673,1252,630,28.34,104,72,0,14,104,73.348483283569,30.651516716431004,177.348483283569,0.705273877726625,usable_with_caution,2.35,8.31,105926.0,21677.0,0.2046428638861091,False,3,7,5,11,2,4,0.26607883817427386,0.19398340248962656,0.5466804979253111,0.23724066390041493,0.529356846473029,0.5144190871369294,35.76,35.46,731,742,11,False,False,outside_top_20
06,037,137000,06037137000,1400000US06037137000,1370,Census Tract 1370,G5020,S,3006590,4374,+34.1661153,-118.6402345,06,037,137000,Census Tract 1370; Los Angeles County; California,4562,593,483,170,10.59,47,43,0,14,47,45.22167621838005,1.778323781619946,92.22167621838004,0.9621633237953204,usable_with_caution,1.03,9.73,126250.0,31544.0,0.2498534653465346,False,0,6,0,8,0,2,0.05186721991701245,0.026452282157676348,0.7199170124481328,0.04170124481327801,0.8061203319502075,0.8359958506224067,33.02,33.62,769,763,-6,False,False,outside_top_20
06,037,275500,06037275500,1400000US06037275500,2755,Census Tract 2755,G5020,S,762034,25717,+33.9918105,-118.4148705,06,037,275500,Census Tract 2755; Los Angeles County; California,5086,899,421,194,8.28,31,24,0,19,31,30.610455730027933,0.3895442699720668,61.61045573002794,0.9874340558073528,usable_with_caution,0.61,7.36,59076.0,15844.0,0.2681968989098788,False,1,10,1,14,0,4,0.01037344398340249,0.001037344398340249,0.07883817427385892,0.006639004149377593,0.5689834024896265,0.6391078838174273,13.35,14.76,944,939,-5,False,False,outside_top_20
06,037,462001,06037462001,1400000US06037462001,4620.01,Census Tract 4620.01,G5020,S,511707,0,+34.1633689,-118.1438322,06,037,462001,Census Tract 4620.01; Los Angeles County; California,4491,912,331,189,7.37,243,185,0,14,243,185.52897347853784,57.47102652146216,428.52897347853786,0.7634937180186743,usable_with_caution,5.41,73.41,85000.0,14287.0,0.1680823529411764,False,0,1,0,1,0,0,0.5477178423236515,0.504149377593361,0.28786307053941906,0.5302904564315353,0.9122406639004149,0.9321576763485477,55.82,56.22,392,385,-7,False,False,outside_top_20
06,037,463601,06037463601,1400000US06037463601,4636.01,Census Tract 4636.01,G5020,S,928141,0,+34.1408642,-118.1368374,06,037,463601,Census Tract 4636.01; Los Angeles County; California,6416,679,1661,347,25.89,467,205,18,32,485,207.4825293850063,277.5174706149937,692.4825293850063,0.4277990296598068,more_reliable,7.56,29.2,83083.0,22232.0,0.2675878338528941,False,0,2,0,6,0,4,0.7468879668049793,0.6307053941908713,0.2603734439834025,0.700414937759336,0.8926348547717843,0.8686721991701245,65.09,64.61,208,205,-3,False,False,outside_top_20
06,037,920338,06037920338,1400000US06037920338,9203.38,Census Tract 9203.38,G5020,S,3723669,0,+34.3860639,-118.5964152,06,037,920338,Census Tract 9203.38; Los Angeles County; California,5594,743,1460,432,26.1,276,156,0,19,276,157.15279189374905,118.84720810625096,433.15279189374905,0.5693941735280763,usable_with_caution,4.93,18.9,194342.0,31015.0,0.1595897953093001,False,0,3,0,4,0,1,0.5995850622406639,0.470954356846473,0.9439834024896265,0.5481327800829876,0.8733402489626556,0.8935684647302904,69.23,69.64,145,137,-8,False,False,outside_top_20
06,037,141303,06037141303,1400000US06037141303,1413.03,Census Tract 1413.03,G5020,S,262757,0,+34.1549446,-118.4552465,06,037,141303,Census Tract 1413.03; Los Angeles County; California,3236,354,321,126,9.92,76,68,0,14,76,69.42621983083913,6.5737801691608695,145.42621983083913,0.9135028925110412,usable_with_caution,2.35,23.68,103990.0,21433.0,0.2061063563804211,False,2,6,2,8,0,2,0.17271784232365145,0.19398340248962656,0.520746887966805,0.1812240663900415,0.6140041493775934,0.6824688796680498,33.57,34.94,766,747,-19,False,False,outside_top_20
06,037,188202,06037188202,1400000US06037188202,1882.02,Census Tract 1882.02,G5020,S,759725,0,+34.1164011,-118.2797541,06,037,188202,Census Tract 1882.02; Los Angeles County; California,3093,527,522,284,16.88,101,60,5,9,106,60.67124524847005,45.32875475152995,166.67124524847006,0.5723702381931137,usable_with_caution,3.43,20.31,200962.0,25113.0,0.1249639235278311,False,1,10,2,18,1,8,0.2743775933609959,0.32468879668049794,0.9574688796680498,0.2945020746887967,0.5689834024896265,0.5035269709543568,48.2,46.89,542,576,34,False,False,outside_top_20
06,037,262604,06037262604,1400000US06037262604,2626.04,Census Tract 2626.04,G5020,S,5670210,335774,+34.0522392,-118.5493086,06,037,262604,Census Tract 2626.04; Los Angeles County; California,6106,1143,401,187,6.57,101,78,0,19,101,80.2807573457052,20.719242654294803,181.2807573457052,0.7948589836208435,usable_with_caution,1.65,25.19,168750.0,96266.0,0.5704651851851852,False,0,0,0,0,0,0,0.25881742738589214,0.11307053941908714,0.899896265560166,0.20051867219917013,0.929045643153527,0.9436721991701245,48.61,48.9,537,536,-1,False,False,outside_top_20
06,037,262802,06037262802,1400000US06037262802,2628.02,Census Tract 2628.02,G5020,S,3327032,76803,+34.0458645,-118.5024565,06,037,262802,Census Tract 2628.02; Los Angeles County; California,3522,439,224,106,6.36,109,73,0,14,109,74.33034373659252,34.669656263407475,183.3303437365925,0.6819297590513076,usable_with_caution,3.09,48.66,170500.0,47140.0,0.2764809384164223,False,0,4,0,5,0,1,0.2868257261410788,0.29512448132780084,0.9066390041493776,0.2901452282157676,0.8556016597510374,0.8814315352697095,52.65,53.17,464,459,-5,False,False,outside_top_20
06,037,267403,06037267403,1400000US06037267403,2674.03,Census Tract 2674.03,G5020,S,234224,0,+34.0474941,-118.4566299,06,037,267403,Census Tract 2674.03; Los Angeles County; California,3677,1132,433,145,11.78,168,71,7,10,175,71.7007670809734,103.2992329190266,246.7007670809734,0.4097186690341337,more_reliable,4.76,40.42,99712.0,29765.0,0.2985097079589217,False,3,14,8,23,5,9,0.4429460580912863,0.4636929460580913,0.4605809128630705,0.4512448132780083,0.3205394190871369,0.2727178423236514,42.7,41.74,634,656,22,False,False,outside_top_20
06,037,296901,06037296901,1400000US06037296901,2969.01,Census Tract 2969.01,G5020,S,617328,0,+33.7301628,-118.2945655,06,037,296901,Census Tract 2969.01; Los Angeles County; California,4661,881,109,62,2.34,37,29,0,14,37,32.202484376209235,4.7975156237907655,69.20248437620924,0.8703374155732225,usable_with_caution,0.79,33.94,73415.0,28833.0,0.3927399032895184,False,1,2,1,2,0,0,0.023340248962655602,0.005705394190871369,0.15871369294605808,0.01628630705394191,0.7806016597510373,0.8320539419087136,19.76,20.79,913,907,-6,False,False,outside_top_20
06,037,192001,06037192001,1400000US06037192001,1920.01,Census Tract 1920.01,G5020,S,530779,0,+34.0852271,-118.3472967,06,037,192001,Census Tract 1920.01; Los Angeles County; California,2364,276,241,150,10.19,30,28,9,14,39,31.304951684997057,7.695048315002943,70.30495168499706,0.8026910688460784,usable_with_caution,1.65,16.18,89102.0,32306.0,0.362573230679446,False,0,16,2,34,2,18,0.027489626556016597,0.11307053941908714,0.3350622406639004,0.061721991701244816,0.5148340248962656,0.32458506224066397,20.7,16.9,910,928,18,False,False,outside_top_20
06,037,650604,06037650604,1400000US06037650604,6506.04,Census Tract 6506.04,G5020,S,515410,0,+33.8403645,-118.3491229,06,037,650604,Census Tract 6506.04; Los Angeles County; California,5438,1199,1870,446,34.39,154,148,28,51,182,156.54072952429985,25.45927047570015,338.5407295242999,0.860113898485164,usable_with_caution,3.35,9.73,69970.0,9255.0,0.1322709732742604,False,4,15,5,23,1,8,0.4538381742738589,0.31950207468879666,0.13796680497925312,0.400103734439834,0.2645228215767635,0.3090248962655602,32.06,32.95,777,772,-5,False,False,outside_top_20
06,037,271901,06037271901,1400000US06037271901,2719.01,Census Tract 2719.01,G5020,S,637161,21017,+34.0131825,-118.4231336,06,037,271901,Census Tract 2719.01; Los Angeles County; California,3346,564,439,88,13.12,65,49,9,14,74,50.96076922496363,23.039230775036373,124.96076922496364,0.6886590435805896,usable_with_caution,2.21,16.86,115917.0,27787.0,0.2397146233943252,False,1,18,2,26,1,8,0.1628630705394191,0.1825726141078838,0.6275933609958506,0.17074688796680498,0.36794605809128633,0.3824688796680498,30.16,30.45,800,799,-1,False,False,outside_top_20
06,037,400404,06037400404,1400000US06037400404,4004.04,Census Tract 4004.04,G5020,S,15832137,330968,+34.1534341,-117.8289250,06,037,400404,Census Tract 4004.04; Los Angeles County; California,4246,551,877,400,20.65,100,77,0,14,100,78.26237921249263,21.737620787507367,178.26237921249265,0.7826237921249263,usable_with_caution,2.36,11.4,185088.0,40704.0,0.2199170124481327,False,0,0,0,1,0,1,0.2551867219917012,0.19657676348547717,0.9304979253112033,0.2317427385892116,0.929045643153527,0.9321576763485477,51.1,51.16,485,489,4,False,False,outside_top_20
06,037,128801,06037128801,1400000US06037128801,1288.01,Census Tract 1288.01,G5020,S,492122,0,+34.1682377,-118.4651573,06,037,128801,Census Tract 1288.01; Los Angeles County; California,3827,581,401,199,10.48,68,61,0,14,68,62.5859409132754,5.414059086724599,130.5859409132754,0.920381484018756,usable_with_caution,1.78,16.96,88571.0,17936.0,0.2025042056655112,False,1,10,2,12,1,2,0.14107883817427386,0.133298755186722,0.32520746887966806,0.13796680497925312,0.5689834024896265,0.6087136929460581,26.16,26.96,857,847,-10,False,False,outside_top_20
06,037,195803,06037195803,1400000US06037195803,1958.03,Census Tract 1958.03,G5020,S,377392,0,+34.0818094,-118.2769285,06,037,195803,Census Tract 1958.03; Los Angeles County; California,2182,232,181,83,8.3,43,48,21,23,64,53.225933528685054,10.774066471314946,117.22593352868506,0.831655211385704,usable_with_caution,2.93,35.36,100481.0,31330.0,0.3118002408415521,False,2,40,2,60,0,20,0.1229253112033195,0.274896265560166,0.470954356846473,0.1837136929460581,0.195746887966805,0.2614107883817427,24.36,25.67,878,869,-9,False,False,outside_top_20
06,037,115104,06037115104,1400000US06037115104,1151.04,Census Tract 1151.04,G5020,S,1020182,0,+34.2374910,-118.5226460,06,037,115104,Census Tract 1151.04; Los Angeles County; California,4306,709,749,277,17.39,55,47,18,29,73,55.22680508593631,17.773194914063694,128.2268050859363,0.7565315765196754,usable_with_caution,1.7,9.75,76250.0,22377.0,0.2934688524590164,False,2,8,4,14,2,6,0.15508298755186722,0.12344398340248963,0.18205394190871368,0.14242738589211618,0.5520746887966805,0.48516597510373444,23.23,21.89,894,898,4,False,False,outside_top_20
06,037,134422,06037134422,1400000US06037134422,1344.22,Census Tract 1344.22,G5020,S,2338224,9988,+34.2024601,-118.6306683,06,037,134422,Census Tract 1344.22; Los Angeles County; California,4956,612,982,275,19.81,99,91,0,14,99,92.07062506576132,6.929374934238666,191.07062506576133,0.9300063137955692,usable_with_caution,2.0,10.08,158839.0,17032.0,0.1072280737098571,False,1,7,1,9,0,2,0.25,0.1592323651452282,0.8692946058091287,0.21369294605809128,0.6617219917012449,0.7318464730290457,43.44,44.84,622,610,-12,False,False,outside_top_20
06,037,135202,06037135202,1400000US06037135202,1352.02,Census Tract 1352.02,G5020,S,1762594,0,+34.1888180,-118.6369084,06,037,135202,Census Tract 1352.02; Los Angeles County; California,4578,725,673,220,14.7,204,157,0,14,204,157.62296786953354,46.37703213046646,361.6229678695336,0.7726616072035958,usable_with_caution,4.46,30.31,128816.0,24606.0,0.1910166438951683,False,2,8,2,10,0,2,0.4896265560165975,0.4279045643153527,0.7448132780082988,0.46493775933609954,0.5520746887966805,0.6469917012448132,53.83,55.73,441,395,-46,False,False,outside_top_20
06,037,700901,06037700901,1400000US06037700901,7009.01,Census Tract 7009.01,G5020,S,1053659,0,+34.0645650,-118.3853968,06,037,700901,Census Tract 7009.01; Los Angeles County; California,4155,757,719,688,17.3,77,55,34,50,111,74.33034373659252,36.66965626340748,185.3303437365925,0.6696427363656984,usable_with_caution,2.67,15.44,104250.0,22647.0,0.2172374100719424,False,2,10,6,19,4,9,0.2925311203319502,0.24636929460580914,0.5300829875518672,0.2740663900414938,0.48890041493775926,0.3518672199170124,36.82,34.08,719,757,38,False,False,outside_top_20
06,037,701000,06037701000,1400000US06037701000,7010,Census Tract 7010,G5020,S,1422538,0,+34.0618692,-118.4057731,06,037,701000,Census Tract 7010; Los Angeles County; California,5078,622,506,353,9.96,272,239,0,19,272,239.7540406333124,32.24595936668763,511.75404063331234,0.8814486787989425,usable_with_caution,5.36,53.75,149211.0,63729.0,0.4271065806140298,False,4,17,5,33,1,16,0.5933609958506224,0.5010373443983402,0.8309128630705395,0.5564315352697096,0.22126556016597507,0.2175311203319502,54.43,54.35,428,428,0,False,False,outside_top_20
06,037,701201,06037701201,1400000US06037701201,7012.01,Census Tract 7012.01,G5020,S,1941996,0,+34.0412036,-118.4943488,06,037,701201,Census Tract 7012.01; Los Angeles County; California,3730,332,448,167,12.01,123,104,71,68,194,124.25779653607252,69.74220346392747,318.25779653607253,0.640504105856044,usable_with_caution,5.2,43.3,190074.0,58473.0,0.3076328166924461,False,0,7,0,12,0,5,0.48184647302904565,0.4880705394190871,0.9377593360995851,0.4843360995850622,0.7737551867219918,0.7622406639004149,63.29,63.06,242,239,-3,False,False,outside_top_20
06,037,701202,06037701202,1400000US06037701202,7012.02,Census Tract 7012.02,G5020,S,404719,0,+34.0339243,-118.4898132,06,037,701202,Census Tract 7012.02; Los Angeles County; California,3203,418,223,100,6.96,74,49,12,18,86,52.20153254455275,33.79846745544725,138.20153254455275,0.6069945644715435,usable_with_caution,2.68,38.57,131992.0,28100.0,0.2128916904054791,False,1,9,1,15,0,6,0.20850622406639005,0.2479253112033195,0.7593360995850622,0.22427385892116183,0.6013485477178423,0.6188796680497926,40.67,41.02,661,666,5,False,False,outside_top_20
06,037,702400,06037702400,1400000US06037702400,7024,Census Tract 7024,G5020,S,1982236,16494,+34.0251002,-118.3843439,06,037,702400,Census Tract 7024; Los Angeles County; California,4867,618,913,391,18.76,200,108,86,116,286,158.4929020492716,127.5070979507284,444.4929020492716,0.5541709861862644,usable_with_caution,5.88,31.33,149345.0,54567.0,0.3653754728983227,False,0,11,0,17,0,6,0.6089211618257261,0.533195020746888,0.8319502074688797,0.5786307053941908,0.6514522821576764,0.6732365145228216,64.39,64.82,227,200,-27,False,False,outside_top_20
06,037,134421,06037134421,1400000US06037134421,1344.21,Census Tract 1344.21,G5020,S,2134568,0,+34.2020230,-118.6471400,06,037,134421,Census Tract 1344.21; Los Angeles County; California,4238,601,724,251,17.08,218,129,0,14,218,129.75746606650424,88.24253393349576,347.7574660665042,0.5952177342500194,usable_with_caution,5.14,30.11,165109.0,34308.0,0.2077900053903784,False,0,6,0,8,0,2,0.5077800829875518,0.48599585062240663,0.8910788381742739,0.4990663900414938,0.8061203319502075,0.8359958506224067,63.89,64.49,234,208,-26,False,False,outside_top_20
06,037,701302,06037701302,1400000US06037701302,7013.02,Census Tract 7013.02,G5020,S,456090,0,+34.0274086,-118.4978403,06,037,701302,Census Tract 7013.02; Los Angeles County; California,4789,538,619,217,12.93,91,79,0,14,91,80.23091673413684,10.76908326586316,171.23091673413683,0.8816584256498554,usable_with_caution,1.9,14.7,130000.0,28125.0,0.2163461538461538,False,2,5,2,6,0,1,0.2245850622406639,0.1483402489626556,0.7489626556016598,0.19408713692946059,0.6429460580912862,0.7151452282157678,39.48,40.93,672,668,-4,False,False,outside_top_20
06,037,701501,06037701501,1400000US06037701501,7015.01,Census Tract 7015.01,G5020,S,617473,0,+34.0281567,-118.4904213,06,037,701501,Census Tract 7015.01; Los Angeles County; California,5082,600,560,285,11.02,91,86,18,30,109,91.0823802938856,17.917619706114394,200.0823802938856,0.8356181678338129,usable_with_caution,2.14,19.46,147068.0,49342.0,0.3355046645089346,False,2,7,2,13,0,6,0.2868257261410788,0.1716804979253112,0.8257261410788381,0.24076763485477176,0.5816390041493776,0.5909751037344398,42.59,42.78,636,641,5,False,False,outside_top_20
06,037,701502,06037701502,1400000US06037701502,7015.02,Census Tract 7015.02,G5020,S,610194,0,+34.0254597,-118.4872348,06,037,701502,Census Tract 7015.02; Los Angeles County; California,3855,419,242,138,6.28,21,26,13,19,34,32.202484376209235,1.7975156237907657,66.20248437620924,0.9471318934179188,usable_with_caution,0.88,14.05,122117.0,25512.0,0.2089144017622444,False,3,9,3,15,0,6,0.01504149377593361,0.01037344398340249,0.6877593360995851,0.01317427385892116,0.46898340248962656,0.5022821576763485,23.93,24.59,884,880,-4,False,False,outside_top_20
06,037,701601,06037701601,1400000US06037701601,7016.01,Census Tract 7016.01,G5020,S,1216991,3025,+34.0389491,-118.4799628,06,037,701601,Census Tract 7016.01; Los Angeles County; California,4051,562,465,157,11.48,185,111,47,58,232,125.23977004130916,106.76022995869084,357.2397700413092,0.5398265950056429,usable_with_caution,5.73,49.89,196042.0,41747.0,0.2129492659736179,False,1,14,2,23,1,9,0.5285269709543569,0.5254149377593361,0.9491701244813278,0.5272821576763486,0.45290456431535264,0.42230290456431535,59.68,59.07,308,326,18,False,False,outside_top_20
06,037,701602,06037701602,1400000US06037701602,7016.02,Census Tract 7016.02,G5020,S,660538,0,+34.0350094,-118.4754273,06,037,701602,Census Tract 7016.02; Los Angeles County; California,4438,678,595,233,13.41,368,145,13,24,381,146.972786596703,234.027213403297,527.972786596703,0.3857553453981706,more_reliable,8.58,64.03,96172.0,43035.0,0.4474795158674042,False,1,14,2,23,1,9,0.6986514522821576,0.6618257261410788,0.4221991701244813,0.6839211618257262,0.45290456431535264,0.42230290456431535,58.54,57.93,335,348,13,False,False,outside_top_20
06,037,701701,06037701701,1400000US06037701701,7017.01,Census Tract 7017.01,G5020,S,656547,0,+34.0323370,-118.4722531,06,037,701701,Census Tract 7017.01; Los Angeles County; California,3454,567,434,169,12.57,132,79,27,41,159,89.00561780022652,69.99438219977348,248.0056178002265,0.5597837597498523,usable_with_caution,4.6,36.64,84344.0,15221.0,0.1804633406051408,False,2,14,3,23,1,9,0.41234439834024894,0.4450207468879668,0.274896265560166,0.4254149377593361,0.3728215767634855,0.37188796680497926,38.48,38.46,691,694,3,False,False,outside_top_20
06,037,702501,06037702501,1400000US06037702501,7025.01,Census Tract 7025.01,G5020,S,1333949,9885,+34.0146198,-118.3963576,06,037,702501,Census Tract 7025.01; Los Angeles County; California,4708,485,955,343,20.28,209,140,0,14,209,140.69825869569246,68.30174130430754,349.69825869569246,0.6731974100272367,usable_with_caution,4.44,21.88,157539.0,56549.0,0.3589523863932106,False,2,9,3,14,1,5,0.49636929460580914,0.42531120331950206,0.8609958506224067,0.4679460580912863,0.5212655601659751,0.5225103734439834,55.72,55.75,396,394,-2,False,False,outside_top_20
06,037,702502,06037702502,1400000US06037702502,7025.02,Census Tract 7025.02,G5020,S,1799487,16889,+34.0124336,-118.3860791,06,037,702502,Census Tract 7025.02; Los Angeles County; California,4287,451,1118,316,26.08,311,299,102,97,413,314.3405796266209,98.65942037337908,727.3405796266209,0.7611152049070724,usable_with_caution,9.63,36.94,125076.0,37957.0,0.3034714893344846,False,0,12,0,17,0,5,0.7173236514522822,0.6939834024896265,0.7095435684647303,0.7079875518672198,0.6231327800829876,0.6732365145228216,69.13,70.13,147,131,-16,False,False,outside_top_20
06,037,702600,06037702600,1400000US06037702600,7026,Census Tract 7026,G5020,S,2163334,10471,+33.9958996,-118.3961597,06,037,702600,Census Tract 7026; Los Angeles County; California,6070,692,1206,266,19.87,174,109,0,19,174,110.64357188738984,63.356428112610175,284.64357188738984,0.6358825970539645,usable_with_caution,2.87,14.43,110139.0,37809.0,0.3432843951733718,False,2,9,4,14,2,5,0.4403526970954357,0.26867219917012447,0.58298755186722,0.3716804979253112,0.5212655601659751,0.48516597510373444,44.39,43.66,610,626,16,False,False,outside_top_20
06,037,702700,06037702700,1400000US06037702700,7027,Census Tract 7027,G5020,S,1339404,11605,+34.0058662,-118.4009840,06,037,702700,Census Tract 7027; Los Angeles County; California,3257,514,492,192,15.11,118,92,55,52,173,105.67875850898324,67.32124149101675,278.67875850898326,0.6108598757744697,usable_with_caution,5.31,35.16,162188.0,39577.0,0.2440192862603891,False,2,10,4,13,2,3,0.43775933609958506,0.49896265560165975,0.8796680497925311,0.46224066390041496,0.48890041493775926,0.5032157676348548,55.11,55.39,410,403,-7,False,False,outside_top_20
06,037,702802,06037702802,1400000US06037702802,7028.02,Census Tract 7028.02,G5020,S,610045,0,+34.0053604,-118.4165319,06,037,702802,Census Tract 7028.02; Los Angeles County; California,2151,324,313,135,14.55,98,67,73,116,171,133.9589489358587,37.0410510641413,304.9589489358587,0.7833856662915714,usable_with_caution,7.95,54.63,111061.0,9510.0,0.0856286185069466,False,2,13,3,21,1,8,0.43257261410788383,0.6441908713692946,0.5902489626556017,0.5172199170124482,0.4011410788381743,0.4020746887966805,50.86,50.88,490,498,8,False,False,outside_top_20
06,037,702803,06037702803,1400000US06037702803,7028.03,Census Tract 7028.03,G5020,S,847101,224,+33.9954427,-118.4325909,06,037,702803,Census Tract 7028.03; Los Angeles County; California,3065,388,250,120,8.16,106,77,11,17,117,78.85429601486528,38.14570398513472,195.85429601486527,0.6739683420073956,usable_with_caution,3.82,46.8,132188.0,76688.0,0.5801434320815808,False,2,11,2,15,0,4,0.3096473029045643,0.3630705394190871,0.7614107883817427,0.3310165975103735,0.4593360995850623,0.5526970954356847,44.28,46.14,612,587,-25,False,False,outside_top_20
06,037,701801,06037701801,1400000US06037701801,7018.01,Census Tract 7018.01,G5020,S,1895786,0,+34.0274489,-118.4657410,06,037,701801,Census Tract 7018.01; Los Angeles County; California,6023,739,923,477,15.32,369,340,0,19,369,340.5304685340212,28.469531465978772,709.5304685340212,0.9228467981951796,usable_with_caution,6.13,39.98,91445.0,23862.0,0.2609437366723167,False,1,15,1,24,0,9,0.691908713692946,0.5471991701244814,0.3630705394190871,0.6340248962655601,0.42676348547717846,0.4729253112033195,53.84,54.76,440,417,-23,False,False,outside_top_20
06,037,651401,06037651401,1400000US06037651401,6514.01,Census Tract 6514.01,G5020,S,1005692,0,+33.7865847,-118.3329508,06,037,651401,Census Tract 6514.01; Los Angeles County; California,2361,291,774,284,32.78,115,70,17,26,132,74.67261881037788,57.32738118962212,206.67261881037788,0.5657016576543779,usable_with_caution,5.59,17.05,88095.0,33343.0,0.3784891310517055,False,0,6,1,10,1,4,0.3506224066390041,0.5160788381742739,0.32053941908713696,0.41680497925311205,0.8061203319502075,0.7131742738589211,47.54,45.68,556,595,39,False,False,outside_top_20
06,037,670324,06037670324,1400000US06037670324,6703.24,Census Tract 6703.24,G5020,S,4744796,588420,+33.8001638,-118.3869835,06,037,670324,Census Tract 6703.24; Los Angeles County; California,5359,704,1122,909,20.94,133,97,0,19,133,98.84331034521254,34.156689654787456,231.84331034521256,0.7431827845504703,usable_with_caution,2.48,11.85,220644.0,58182.0,0.2636917387284494,False,0,7,0,12,0,5,0.3552904564315353,0.21369294605809128,0.9740663900414938,0.29865145228215767,0.7737551867219918,0.7622406639004149,52.88,52.65,462,467,5,False,False,outside_top_20
06,037,407602,06037407602,1400000US06037407602,4076.02,Census Tract 4076.02,G5020,S,931134,841,+34.0323937,-117.9468466,06,037,407602,Census Tract 4076.02; Los Angeles County; California,4086,554,456,142,11.16,320,145,0,14,320,145.67429423202984,174.32570576797016,465.67429423202987,0.4552321694750932,more_reliable,7.83,70.18,105240.0,16864.0,0.1602432535157734,False,1,14,3,25,2,11,0.6441908713692946,0.6379668049792531,0.5404564315352697,0.641701244813278,0.45290456431535264,0.3432572614107884,58.37,56.18,339,387,48,False,False,outside_top_20
06,037,190201,06037190201,1400000US06037190201,1902.01,Census Tract 1902.01,G5020,S,226852,0,+34.1033578,-118.3297140,06,037,190201,Census Tract 1902.01; Los Angeles County; California,3674,779,370,207,10.07,52,38,10,20,62,42.941821107167776,19.058178892832224,104.94182110716778,0.6926100178575447,usable_with_caution,1.69,16.76,52241.0,11082.0,0.2121322333033441,False,5,14,9,25,4,11,0.11670124481327801,0.120850622406639,0.058091286307053944,0.1183609958506224,0.275103734439834,0.2370331950207469,13.77,13.0,940,946,6,False,False,outside_top_20
06,037,188100,06037188100,1400000US06037188100,1881,Census Tract 1881,G5020,S,2091754,16592,+34.1366071,-118.2703438,06,037,188100,Census Tract 1881; Los Angeles County; California,3954,543,485,283,12.27,80,47,0,14,80,49.04079934095692,30.959200659043084,129.0407993409569,0.6130099917619615,usable_with_caution,2.02,16.49,93675.0,18732.0,0.1999679743795036,False,0,5,1,11,1,6,0.18360995850622408,0.16182572614107885,0.39522821576763484,0.174896265560166,0.8350622406639003,0.6938796680497925,35.1,32.28,744,778,34,False,False,outside_top_20
06,037,188300,06037188300,1400000US06037188300,1883,Census Tract 1883,G5020,S,905660,17207,+34.1207814,-118.2647639,06,037,188300,Census Tract 1883; Los Angeles County; California,3285,452,988,295,30.08,160,150,0,14,160,150.65191668213183,9.348083317868143,310.65191668213185,0.941574479263324,usable_with_caution,4.87,16.19,123234.0,28627.0,0.2322979047990002,False,0,6,1,13,1,7,0.41545643153526973,0.4678423236514523,0.6991701244813278,0.43641078838174274,0.8061203319502075,0.6571576763485477,56.29,53.31,380,455,75,False,False,outside_top_20
06,037,189300,06037189300,1400000US06037189300,1893,Census Tract 1893,G5020,S,1907035,0,+34.1112758,-118.3093120,06,037,189300,Census Tract 1893; Los Angeles County; California,2920,492,358,220,12.26,83,65,25,40,108,76.32168761236873,31.678312387631262,184.32168761236875,0.7066822927071179,usable_with_caution,3.7,30.17,188814.0,21643.0,0.1146260340864554,False,2,14,3,24,1,10,0.2816390041493776,0.35114107883817425,0.9356846473029046,0.3094398340248963,0.3728215767634855,0.3563278008298755,44.74,44.41,602,618,16,False,False,outside_top_20
06,037,199120,06037199120,1400000US06037199120,1991.20,Census Tract 1991.20,G5020,S,943132,18746,+34.0700703,-118.1996896,06,037,199120,Census Tract 1991.20; Los Angeles County; California,3454,425,961,266,27.82,599,209,0,14,599,209.46837470128995,389.5316252987101,808.4683747012899,0.3496967858118363,more_reliable,17.34,62.33,44120.0,10891.0,0.2468495013599274,False,2,20,2,26,0,6,0.7894190871369294,0.816908713692946,0.03112033195020747,0.8004149377593361,0.2676348547717843,0.3824688796680498,54.0,56.3,433,384,-49,False,False,outside_top_20
06,037,199201,06037199201,1400000US06037199201,1992.01,Census Tract 1992.01,G5020,S,395192,0,+34.0762204,-118.2119070,06,037,199201,Census Tract 1992.01; Los Angeles County; California,3268,493,1226,358,37.52,678,279,22,35,700,281.18677067031444,418.8132293296856,981.1867706703144,0.4016953866718777,more_reliable,21.42,57.1,58597.0,25980.0,0.4433674078877758,False,2,19,2,25,0,6,0.8070539419087137,0.8506224066390041,0.07676348547717843,0.8244813278008298,0.27634854771784234,0.3936721991701245,56.53,58.88,374,330,-44,False,False,outside_top_20
06,037,199202,06037199202,1400000US06037199202,1992.02,Census Tract 1992.02,G5020,S,954425,0,+34.0812849,-118.2032927,06,037,199202,Census Tract 1992.02; Los Angeles County; California,2501,386,362,148,14.47,142,104,0,14,142,104.93807697875924,37.06192302124076,246.93807697875923,0.7390005421039383,usable_with_caution,5.68,39.23,98447.0,23944.0,0.2432171625341554,False,1,17,1,20,0,3,0.3770746887966805,0.5217842323651453,0.4491701244813278,0.4349585062240664,0.38350622406639,0.5320539419087137,42.75,45.72,632,594,-38,False,False,outside_top_20
06,037,199300,06037199300,1400000US06037199300,1993,Census Tract 1993,G5020,S,2550542,40785,+34.0941911,-118.2003961,06,037,199300,Census Tract 1993; Los Angeles County; California,3687,578,789,449,21.4,265,152,5,9,270,152.26621424334422,117.73378575665578,422.2662142433442,0.5639489416420156,usable_with_caution,7.32,34.22,104201.0,4775.0,0.0458248961142407,False,0,10,0,12,0,2,0.5892116182572614,0.6172199170124482,0.529045643153527,0.6004149377593362,0.6810165975103735,0.7622406639004149,60.23,61.85,299,259,-40,False,False,outside_top_20
06,037,199400,06037199400,1400000US06037199400,1994,Census Tract 1994,G5020,S,669970,27134,+34.0896162,-118.2093313,06,037,199400,Census Tract 1994; Los Angeles County; California,4243,844,1103,706,26.0,902,689,0,14,902,689.142220445098,212.857779554902,1591.142220445098,0.7640157654601973,usable_with_caution,21.26,81.78,52212.0,21720.0,0.4159963226844403,False,1,14,1,17,0,3,0.8552904564315352,0.8485477178423236,0.05705394190871369,0.8525933609958506,0.45290456431535264,0.5858921161825725,61.35,64.01,278,219,-59,False,False,outside_top_20
06,037,199700,06037199700,1400000US06037199700,1997,Census Tract 1997,G5020,S,937116,33464,+34.0678503,-118.2202429,06,037,199700,Census Tract 1997; Los Angeles County; California,3500,559,589,282,16.83,194,119,0,14,194,119.82069938036582,74.17930061963418,313.8206993803658,0.6176324710328135,usable_with_caution,5.54,32.94,55435.0,17034.0,0.3072787949851177,False,3,22,4,29,1,7,0.48184647302904565,0.5114107883817427,0.06535269709543569,0.49367219917012445,0.20197095435684648,0.2682572614107884,34.97,36.29,746,729,-17,False,False,outside_top_20
06,037,199900,06037199900,1400000US06037199900,1999,Census Tract 1999,G5020,S,443011,0,+34.0650794,-118.2115758,06,037,199900,Census Tract 1999; Los Angeles County; California,2414,396,435,194,18.02,265,127,0,14,265,127.76932339180638,137.23067660819362,392.7693233918064,0.4821483901577599,more_reliable,10.98,60.92,41121.0,10428.0,0.2535930546436127,False,3,22,3,29,0,7,0.5793568464730291,0.7230290456431535,0.024896265560165973,0.6368257261410789,0.20197095435684648,0.3056016597510373,42.75,44.82,632,614,-18,False,False,outside_top_20
06,037,132001,06037132001,1400000US06037132001,1320.01,Census Tract 1320.01,G5020,S,968646,0,+34.1920691,-118.5141950,06,037,132001,Census Tract 1320.01; Los Angeles County; California,2716,307,329,157,12.11,79,68,0,14,79,69.42621983083913,9.57378016916087,148.42621983083913,0.8788129092511282,usable_with_caution,2.91,24.01,127039.0,22415.0,0.1764418800525822,False,0,7,0,13,0,6,0.17946058091286307,0.27074688796680496,0.7282157676348547,0.21597510373443984,0.7737551867219918,0.7445020746887967,43.0,42.41,630,650,20,False,False,outside_top_20
06,037,217002,06037217002,1400000US06037217002,2170.02,Census Tract 2170.02,G5020,S,771339,0,+34.0495333,-118.3804933,06,037,217002,Census Tract 2170.02; Los Angeles County; California,4911,626,497,303,10.12,203,202,22,35,225,205.00975586542216,19.99024413457784,430.00975586542216,0.9111544705129874,usable_with_caution,4.58,45.27,101265.0,9043.0,0.0893003505653483,False,2,13,4,21,2,8,0.5202282157676349,0.4429460580912863,0.48443983402489627,0.4893153526970955,0.4011410788381743,0.36473029045643157,47.07,46.34,564,583,19,False,False,outside_top_20
06,037,201120,06037201120,1400000US06037201120,2011.20,Census Tract 2011.20,G5020,S,792267,0,+34.0949804,-118.1636455,06,037,201120,Census Tract 2011.20; Los Angeles County; California,3892,527,292,210,7.5,114,87,0,14,114,88.11923740024082,25.88076259975918,202.1192374002408,0.7729757666687791,usable_with_caution,2.93,39.04,84067.0,14747.0,0.1754196057906193,False,1,23,1,38,0,15,0.29979253112033194,0.274896265560166,0.2691908713692946,0.2898340248962656,0.3302904564315353,0.3770746887966805,29.38,30.32,810,800,-10,False,False,outside_top_20
06,037,201501,06037201501,1400000US06037201501,2015.01,Census Tract 2015.01,G5020,S,888744,0,+34.0865745,-118.1646554,06,037,201501,Census Tract 2015.01; Los Angeles County; California,5137,614,709,320,13.8,481,280,0,19,481,280.6439024814186,200.3560975185814,761.6439024814185,0.5834592567181259,usable_with_caution,9.36,67.84,92813.0,26553.0,0.2860913880598623,False,3,28,3,50,0,22,0.7442946058091287,0.6846473029045643,0.38278008298755184,0.720435684647303,0.18516597510373445,0.2315352697095436,54.59,55.51,422,399,-23,False,False,outside_top_20
06,037,201503,06037201503,1400000US06037201503,2015.03,Census Tract 2015.03,G5020,S,439362,0,+34.0851726,-118.1739007,06,037,201503,Census Tract 2015.03; Los Angeles County; California,3141,449,249,126,7.93,191,118,0,14,191,118.8276062201036,72.17239377989641,309.8276062201036,0.6221340639795999,usable_with_caution,6.08,76.71,65486.0,17446.0,0.2664080872247503,False,2,26,2,39,0,13,0.4756224066390041,0.5456431535269709,0.1078838174273859,0.5036307053941909,0.245850622406639,0.30715767634854774,37.29,38.52,708,691,-17,False,False,outside_top_20
06,037,201700,06037201700,1400000US06037201700,2017,Census Tract 2017,G5020,S,1694749,0,+34.0674315,-118.1708887,06,037,201700,Census Tract 2017; Los Angeles County; California,5135,543,956,256,18.62,341,211,24,31,365,213.2650932525058,151.7349067474942,578.2650932525058,0.5842879267191939,usable_with_caution,7.11,38.18,85000.0,18599.0,0.2188117647058823,False,0,27,0,47,0,20,0.6867219917012448,0.6120331950207469,0.28786307053941906,0.6568464730290456,0.4345435684647303,0.44294605809128634,53.86,54.03,439,436,-3,False,False,outside_top_20
06,037,203300,06037203300,1400000US06037203300,2033,Census Tract 2033,G5020,S,1491864,0,+34.0597594,-118.2062827,06,037,203300,Census Tract 2033; Los Angeles County; California,2151,297,450,137,20.92,215,87,0,14,215,88.11923740024082,126.88076259975918,303.1192374002408,0.409856918140655,more_reliable,10.0,47.78,45536.0,20196.0,0.4435172171468728,False,4,23,4,29,0,6,0.5046680497925311,0.7012448132780082,0.03319502074688797,0.5832987551867219,0.16804979253112035,0.2682572614107884,39.02,41.03,681,665,-16,False,False,outside_top_20
06,037,651221,06037651221,1400000US06037651221,6512.21,Census Tract 6512.21,G5020,S,696232,0,+33.8218914,-118.3550066,06,037,651221,Census Tract 6512.21; Los Angeles County; California,3502,608,1408,377,40.21,177,111,0,14,177,111.879399354841,65.12060064515899,288.879399354841,0.6320870020047514,usable_with_caution,5.05,12.57,99844.0,25129.0,0.2516826248948359,False,4,13,6,21,2,8,0.44761410788381745,0.4782157676348548,0.4636929460580913,0.4598547717842324,0.3189834024896266,0.320746887966805,43.24,43.28,623,632,9,False,False,outside_top_20
06,037,554600,06037554600,1400000US06037554600,5546,Census Tract 5546,G5020,S,1054600,0,+33.8836408,-118.0892786,06,037,554600,Census Tract 5546; Los Angeles County; California,3941,633,1215,316,30.83,127,77,0,14,127,78.26237921249263,48.73762078750737,205.26237921249265,0.6162392063975798,usable_with_caution,3.22,10.45,101563.0,35475.0,0.3492905881078739,False,2,16,4,24,2,8,0.33713692946058094,0.3091286307053942,0.48910788381742737,0.32593360995850623,0.3227178423236515,0.31898340248962653,35.79,35.72,729,740,11,False,False,outside_top_20
06,037,620201,06037620201,1400000US06037620201,6202.01,Census Tract 6202.01,G5020,S,229583,183201,+33.9033703,-118.4218562,06,037,620201,Census Tract 6202.01; Los Angeles County; California,1559,359,130,76,8.34,44,42,13,21,57,46.95742752749558,10.042572472504418,103.95742752749558,0.8238145180262383,usable_with_caution,3.66,43.85,196563.0,85921.0,0.4371168531208824,False,0,6,0,7,0,1,0.09802904564315353,0.34647302904564314,0.950207468879668,0.1974066390041494,0.8061203319502075,0.8524896265560167,46.97,47.9,569,555,-14,False,False,outside_top_20
06,037,702002,06037702002,1400000US06037702002,7020.02,Census Tract 7020.02,G5020,S,1014710,252431,+34.0057740,-118.4861752,06,037,702002,Census Tract 7020.02; Los Angeles County; California,6226,610,510,363,8.19,164,143,0,19,164,144.25671561490648,19.74328438509352,308.2567156149065,0.8796141196030883,usable_with_caution,2.63,32.16,103674.0,27054.0,0.2609526014236935,False,2,7,2,7,0,0,0.42271784232365145,0.24221991701244813,0.5145228215767634,0.3505186721991701,0.5816390041493776,0.6989626556016597,42.95,45.3,631,603,-28,False,False,outside_top_20
06,037,267901,06037267901,1400000US06037267901,2679.01,Census Tract 2679.01,G5020,S,1119638,0,+34.0564560,-118.4137158,06,037,267901,Census Tract 2679.01; Los Angeles County; California,3769,637,776,369,20.59,247,209,0,14,247,209.46837470128995,37.53162529871005,456.4683747012899,0.8480501000052224,usable_with_caution,6.55,31.83,195581.0,84305.0,0.4310490282798431,False,2,18,2,33,0,15,0.5554979253112033,0.5778008298755186,0.9470954356846473,0.5644190871369295,0.2878630705394191,0.33080912863070544,58.56,59.42,334,314,-20,False,False,outside_top_20
06,037,269906,06037269906,1400000US06037269906,2699.06,Census Tract 2699.06,G5020,S,207994,0,+34.0249593,-118.4031746,06,037,269906,Census Tract 2699.06; Los Angeles County; California,3151,549,797,457,25.29,113,63,8,12,121,64.13267497929586,56.86732502070414,185.13267497929587,0.5300221072669079,usable_with_caution,3.84,15.18,122308.0,18132.0,0.1482486836511103,False,3,17,4,27,1,10,0.3220954356846473,0.36618257261410786,0.691908713692946,0.33973029045643155,0.2511410788381742,0.28475103734439833,39.24,39.92,677,673,-4,False,False,outside_top_20
06,037,204300,06037204300,1400000US06037204300,2043,Census Tract 2043,G5020,S,643484,0,+34.0387491,-118.2078724,06,037,204300,Census Tract 2043; Los Angeles County; California,4281,929,79,54,1.85,24,21,13,20,37,29.0,8.0,66.0,0.7837837837837838,usable_with_caution,0.86,46.84,61029.0,15055.0,0.2466860017368791,False,4,22,5,28,1,6,0.023340248962655602,0.00933609958506224,0.08402489626556017,0.017738589211618257,0.1720954356846473,0.25020746887966805,6.19,7.75,962,962,0,False,False,outside_top_20
06,037,650003,06037650003,1400000US06037650003,6500.03,Census Tract 6500.03,G5020,S,507940,0,+33.8758732,-118.3390297,06,037,650003,Census Tract 6500.03; Los Angeles County; California,2912,344,914,269,31.39,119,100,34,59,153,116.1077086157504,36.8922913842496,269.1077086157504,0.7588739125212445,usable_with_caution,5.25,16.74,96182.0,14723.0,0.1530743798215882,False,0,15,0,24,0,9,0.399896265560166,0.49377593360995853,0.42323651452282157,0.437448132780083,0.5387966804979254,0.5602697095435685,45.49,45.92,595,592,-3,False,False,outside_top_20
06,037,209510,06037209510,1400000US06037209510,2095.10,Census Tract 2095.10,G5020,S,182484,0,+34.0529626,-118.2819584,06,037,209510,Census Tract 2095.10; Los Angeles County; California,2957,521,675,263,22.83,6,10,43,46,49,47.07440918375928,1.925590816240721,96.07440918375929,0.9607022282399852,usable_with_caution,1.66,7.26,43911.0,7443.0,0.1695019471203115,False,13,49,14,70,1,21,0.060684647302904564,0.11618257261410789,0.03008298755186722,0.08288381742738589,0.011203319502074649,0.049792531120331995,5.8,6.57,963,963,0,False,False,outside_top_20
06,037,210010,06037210010,1400000US06037210010,2100.10,Census Tract 2100.10,G5020,S,408974,0,+34.0468502,-118.2723098,06,037,210010,Census Tract 2100.10; Los Angeles County; California,3012,821,553,177,18.36,143,135,0,14,143,135.72398461583714,7.276015384162861,278.72398461583714,0.9491187735373228,usable_with_caution,4.75,25.86,27320.0,6943.0,0.2541361639824304,False,8,48,9,68,1,20,0.38070539419087135,0.46213692946058094,0.005186721991701245,0.41327800829875516,0.032365145228215764,0.0770746887966805,25.55,26.44,865,858,-7,False,False,outside_top_20
06,037,190902,06037190902,1400000US06037190902,1909.02,Census Tract 1909.02,G5020,S,486991,0,+34.0943950,-118.3190130,06,037,190902,Census Tract 1909.02; Los Angeles County; California,3873,572,205,128,5.29,56,45,0,14,56,47.12748667179272,8.872513328207283,103.12748667179272,0.8415622619962985,usable_with_caution,1.45,27.32,61270.0,16518.0,0.2695936020891137,False,5,21,9,44,4,23,0.08973029045643154,0.08402489626556017,0.08506224066390042,0.08744813278008298,0.16244813278008297,0.13775933609958504,10.2,9.7,958,959,1,False,False,outside_top_20
06,037,191000,06037191000,1400000US06037191000,1910,Census Tract 1910,G5020,S,648704,0,+34.1009548,-118.3216769,06,037,191000,Census Tract 1910; Los Angeles County; California,5426,698,878,393,16.18,396,273,17,27,413,274.33191575170395,138.66808424829603,687.331915751704,0.6642419267595737,usable_with_caution,7.61,47.04,68623.0,6664.0,0.0971102982964895,False,6,16,10,28,4,12,0.7173236514522822,0.6317427385892116,0.12863070539419086,0.683091286307054,0.21379668049792536,0.20020746887966806,47.83,47.56,550,563,13,False,False,outside_top_20
06,037,191120,06037191120,1400000US06037191120,1911.20,Census Tract 1911.20,G5020,S,379659,0,+34.0929287,-118.3047940,06,037,191120,Census Tract 1911.20; Los Angeles County; California,3843,580,373,151,9.71,67,60,0,14,67,61.61168720299745,5.388312797002548,128.61168720299744,0.9195774209402604,usable_with_caution,1.74,17.96,53558.0,17066.0,0.3186452070652377,False,5,27,7,49,2,22,0.13796680497925312,0.129149377593361,0.061203319502074686,0.1344398340248963,0.14470954356846472,0.14107883817427386,12.18,12.11,949,951,2,False,False,outside_top_20
06,037,191420,06037191420,1400000US06037191420,1914.20,Census Tract 1914.20,G5020,S,227178,0,+34.0851215,-118.2881029,06,037,191420,Census Tract 1914.20; Los Angeles County; California,2853,1058,422,243,14.79,188,174,0,14,188,174.56230979223437,13.437690207765629,362.5623097922344,0.9285229244267784,usable_with_caution,6.59,44.55,75597.0,13724.0,0.1815415955659616,False,6,35,7,56,1,21,0.46939834024896265,0.5798755186721992,0.17946058091286307,0.5135892116182573,0.10674273858921163,0.12863070539419086,36.54,36.98,725,721,-4,False,False,outside_top_20
06,037,272100,06037272100,1400000US06037272100,2721,Census Tract 2721,G5020,S,1199293,0,+34.0037101,-118.4422882,06,037,272100,Census Tract 2721; Los Angeles County; California,4550,622,357,155,7.85,129,126,0,14,129,126.77539193392384,2.224608066076172,255.77539193392383,0.9827549762319676,usable_with_caution,2.84,36.13,121719.0,39790.0,0.3269004839014451,False,1,14,1,21,0,7,0.34232365145228216,0.266597510373444,0.6836099585062241,0.3120331950207469,0.45290456431535264,0.5186721991701245,41.45,42.77,650,642,-8,False,False,outside_top_20
06,037,403403,06037403403,1400000US06037403403,4034.03,Census Tract 4034.03,G5020,S,3889027,8226,+34.0313386,-117.8398564,06,037,403403,Census Tract 4034.03; Los Angeles County; California,5061,535,3809,495,75.26,2333,414,321,186,2654,453.8634155778586,2200.1365844221414,3107.863415577858,0.1710110834882662,more_reliable,52.44,69.68,140795.0,32277.0,0.2292481977342945,False,2,10,2,16,0,6,0.9870331950207469,0.983402489626556,0.803941908713693,0.9855809128630706,0.48890041493775926,0.5340248962655602,84.99,85.89,15,10,-5,True,True,stable_top_20
06,037,407302,06037407302,1400000US06037407302,4073.02,Census Tract 4073.02,G5020,S,803838,0,+34.0395101,-117.9608467,06,037,407302,Census Tract 4073.02; Los Angeles County; California,3716,819,410,177,11.03,192,153,4,8,196,153.20900756809309,42.79099243190692,349.20900756809306,0.7816786100412912,usable_with_caution,5.27,47.8,92396.0,21283.0,0.2303454695008442,False,2,12,4,22,2,10,0.48443983402489627,0.49688796680497926,0.37863070539419086,0.48941908713692944,0.43101659751037347,0.3510373443983403,45.56,43.96,594,623,29,False,False,outside_top_20
06,037,530902,06037530902,1400000US06037530902,5309.02,Census Tract 5309.02,G5020,S,523080,0,+34.0445234,-118.1810098,06,037,530902,Census Tract 5309.02; Los Angeles County; California,3600,708,163,81,4.53,136,81,0,14,136,82.20097323024831,53.79902676975169,218.2009732302483,0.6044189208106493,usable_with_caution,3.78,83.44,36548.0,6661.0,0.1822534748823465,False,0,21,0,24,0,3,0.3620331950207469,0.3599585062240664,0.016597510373443983,0.3612033195020747,0.45228215767634855,0.5602697095435685,31.05,33.21,794,769,-25,False,False,outside_top_20
06,037,201200,06037201200,1400000US06037201200,2012,Census Tract 2012,G5020,S,440870,0,+34.0887085,-118.1785472,06,037,201200,Census Tract 2012; Los Angeles County; California,2513,387,136,120,5.41,102,100,0,14,102,100.9752444909147,1.0247555090852956,202.9752444909147,0.9899533773619088,usable_with_caution,4.06,75.0,86786.0,17231.0,0.1985458484087295,False,2,21,2,31,0,10,0.2619294605809129,0.3879668049792531,0.3049792531120332,0.31234439834024896,0.2601659751037344,0.34481327800829875,30.04,31.74,802,787,-15,False,False,outside_top_20
06,037,191203,06037191203,1400000US06037191203,1912.03,Census Tract 1912.03,G5020,S,205208,0,+34.0931674,-118.2939076,06,037,191203,Census Tract 1912.03; Los Angeles County; California,1945,337,560,323,28.79,122,109,0,14,122,109.89540481748998,12.104595182510025,231.89540481749,0.9007820067007376,usable_with_caution,6.27,21.79,41810.0,22685.0,0.5425735469983257,False,4,30,6,50,2,20,0.3241701244813278,0.558091286307054,0.026970954356846474,0.41773858921161827,0.15062240663900417,0.15020746887966807,28.62,28.61,820,820,0,False,False,outside_top_20
06,037,135201,06037135201,1400000US06037135201,1352.01,Census Tract 1352.01,G5020,S,1531444,351,+34.1903616,-118.6261323,06,037,135201,Census Tract 1352.01; Los Angeles County; California,2861,499,309,88,10.8,85,64,0,14,85,65.5133574166368,19.486642583363206,150.51335741663678,0.7707453813721976,usable_with_caution,2.97,27.51,143125.0,36323.0,0.2537851528384279,False,2,9,2,11,0,2,0.20487551867219916,0.2816390041493776,0.8101659751037344,0.23558091286307054,0.5212655601659751,0.6276970954356846,40.76,42.89,659,639,-20,False,False,outside_top_20
06,037,408402,06037408402,1400000US06037408402,4084.02,Census Tract 4084.02,G5020,S,11568251,2068,+34.0145909,-118.0024823,06,037,408402,Census Tract 4084.02; Los Angeles County; California,6152,669,1285,533,20.89,698,414,15,24,713,414.6950686950594,298.3049313049406,1127.6950686950595,0.5816200121950342,usable_with_caution,11.59,55.49,109828.0,19330.0,0.1760024765997742,False,0,5,0,6,0,1,0.8101659751037344,0.7406639004149378,0.578838174273859,0.7823651452282158,0.8350622406639003,0.8686721991701245,75.22,75.89,81,67,-14,False,False,outside_top_20
06,037,404701,06037404701,1400000US06037404701,4047.01,Census Tract 4047.01,G5020,S,1544164,163056,+34.0721312,-117.9962625,06,037,404701,Census Tract 4047.01; Los Angeles County; California,5362,708,994,210,18.54,522,200,0,19,522,200.9004728715192,321.0995271284809,722.9004728715191,0.3848668062672781,more_reliable,9.74,52.52,75117.0,12927.0,0.1720915372019649,False,0,14,0,22,0,8,0.7608921161825726,0.6991701244813278,0.17219917012448133,0.7362033195020746,0.5649377593360996,0.5923236514522822,58.91,59.46,324,313,-11,False,False,outside_top_20
06,037,262301,06037262301,1400000US06037262301,2623.01,Census Tract 2623.01,G5020,S,13055740,1359,+34.0925404,-118.4910639,06,037,262301,Census Tract 2623.01; Los Angeles County; California,2988,282,347,143,11.61,112,76,20,29,132,81.34494452638098,50.655055473619015,213.34494452638097,0.6162495797453105,usable_with_caution,4.42,38.04,250001.0,,,True,0,0,0,0,0,0,0.3506224066390041,0.4221991701244813,0.9948132780082988,0.379253112033195,0.929045643153527,0.9436721991701245,61.23,61.52,282,270,-12,False,False,outside_top_20
06,037,212203,06037212203,1400000US06037212203,2122.03,Census Tract 2122.03,G5020,S,106312,0,+34.0597621,-118.2903562,06,037,212203,Census Tract 2122.03; Los Angeles County; California,2830,468,984,239,34.77,249,146,0,14,249,146.66969693839283,102.33030306160715,395.6696969383928,0.589034927463425,usable_with_caution,8.8,25.3,30482.0,8879.0,0.2912866609802506,False,13,50,19,68,6,18,0.5622406639004149,0.66701244813278,0.00933609958506224,0.604149377593361,0.006535269709543545,0.04512448132780085,36.57,37.34,723,715,-8,False,False,outside_top_20
06,037,433901,06037433901,1400000US06037433901,4339.01,Census Tract 4339.01,G5020,S,720929,0,+34.0587041,-118.0200912,06,037,433901,Census Tract 4339.01; Los Angeles County; California,5076,660,1232,404,24.27,697,369,37,49,734,372.2391704267567,361.7608295732433,1106.2391704267566,0.5071378343688783,usable_with_caution,14.46,59.58,70313.0,9286.0,0.1320666164151721,False,2,13,3,20,1,7,0.8122406639004149,0.783195020746888,0.14315352697095435,0.8006224066390042,0.4011410788381743,0.4154564315352697,58.92,59.21,323,320,-3,False,False,outside_top_20
06,037,194200,06037194200,1400000US06037194200,1942,Census Tract 1942,G5020,S,2603216,0,+34.1035086,-118.3749964,06,037,194200,Census Tract 1942; Los Angeles County; California,3389,565,370,264,10.92,159,132,0,14,159,132.74034804836094,26.259651951639057,291.74034804836094,0.8348449562789997,usable_with_caution,4.69,42.97,143466.0,80594.0,0.5617637628427642,False,0,7,1,16,1,9,0.41234439834024894,0.4528008298755187,0.8112033195020747,0.4285269709543569,0.7737551867219918,0.600207468879668,57.41,53.94,359,443,84,False,False,outside_top_20
06,037,404901,06037404901,1400000US06037404901,4049.01,Census Tract 4049.01,G5020,S,1141674,169,+34.0971903,-117.9770770,06,037,404901,Census Tract 4049.01; Los Angeles County; California,4898,878,1058,530,21.6,433,330,0,14,433,330.2968361943541,102.70316380564589,763.2968361943541,0.7628102452525499,usable_with_caution,8.84,40.93,98281.0,39359.0,0.4004741506496678,False,1,8,1,13,0,5,0.7271784232365145,0.6706431535269709,0.44813278008298757,0.704564315352697,0.6321576763485477,0.6571576763485477,63.88,64.38,235,209,-26,False,False,outside_top_20
06,037,183620,06037183620,1400000US06037183620,1836.20,Census Tract 1836.20,G5020,S,517470,0,+34.1151760,-118.1898523,06,037,183620,Census Tract 1836.20; Los Angeles County; California,2967,392,356,164,12.0,119,81,0,14,119,82.20097323024831,36.79902676975169,201.2009732302483,0.6907644809264564,usable_with_caution,4.01,33.43,112476.0,20543.0,0.1826434083715637,False,3,9,4,12,1,3,0.31431535269709543,0.3817427385892116,0.6016597510373444,0.3412863070539419,0.46898340248962656,0.5209543568464731,41.89,42.93,644,638,-6,False,False,outside_top_20
06,037,400205,06037400205,1400000US06037400205,4002.05,Census Tract 4002.05,G5020,S,23546199,341777,+34.1521556,-117.7176795,06,037,400205,Census Tract 4002.05; Los Angeles County; California,2482,319,383,196,15.43,158,136,29,33,187,139.94641831786907,47.053581682130925,326.9464183178691,0.7483765685447544,usable_with_caution,7.53,48.83,208906.0,23839.0,0.1141135247431859,False,0,2,0,3,0,1,0.46680497925311204,0.6296680497925311,0.9636929460580913,0.5319502074688797,0.8926348547717843,0.9060165975103736,69.04,69.31,151,140,-11,False,False,outside_top_20
06,037,262601,06037262601,1400000US06037262601,2626.01,Census Tract 2626.01,G5020,S,3620351,0,+34.0738344,-118.5557893,06,037,262601,Census Tract 2626.01; Los Angeles County; California,3446,380,369,125,10.71,168,116,0,14,168,116.84177335182824,51.15822664817176,284.84177335182824,0.6954867461418347,usable_with_caution,4.88,45.53,222400.0,87750.0,0.3945593525179856,False,0,0,0,0,0,0,0.4263485477178423,0.46939834024896265,0.975103734439834,0.44356846473029043,0.929045643153527,0.9436721991701245,64.7,64.99,217,198,-19,False,False,outside_top_20
06,037,300100,06037300100,1400000US06037300100,3001,Census Tract 3001,G5020,S,4591342,18657,+34.2442558,-118.2325716,06,037,300100,Census Tract 3001; Los Angeles County; California,6148,611,1710,392,27.81,266,211,0,19,266,211.8537231204588,54.14627687954123,477.8537231204588,0.7964425681220254,usable_with_caution,4.33,15.56,183162.0,34818.0,0.1900940151341435,False,0,1,0,3,0,2,0.5824688796680498,0.4149377593360996,0.9263485477178424,0.5154564315352698,0.9122406639004149,0.9060165975103736,67.7,67.57,167,164,-3,False,False,outside_top_20
06,037,300200,06037300200,1400000US06037300200,3002,Census Tract 3002,G5020,S,1943986,10136,+34.2283768,-118.2386852,06,037,300200,Census Tract 3002; Los Angeles County; California,5697,616,1594,425,27.98,182,176,0,19,182,177.02259742756007,4.977402572439928,359.0225974275601,0.972651634217363,usable_with_caution,3.19,11.42,121442.0,45217.0,0.3723341183445595,False,1,1,3,3,2,2,0.4538381742738589,0.30446058091286304,0.6804979253112033,0.39408713692946057,0.800207468879668,0.7020746887966806,53.26,51.3,455,486,31,False,False,outside_top_20
06,037,300400,06037300400,1400000US06037300400,3004,Census Tract 3004,G5020,S,2004011,4708,+34.2284548,-118.2563999,06,037,300400,Census Tract 3004; Los Angeles County; California,5486,929,1660,466,30.26,131,145,53,89,184,170.13524032369074,13.864759676309262,354.1352403236907,0.9246480452374496,usable_with_caution,3.35,11.08,136359.0,45539.0,0.3339640214433957,False,0,1,1,3,1,2,0.45954356846473027,0.31950207468879666,0.7873443983402489,0.4035269709543568,0.9122406639004149,0.8186721991701245,58.2,56.33,342,383,41,False,False,outside_top_20
06,037,300902,06037300902,1400000US06037300902,3009.02,Census Tract 3009.02,G5020,S,4391843,7548,+34.1545652,-118.2003124,06,037,300902,Census Tract 3009.02; Los Angeles County; California,2051,433,386,153,18.82,35,31,0,14,35,34.0147027033899,0.9852972966100992,69.0147027033899,0.9718486486682828,usable_with_caution,1.71,9.07,186250.0,68372.0,0.3670979865771812,False,0,6,0,8,0,2,0.01711618257261411,0.12551867219917012,0.9325726141078838,0.060477178423236515,0.8061203319502075,0.8359958506224067,38.4,39.0,693,682,-11,False,False,outside_top_20
06,037,301400,06037301400,1400000US06037301400,3014,Census Tract 3014,G5020,S,1580779,16074,+34.1815516,-118.2829278,06,037,301400,Census Tract 3014; Los Angeles County; California,3967,551,242,118,6.1,50,40,0,14,50,42.37924020083418,7.620759799165818,92.37924020083418,0.8475848040166837,usable_with_caution,1.26,20.66,150116.0,35326.0,0.2353246822457299,False,0,3,0,7,0,4,0.06535269709543569,0.052904564315352696,0.8340248962655602,0.06037344398340249,0.8733402489626556,0.8524896265560167,37.77,37.35,704,713,9,False,False,outside_top_20
06,037,301602,06037301602,1400000US06037301602,3016.02,Census Tract 3016.02,G5020,S,985485,9553,+34.1621154,-118.2987272,06,037,301602,Census Tract 3016.02; Los Angeles County; California,3597,542,248,86,6.89,26,24,8,14,34,27.784887978899608,6.215112021100392,61.7848879788996,0.8172025876146943,usable_with_caution,0.95,13.71,76625.0,19604.0,0.2558433931484502,False,1,4,1,10,0,6,0.01504149377593361,0.017634854771784232,0.18672199170124482,0.016078838174273857,0.7435684647302905,0.7131742738589211,19.57,18.96,917,922,5,False,False,outside_top_20
06,037,301702,06037301702,1400000US06037301702,3017.02,Census Tract 3017.02,G5020,S,829045,0,+34.1511594,-118.2692641,06,037,301702,Census Tract 3017.02; Los Angeles County; California,5795,888,822,318,14.18,41,42,16,27,57,49.92995093127971,7.070049068720287,106.9299509312797,0.8759640514259599,usable_with_caution,0.98,6.93,84067.0,18667.0,0.2220490799005555,False,0,4,2,8,2,4,0.09802904564315353,0.021265560165975105,0.2691908713692946,0.06732365145228215,0.8556016597510374,0.6824688796680498,26.54,23.07,853,889,36,False,False,outside_top_20
06,037,311000,06037311000,1400000US06037311000,3110,Census Tract 3110,G5020,S,1321818,684,+34.1848980,-118.3441650,06,037,311000,Census Tract 3110; Los Angeles County; California,3768,448,628,246,16.67,126,132,14,22,140,133.82077566656082,6.17922433343918,273.82077566656085,0.9558626833325772,usable_with_caution,3.72,22.29,121000.0,23244.0,0.192099173553719,False,1,8,1,14,0,6,0.370850622406639,0.35269709543568467,0.6753112033195021,0.3635892116182573,0.6321576763485477,0.6391078838174273,47.96,48.1,547,551,4,False,False,outside_top_20
06,037,222600,06037222600,1400000US06037222600,2226,Census Tract 2226,G5020,S,651938,0,+34.0218424,-118.2958710,06,037,222600,Census Tract 2226; Los Angeles County; California,4907,765,1145,398,23.33,769,327,53,88,822,338.6340207362515,483.3659792637485,1160.6340207362514,0.4119635288762183,more_reliable,16.75,71.79,45260.0,13436.0,0.2968625718073354,False,2,46,3,59,1,13,0.83298755186722,0.8101659751037344,0.032157676348547715,0.8238589211618257,0.1671161825726141,0.21317427385892118,53.42,54.34,450,429,-21,False,False,outside_top_20
06,037,407101,06037407101,1400000US06037407101,4071.01,Census Tract 4071.01,G5020,S,1135255,0,+34.0478649,-117.9723257,06,037,407101,Census Tract 4071.01; Los Angeles County; California,4155,650,407,159,9.8,294,162,0,14,294,162.60381299342276,131.39618700657724,456.6038129934228,0.5530741938551794,usable_with_caution,7.08,72.24,68333.0,31533.0,0.4614607876135981,False,0,11,0,19,0,8,0.6177385892116183,0.6109958506224067,0.12655601659751037,0.6150414937759336,0.6514522821576764,0.6371369294605809,52.46,52.18,469,471,2,False,False,outside_top_20
06,037,482502,06037482502,1400000US06037482502,4825.02,Census Tract 4825.02,G5020,S,640664,0,+34.0589818,-118.1037641,06,037,482502,Census Tract 4825.02; Los Angeles County; California,3513,470,2664,413,75.83,1708,429,22,37,1730,430.5926148925455,1299.4073851074545,2160.592614892545,0.2488974652558066,more_reliable,49.25,64.94,62236.0,13812.0,0.221929429911948,False,3,48,6,88,3,40,0.9439834024896265,0.9699170124481328,0.08921161825726141,0.954356846473029,0.1058091286307054,0.07520746887966807,61.16,60.55,285,293,8,False,False,outside_top_20
06,037,302202,06037302202,1400000US06037302202,3022.02,Census Tract 3022.02,G5020,S,511545,0,+34.1407531,-118.2485559,06,037,302202,Census Tract 3022.02; Los Angeles County; California,4946,822,403,151,8.15,42,39,11,17,53,42.5440947723653,10.455905227634702,95.5440947723653,0.8027187692899113,usable_with_caution,1.07,13.15,52348.0,7781.0,0.1486398716283334,False,3,5,6,11,3,6,0.07468879668049792,0.032157676348547715,0.05912863070539419,0.057676348547717846,0.5906639004149377,0.495954356846473,16.46,14.56,930,941,11,False,False,outside_top_20
06,037,139703,06037139703,1400000US06037139703,1397.03,Census Tract 1397.03,G5020,S,4728892,0,+34.1445790,-118.5320785,06,037,139703,Census Tract 1397.03; Los Angeles County; California,2663,381,190,87,7.13,60,44,21,25,81,50.60632371551998,30.393676284480023,131.60632371551998,0.6247694285866664,usable_with_caution,3.04,42.63,223750.0,61762.0,0.2760312849162011,False,0,5,0,8,0,3,0.18931535269709543,0.29045643153526973,0.9761410788381742,0.22977178423236516,0.8350622406639003,0.8359958506224067,50.01,50.03,505,513,8,False,False,outside_top_20
06,037,430502,06037430502,1400000US06037430502,4305.02,Census Tract 4305.02,G5020,S,2942903,1007,+34.1620530,-118.0529190,06,037,430502,Census Tract 4305.02; Los Angeles County; California,6709,491,1346,447,20.06,753,321,167,255,920,409.9585344885504,510.0414655114496,1329.9585344885504,0.4456071027049461,more_reliable,13.71,68.35,113965.0,36499.0,0.3202649936383978,False,0,12,0,23,0,11,0.8589211618257261,0.7728215767634855,0.6089211618257261,0.8244813278008298,0.6231327800829876,0.5758298755186722,74.11,73.16,90,94,4,False,False,outside_top_20
06,037,300702,06037300702,1400000US06037300702,3007.02,Census Tract 3007.02,G5020,S,11433435,58433,+34.1833023,-118.2644781,06,037,300702,Census Tract 3007.02; Los Angeles County; California,5806,733,482,202,8.3,92,68,0,19,92,70.60453243241541,21.39546756758459,162.6045324324154,0.7674405699175588,usable_with_caution,1.58,19.09,155368.0,8702.0,0.0560089593738736,False,0,4,0,10,0,6,0.22821576763485477,0.1016597510373444,0.8537344398340249,0.1775933609958506,0.8556016597510374,0.8005186721991702,44.84,43.74,600,625,25,False,False,outside_top_20
06,037,115302,06037115302,1400000US06037115302,1153.02,Census Tract 1153.02,G5020,S,832983,4830,+34.2259651,-118.5503049,06,037,115302,Census Tract 1153.02; Los Angeles County; California,3749,435,410,103,10.94,57,54,0,14,57,55.78530272392541,1.2146972760745882,112.7853027239254,0.9786895214723756,usable_with_caution,1.52,13.9,73547.0,17303.0,0.2352645247256856,False,1,8,2,13,1,5,0.09802904564315353,0.09336099585062241,0.15975103734439833,0.09616182572614107,0.6321576763485477,0.5909751037344398,21.61,20.78,904,908,4,False,False,outside_top_20
06,037,211420,06037211420,1400000US06037211420,2114.20,Census Tract 2114.20,G5020,S,381085,0,+34.0726363,-118.3029423,06,037,211420,Census Tract 2114.20; Los Angeles County; California,3438,392,1025,275,29.81,82,47,0,14,82,49.04079934095692,32.959200659043084,131.0407993409569,0.598058528548255,usable_with_caution,2.39,8.0,55563.0,15191.0,0.2734013642171949,False,7,41,14,61,7,20,0.19294605809128632,0.20280082987551867,0.06639004149377593,0.19688796680497928,0.07199170124481324,0.08091286307053941,14.58,14.76,937,939,2,False,False,outside_top_20
06,037,480302,06037480302,1400000US06037480302,4803.02,Census Tract 4803.02,G5020,S,1050464,0,+34.1012449,-118.1218022,06,037,480302,Census Tract 4803.02; Los Angeles County; California,3903,485,1797,383,46.04,1148,334,47,51,1195,337.87127726399,857.12872273601,1532.87127726399,0.2827374705137991,more_reliable,30.62,66.5,110000.0,24454.0,0.2223090909090909,False,6,41,12,85,6,44,0.8936721991701245,0.8941908713692946,0.5809128630705395,0.8938796680497926,0.08153526970954354,0.03724066390041496,66.88,66.0,178,185,7,False,False,outside_top_20
06,037,124500,06037124500,1400000US06037124500,1245,Census Tract 1245,G5020,S,807913,0,+34.1722741,-118.4267703,06,037,124500,Census Tract 1245; Los Angeles County; California,2791,377,310,215,11.11,17,21,9,15,26,25.80697580112788,0.1930241988721199,51.80697580112788,0.9925759923510724,usable_with_caution,0.93,8.39,80495.0,15540.0,0.1930554692838064,False,1,16,1,19,0,3,0.0036307053941908715,0.01504149377593361,0.229253112033195,0.008195020746887967,0.4028008298755187,0.549792531120332,13.13,16.07,945,934,-11,False,False,outside_top_20
06,037,301203,06037301203,1400000US06037301203,3012.03,Census Tract 3012.03,G5020,S,547434,0,+34.1662572,-118.2609478,06,037,301203,Census Tract 3012.03; Los Angeles County; California,3794,443,364,130,9.59,55,41,0,14,55,43.32435804486894,11.675641955131065,98.32435804486894,0.7877156008157988,usable_with_caution,1.45,15.11,80852.0,13043.0,0.1613194478800771,False,0,4,0,7,0,3,0.08246887966804979,0.08402489626556017,0.23236514522821577,0.08309128630705395,0.8556016597510374,0.8524896265560167,26.74,26.68,850,853,3,False,False,outside_top_20
06,037,108103,06037108103,1400000US06037108103,1081.03,Census Tract 1081.03,G5020,S,2564931,0,+34.2864260,-118.5399996,06,037,108103,Census Tract 1081.03; Los Angeles County; California,3199,375,982,239,30.7,127,90,6,24,133,93.14504817756014,39.85495182243986,226.1450481775601,0.700338708101956,usable_with_caution,4.16,13.54,159677.0,27479.0,0.1720911590272863,False,0,4,0,4,0,0,0.3552904564315353,0.3983402489626556,0.8713692946058091,0.3725103734439834,0.8556016597510374,0.8935684647302904,56.89,57.65,367,354,-13,False,False,outside_top_20
06,037,620001,06037620001,1400000US06037620001,6200.01,Census Tract 6200.01,G5020,S,1163578,0,+33.9274048,-118.4038218,06,037,620001,Census Tract 6200.01; Los Angeles County; California,4242,437,446,134,10.51,157,99,0,14,157,99.98499887483122,57.01500112516878,256.9849988748312,0.6368471265912816,usable_with_caution,3.7,35.2,164141.0,15213.0,0.092682510768181,False,2,10,2,12,0,2,0.4066390041493776,0.35114107883817425,0.8879668049792531,0.38443983402489623,0.48890041493775926,0.6087136929460581,50.6,53.0,495,462,-33,False,False,outside_top_20
06,037,400501,06037400501,1400000US06037400501,4005.01,Census Tract 4005.01,G5020,S,11741511,10499,+34.1610929,-117.8642089,06,037,400501,Census Tract 4005.01; Los Angeles County; California,1839,271,258,125,14.03,120,70,5,8,125,70.45565981523414,54.54434018476586,195.45565981523413,0.5636452785218732,usable_with_caution,6.8,48.45,100625.0,75168.0,0.7470111801242236,False,0,1,0,3,0,2,0.33143153526970953,0.5923236514522822,0.47717842323651455,0.4357883817427386,0.9122406639004149,0.9060165975103736,53.94,53.81,435,445,10,False,False,outside_top_20
06,037,401303,06037401303,1400000US06037401303,4013.03,Census Tract 4013.03,G5020,S,5799444,3931,+34.0673148,-117.8138235,06,037,401303,Census Tract 4013.03; Los Angeles County; California,2246,377,684,196,30.45,369,187,39,52,408,194.09533739891847,213.90466260108155,602.0953373989184,0.4757238661738198,more_reliable,18.17,59.65,161397.0,47972.0,0.2972298122022094,False,0,5,0,5,0,0,0.7131742738589212,0.8226141078838174,0.8755186721991701,0.7569502074688796,0.8350622406639003,0.8814315352697095,79.63,80.56,42,34,-8,False,False,outside_top_20
06,037,401304,06037401304,1400000US06037401304,4013.04,Census Tract 4013.04,G5020,S,8887768,994226,+34.0851077,-117.8182916,06,037,401304,Census Tract 4013.04; Los Angeles County; California,4938,534,1218,454,24.67,618,335,141,199,759,389.6485596021112,369.3514403978888,1148.6485596021112,0.5133709612676037,usable_with_caution,15.37,62.32,139483.0,28751.0,0.2061254776567753,False,0,3,0,3,0,0,0.8195020746887967,0.7987551867219918,0.7987551867219918,0.8112033195020747,0.8733402489626556,0.9060165975103736,82.11,82.77,28,22,-6,False,False,outside_top_20
06,037,311500,06037311500,1400000US06037311500,3115,Census Tract 3115,G5020,S,1494639,1603,+34.1648374,-118.3382685,06,037,311500,Census Tract 3115; Los Angeles County; California,6026,1127,739,384,12.26,54,64,17,27,71,69.46221994724903,1.5377800527509748,140.46221994724905,0.978341126017592,usable_with_caution,1.18,9.61,137589.0,20781.0,0.1510367834637943,False,1,9,3,15,2,6,0.14782157676348548,0.04564315352697095,0.7935684647302904,0.10695020746887968,0.6013485477178423,0.5022821576763485,34.32,32.33,755,776,21,False,False,outside_top_20
06,037,301000,06037301000,1400000US06037301000,3010,Census Tract 3010,G5020,S,2048659,21482,+34.1564802,-118.2309561,06,037,301000,Census Tract 3010; Los Angeles County; California,5390,771,668,280,12.39,63,54,0,19,63,57.24508712544685,5.754912874553156,120.24508712544684,0.9086521765943943,usable_with_caution,1.17,9.43,116094.0,57037.0,0.4913001533240305,False,2,4,2,8,0,4,0.11981327800829876,0.044605809128630707,0.6286307053941909,0.08973029045643154,0.6634854771784233,0.6824688796680498,31.23,31.61,792,788,-4,False,False,outside_top_20
06,037,620301,06037620301,1400000US06037620301,6203.01,Census Tract 6203.01,G5020,S,1038671,0,+33.8984626,-118.4050812,06,037,620301,Census Tract 6203.01; Los Angeles County; California,4270,483,342,163,8.01,92,80,13,22,105,82.96987405076617,22.030125949233835,187.96987405076615,0.7901892766739634,usable_with_caution,2.46,30.7,241250.0,64972.0,0.2693139896373057,False,1,6,1,9,0,3,0.27022821576763484,0.21058091286307054,0.9844398340248963,0.2463692946058091,0.6940871369294606,0.7318464730290457,48.35,49.11,539,532,-7,False,False,outside_top_20
06,037,401201,06037401201,1400000US06037401201,4012.01,Census Tract 4012.01,G5020,S,2342228,261,+34.1250330,-117.8360111,06,037,401201,Census Tract 4012.01; Los Angeles County; California,3502,781,312,229,8.91,199,179,0,14,199,179.5466513193716,19.45334868062841,378.5466513193716,0.902244478991817,usable_with_caution,5.68,63.78,146125.0,32391.0,0.2216663815226689,False,1,4,1,6,0,2,0.487551867219917,0.5217842323651453,0.8205394190871369,0.5012448132780083,0.7435684647302905,0.7813278008298756,61.36,62.11,277,256,-21,False,False,outside_top_20
06,037,401202,06037401202,1400000US06037401202,4012.02,Census Tract 4012.02,G5020,S,3146115,36782,+34.1133365,-117.8336970,06,037,401202,Census Tract 4012.02; Los Angeles County; California,4162,500,536,107,12.88,116,110,32,51,148,121.24768039018312,26.752319609816865,269.2476803901831,0.8192410837174536,usable_with_caution,3.56,27.61,110750.0,26857.0,0.2425011286681715,False,1,5,1,7,0,2,0.391597510373444,0.3412863070539419,0.5881742738589212,0.37147302904564317,0.7230290456431535,0.7651452282157676,48.51,49.35,538,526,-12,False,False,outside_top_20
06,037,401203,06037401203,1400000US06037401203,4012.03,Census Tract 4012.03,G5020,S,1903093,1627,+34.1119792,-117.8504216,06,037,401203,Census Tract 4012.03; Los Angeles County; California,4967,731,368,140,7.41,146,98,0,14,146,98.99494936611666,47.00505063388334,244.99494936611663,0.6780475983980593,usable_with_caution,2.94,39.67,101208.0,15177.0,0.1499585013042447,False,0,5,0,7,0,2,0.3879668049792531,0.27800829875518673,0.483402489626556,0.34398340248962656,0.8350622406639003,0.8524896265560167,47.01,47.36,568,567,-1,False,False,outside_top_20
06,037,401312,06037401312,1400000US06037401312,4013.12,Census Tract 4013.12,G5020,S,2807850,0,+34.0988537,-117.8289334,06,037,401312,Census Tract 4013.12; Los Angeles County; California,4645,467,762,230,16.4,219,135,68,71,287,152.5319638633162,134.4680361366838,439.5319638633162,0.5314702573634711,usable_with_caution,6.18,37.66,87944.0,19543.0,0.2222209587919585,False,1,5,1,5,0,0,0.6099585062240664,0.553941908713693,0.3163900414937759,0.587551867219917,0.7230290456431535,0.7940871369294606,56.04,57.46,388,357,-31,False,False,outside_top_20
06,037,403401,06037403401,1400000US06037403401,4034.01,Census Tract 4034.01,G5020,S,2305829,0,+34.0082843,-117.8649253,06,037,403401,Census Tract 4034.01; Los Angeles County; California,4705,554,2895,560,61.53,1540,449,211,204,1751,493.1703559623186,1257.8296440376814,2244.1703559623184,0.2816506887277661,more_reliable,37.22,60.48,114231.0,16879.0,0.1477619910532167,False,1,12,2,29,1,17,0.946058091286307,0.9201244813278008,0.6099585062240664,0.9356846473029046,0.5110995850622406,0.3560165975103734,78.56,75.46,53,76,23,False,False,outside_top_20
06,037,433601,06037433601,1400000US06037433601,4336.01,Census Tract 4336.01,G5020,S,1125458,0,+34.0670821,-118.0761201,06,037,433601,Census Tract 4336.01; Los Angeles County; California,4832,609,3294,596,68.17,1764,459,0,14,1764,459.2134579909435,1304.7865420090566,2223.2134579909434,0.2603250895640269,more_reliable,36.51,53.55,78462.0,13332.0,0.169916647549132,False,7,38,12,72,5,34,0.9470954356846473,0.9149377593360996,0.2012448132780083,0.9342323651452282,0.08630705394190868,0.050933609958506196,61.8,61.1,266,280,14,False,False,outside_top_20
06,037,401500,06037401500,1400000US06037401500,4015,Census Tract 4015,G5020,S,4770431,0,+34.0968737,-117.7786550,06,037,401500,Census Tract 4015; Los Angeles County; California,5993,936,584,155,9.74,204,174,38,49,242,180.76780686836912,61.23219313163088,422.7678068683691,0.7469744085469798,usable_with_caution,4.04,41.44,89034.0,10870.0,0.1220881910281465,False,0,8,0,11,0,3,0.5466804979253111,0.38589211618257263,0.3329875518672199,0.4823651452282157,0.7441908713692946,0.7812240663900415,50.49,51.23,499,487,-12,False,False,outside_top_20
06,037,401602,06037401602,1400000US06037401602,4016.02,Census Tract 4016.02,G5020,S,2026780,0,+34.1060811,-117.7639868,06,037,401602,Census Tract 4016.02; Los Angeles County; California,5344,701,446,181,8.35,114,104,13,19,127,105.72133181151284,21.278668188487146,232.72133181151287,0.8324514315867154,usable_with_caution,2.38,28.48,78487.0,16478.0,0.209945596085976,False,2,6,3,9,1,3,0.33713692946058094,0.20020746887966806,0.2033195020746888,0.28236514522821576,0.6140041493775934,0.6152489626556017,33.29,33.31,767,767,0,False,False,outside_top_20
06,037,403402,06037403402,1400000US06037403402,4034.02,Census Tract 4034.02,G5020,S,1737142,0,+34.0180144,-117.8559099,06,037,403402,Census Tract 4034.02; Los Angeles County; California,3241,381,1991,499,61.43,1085,342,137,112,1222,359.87219953755806,862.1278004624419,1581.872199537558,0.2944944349734518,more_reliable,37.7,61.38,126625.0,22799.0,0.1800513326752221,False,0,13,1,24,1,11,0.8978215767634855,0.9232365145228216,0.725103734439834,0.9079875518672199,0.5932572614107885,0.4729253112033195,80.85,78.44,35,44,9,False,False,outside_top_20
06,037,403404,06037403404,1400000US06037403404,4034.04,Census Tract 4034.04,G5020,S,2389804,1424,+34.0292579,-117.8513684,06,037,403404,Census Tract 4034.04; Los Angeles County; California,2114,286,1395,217,65.99,896,216,139,94,1035,235.5674001214939,799.4325998785062,1270.5674001214938,0.2276013527743902,more_reliable,48.96,74.19,173289.0,34814.0,0.2009013843925465,False,0,7,0,10,0,3,0.8796680497925311,0.9688796680497925,0.9107883817427386,0.9153526970954358,0.7737551867219918,0.8005186721991702,88.61,89.15,5,2,-3,True,True,stable_top_20
06,037,430101,06037430101,1400000US06037430101,4301.01,Census Tract 4301.01,G5020,S,1989698,0,+34.1375500,-117.9755734,06,037,430101,Census Tract 4301.01; Los Angeles County; California,4850,566,806,214,16.62,411,168,0,14,411,168.58232410309213,242.41767589690787,579.5823241030921,0.4101759710537521,more_reliable,8.47,50.99,63584.0,16147.0,0.2539475339708102,False,2,6,2,11,0,5,0.7147302904564315,0.6587136929460581,0.09647302904564316,0.6923236514522821,0.6140041493775934,0.6276970954356846,55.75,56.02,395,390,-5,False,False,outside_top_20
06,037,430102,06037430102,1400000US06037430102,4301.02,Census Tract 4301.02,G5020,S,1287327,0,+34.1285937,-117.9800384,06,037,430102,Census Tract 4301.02; Los Angeles County; California,4938,650,592,288,11.99,545,295,0,14,545,295.33201655086435,249.66798344913565,840.3320165508644,0.5418936083502098,usable_with_caution,11.04,92.06,102917.0,23592.0,0.2292332656412448,False,2,8,2,14,0,6,0.7728215767634855,0.725103734439834,0.5046680497925311,0.7537344398340249,0.5520746887966805,0.5729253112033195,66.36,66.78,181,177,-4,False,False,outside_top_20
06,037,434001,06037434001,1400000US06037434001,4340.01,Census Tract 4340.01,G5020,S,1073132,0,+34.0521631,-118.0141812,06,037,434001,Census Tract 4340.01; Los Angeles County; California,4463,523,1385,457,31.03,1235,446,0,14,1235,446.2196768409031,788.780323159097,1681.219676840903,0.3613114792234033,more_reliable,27.67,89.17,84102.0,9018.0,0.1072269387172718,False,2,13,3,19,1,6,0.9014522821576764,0.8827800829875518,0.27074688796680496,0.8939834024896265,0.4011410788381743,0.433195020746888,67.08,67.72,176,161,-15,False,False,outside_top_20
06,037,463200,06037463200,1400000US06037463200,4632,Census Tract 4632,G5020,S,1628599,0,+34.1403957,-118.0894883,06,037,463200,Census Tract 4632; Los Angeles County; California,3291,480,812,417,24.67,503,369,17,27,520,369.9864862397004,150.01351376029965,889.9864862397003,0.7115124735378853,usable_with_caution,15.8,64.04,106105.0,17898.0,0.1686819659770981,False,0,12,0,31,0,19,0.758298755186722,0.8018672199170125,0.5508298755186722,0.7757261410788381,0.6231327800829876,0.4983402489626556,70.02,67.53,133,166,33,False,False,outside_top_20
06,037,463300,06037463300,1400000US06037463300,4633,Census Tract 4633,G5020,S,659664,0,+34.1392218,-118.1025240,06,037,463300,Census Tract 4633; Los Angeles County; California,1918,344,583,223,30.4,273,100,9,13,282,100.84145972763385,181.15854027236617,382.8414597276338,0.3575938288213966,more_reliable,14.7,48.37,123317.0,16611.0,0.1347016226473235,False,0,10,1,29,1,19,0.6073651452282157,0.7883817427385892,0.7012448132780082,0.6797717842323652,0.6810165975103735,0.42219917012448127,68.43,63.26,160,235,75,False,False,outside_top_20
06,037,463400,06037463400,1400000US06037463400,4634,Census Tract 4634,G5020,S,1926653,3397,+34.1413741,-118.1123757,06,037,463400,Census Tract 4634; Los Angeles County; California,5687,717,1670,444,29.37,775,306,57,97,832,321.00623046912966,510.9937695308704,1153.0062304691296,0.3858247962369346,more_reliable,14.63,49.82,125769.0,35906.0,0.2854916553363706,False,0,6,1,15,1,9,0.8350622406639004,0.7863070539419087,0.7136929460580913,0.8155601659751037,0.8061203319502075,0.6188796680497926,79.33,75.59,44,72,28,False,False,outside_top_20
06,037,463500,06037463500,1400000US06037463500,4635,Census Tract 4635,G5020,S,1681987,0,+34.1384354,-118.1269577,06,037,463500,Census Tract 4635; Los Angeles County; California,6064,719,1286,280,21.21,452,190,35,39,487,193.96133635340837,293.03866364659166,680.9613363534083,0.3982778980562799,more_reliable,8.03,37.87,80363.0,20389.0,0.2537112850441123,False,0,5,0,11,0,6,0.7505186721991701,0.6462655601659751,0.22821576763485477,0.708817427385892,0.8350622406639003,0.7812240663900415,63.79,62.72,237,244,7,False,False,outside_top_20
06,037,463700,06037463700,1400000US06037463700,4637,Census Tract 4637,G5020,S,1725311,10596,+34.1381332,-118.1571790,06,037,463700,Census Tract 4637; Los Angeles County; California,3734,419,994,366,26.62,375,240,21,33,396,242.25812679866905,153.74187320133098,638.2581267986691,0.6117629464612854,usable_with_caution,10.61,39.84,188403.0,39790.0,0.2111962123745375,False,0,4,0,9,0,5,0.7059128630705395,0.7147302904564315,0.9346473029045643,0.7094398340248963,0.8556016597510374,0.8191908713692946,78.37,77.64,55,52,-3,False,False,outside_top_20
06,037,277200,06037277200,1400000US06037277200,2772,Census Tract 2772,G5020,S,1041838,0,+33.9526286,-118.3822385,06,037,277200,Census Tract 2772; Los Angeles County; California,1893,375,374,212,19.76,89,68,0,14,89,69.42621983083913,19.57378016916087,158.42621983083913,0.7800698857397655,usable_with_caution,4.7,23.8,59621.0,23494.0,0.3940557857130877,False,0,15,1,18,1,3,0.21784232365145229,0.4553941908713693,0.08195020746887967,0.3128630705394191,0.5387966804979254,0.5697095435684647,31.19,31.8,793,785,-8,False,False,outside_top_20
06,037,401901,06037401901,1400000US06037401901,4019.01,Census Tract 4019.01,G5020,S,1716967,0,+34.1007069,-117.7086988,06,037,401901,Census Tract 4019.01; Los Angeles County; California,4643,127,1304,192,28.09,537,138,48,44,585,144.84474446799925,440.1552555320008,729.8447444679992,0.2475978537914517,more_reliable,12.6,44.86,84375.0,13826.0,0.1638637037037037,False,0,7,0,9,0,2,0.7852697095435685,0.758298755186722,0.27593360995850624,0.7744813278008299,0.7737551867219918,0.8191908713692946,67.46,68.37,170,154,-16,False,False,outside_top_20
06,037,401902,06037401902,1400000US06037401902,4019.02,Census Tract 4019.02,G5020,S,2656563,3536,+34.1011641,-117.7249135,06,037,401902,Census Tract 4019.02; Los Angeles County; California,5896,819,521,333,8.84,92,68,0,19,92,70.60453243241541,21.39546756758459,162.6045324324154,0.7674405699175588,usable_with_caution,1.56,17.66,103017.0,15920.0,0.1545376005901938,False,1,9,2,12,1,3,0.22821576763485477,0.0975103734439834,0.5062240663900415,0.1759336099585062,0.6013485477178423,0.6087136929460581,32.71,32.85,773,773,0,False,False,outside_top_20
06,037,430302,06037430302,1400000US06037430302,4303.02,Census Tract 4303.02,G5020,S,1937348,1671,+34.1531820,-118.0038011,06,037,430302,Census Tract 4303.02; Los Angeles County; California,4950,504,882,285,17.82,272,148,88,89,360,172.69916039170545,187.30083960829452,532.6991603917054,0.4797198899769596,more_reliable,7.27,40.82,103512.0,15292.0,0.1477316639616663,False,0,7,1,12,1,5,0.6825726141078838,0.6161825726141079,0.5124481327800829,0.6560165975103734,0.7737551867219918,0.674896265560166,65.09,63.11,208,238,30,False,False,outside_top_20
06,037,430400,06037430400,1400000US06037430400,4304,Census Tract 4304,G5020,S,3593532,7153,+34.1632548,-118.0252477,06,037,430400,Census Tract 4304; Los Angeles County; California,4221,615,2306,473,54.63,1347,377,327,155,1674,407.6199210048498,1266.38007899515,2081.61992100485,0.2435005501821086,more_reliable,39.66,72.59,182292.0,56939.0,0.3123505145590591,False,0,8,0,20,0,12,0.9387966804979253,0.9325726141078838,0.9232365145228216,0.9363070539419087,0.7441908713692946,0.6193983402489627,89.53,87.03,2,6,4,True,True,stable_top_20
06,037,400206,06037400206,1400000US06037400206,4002.06,Census Tract 4002.06,G5020,S,3351253,2205,+34.1280660,-117.7147728,06,037,400206,Census Tract 4002.06; Los Angeles County; California,5199,710,826,133,15.89,347,166,50,46,397,172.2556240010758,224.7443759989242,569.2556240010758,0.4338932594485536,more_reliable,7.64,48.06,200833.0,25532.0,0.1271305014614132,False,1,5,1,7,0,2,0.7074688796680498,0.6343360995850622,0.9564315352697096,0.6782157676348548,0.7230290456431535,0.7651452282157676,74.28,75.12,89,79,-10,False,False,outside_top_20
06,037,291220,06037291220,1400000US06037291220,2912.20,Census Tract 2912.20,G5020,S,818696,0,+33.8771395,-118.2867090,06,037,291220,Census Tract 2912.20; Los Angeles County; California,2988,459,754,231,25.23,77,56,0,14,77,57.723478758647246,19.276521241352757,134.72347875864725,0.7496555682941201,usable_with_caution,2.58,10.21,82542.0,12397.0,0.1501902061980567,False,0,16,1,23,1,7,0.17531120331950206,0.2349585062240664,0.25,0.1991701244813278,0.5148340248962656,0.4884854771784232,27.25,26.72,836,852,16,False,False,outside_top_20
06,037,291300,06037291300,1400000US06037291300,2913,Census Tract 2913,G5020,S,2358585,45836,+33.8641805,-118.2951289,06,037,291300,Census Tract 2913; Los Angeles County; California,3065,384,1398,350,45.61,35,28,0,14,35,31.304951684997057,3.695048315002943,66.30495168499706,0.894427190999916,usable_with_caution,1.14,2.5,92404.0,39241.0,0.42466776330029,False,3,17,5,24,2,7,0.01711618257261411,0.042012448132780086,0.3796680497925311,0.0270746887966805,0.2511410788381742,0.29346473029045644,14.24,15.09,939,938,-1,False,False,outside_top_20
06,037,402101,06037402101,1400000US06037402101,4021.01,Census Tract 4021.01,G5020,S,1189576,0,+34.0860496,-117.7337464,06,037,402101,Census Tract 4021.01; Los Angeles County; California,4574,594,345,182,7.54,213,172,0,14,213,172.5688268488837,40.4311731511163,385.5688268488837,0.8101822856755103,usable_with_caution,4.66,61.74,119688.0,17788.0,0.1486197446694739,False,1,10,1,13,0,3,0.5025933609958506,0.4491701244813278,0.6597510373443983,0.4812240663900415,0.5689834024896265,0.6571576763485477,53.45,55.21,449,408,-41,False,False,outside_top_20
06,037,403407,06037403407,1400000US06037403407,4034.07,Census Tract 4034.07,G5020,S,4724953,0,+34.0386079,-117.8726572,06,037,403407,Census Tract 4034.07; Los Angeles County; California,2368,306,1859,305,78.51,1333,259,328,226,1661,343.7397271192261,1317.260272880774,2004.739727119226,0.206947457627469,more_reliable,70.14,89.35,156552.0,30020.0,0.1917573713526495,False,0,6,0,10,0,4,0.9377593360995851,0.9989626556016598,0.8578838174273858,0.962240663900415,0.8061203319502075,0.8005186721991702,91.01,90.9,1,1,0,True,True,stable_top_20
06,037,430600,06037430600,1400000US06037430600,4306,Census Tract 4306,G5020,S,3691110,9801,+34.1553775,-118.0470542,06,037,430600,Census Tract 4306; Los Angeles County; California,4194,573,2168,325,51.69,1611,345,67,63,1678,350.7050042414565,1327.2949957585436,2028.7050042414564,0.2090017903703555,more_reliable,40.01,77.4,173125.0,39049.0,0.2255537906137184,False,0,12,0,26,0,14,0.9398340248962656,0.9356846473029046,0.9092323651452282,0.9381742738589212,0.6231327800829876,0.5359958506224067,86.94,85.2,12,11,-1,True,True,stable_top_20
06,037,293302,06037293302,1400000US06037293302,2933.02,Census Tract 2933.02,G5020,S,1119337,0,+33.8016119,-118.3042086,06,037,293302,Census Tract 2933.02; Los Angeles County; California,4864,863,1285,226,26.42,33,39,31,47,64,61.07372593840988,2.926274061590121,125.07372593840988,0.9542769677876544,usable_with_caution,1.32,4.98,104071.0,32516.0,0.3124405453968925,False,1,14,1,16,0,2,0.1229253112033195,0.06587136929460581,0.5228215767634855,0.10010373443983402,0.45290456431535264,0.600207468879668,25.52,28.47,866,825,-41,False,False,outside_top_20
06,037,294410,06037294410,1400000US06037294410,2944.10,Census Tract 2944.10,G5020,S,833787,0,+33.7941280,-118.2898931,06,037,294410,Census Tract 2944.10; Los Angeles County; California,5023,726,775,276,15.43,88,76,0,19,88,78.33900688673555,9.660993113264452,166.33900688673555,0.8902159873492675,usable_with_caution,1.75,11.35,78810.0,20232.0,0.2567186905215074,False,2,10,2,12,0,2,0.21524896265560167,0.13070539419087138,0.2074688796680498,0.18143153526970957,0.48890041493775926,0.6087136929460581,24.81,27.21,871,843,-28,False,False,outside_top_20
06,037,293301,06037293301,1400000US06037293301,2933.01,Census Tract 2933.01,G5020,S,844979,0,+33.8111773,-118.3038284,06,037,293301,Census Tract 2933.01; Los Angeles County; California,2598,189,1319,275,50.77,124,78,68,53,192,94.30270409696638,97.69729590303362,286.3027040969664,0.4911599171716999,more_reliable,7.39,14.56,120833.0,26926.0,0.2228364767902808,False,0,15,0,17,0,2,0.4782157676348548,0.6213692946058091,0.6721991701244814,0.5354771784232365,0.5387966804979254,0.6732365145228216,56.35,59.04,377,327,-50,False,False,outside_top_20
06,037,402102,06037402102,1400000US06037402102,4021.02,Census Tract 4021.02,G5020,S,2285871,12302,+34.0849366,-117.7470250,06,037,402102,Census Tract 4021.02; Los Angeles County; California,4817,790,433,199,8.99,191,158,0,14,191,158.61904047118682,32.38095952881318,349.61904047118685,0.8304661804774179,usable_with_caution,3.97,44.11,100789.0,14266.0,0.1415432239629324,False,1,12,2,15,1,3,0.4756224066390041,0.3755186721991701,0.4782157676348548,0.43558091286307055,0.5110995850622406,0.5526970954356847,45.92,46.75,588,580,-8,False,False,outside_top_20
06,037,460301,06037460301,1400000US06037460301,4603.01,Census Tract 4603.01,G5020,S,4905569,13382,+34.2115233,-118.1530651,06,037,460301,Census Tract 4603.01; Los Angeles County; California,4408,628,303,79,6.87,30,25,0,14,30,28.653097563788805,1.3469024362111952,58.653097563788805,0.9551032521262935,usable_with_caution,0.68,9.9,154844.0,28411.0,0.1834814393841543,False,0,2,0,2,0,0,0.008817427385892116,0.0031120331950207467,0.8516597510373444,0.006535269709543568,0.8926348547717843,0.9193983402489627,35.28,35.81,741,739,-2,False,False,outside_top_20
06,037,460302,06037460302,1400000US06037460302,4603.02,Census Tract 4603.02,G5020,S,1312594,0,+34.1943814,-118.1576995,06,037,460302,Census Tract 4603.02; Los Angeles County; California,4479,878,128,60,2.86,43,30,0,14,43,33.1058907144937,9.894109285506303,76.1058907144937,0.7699044352207837,usable_with_caution,0.96,33.59,110952.0,35281.0,0.3179843535943471,False,1,2,1,2,0,0,0.03734439834024896,0.019190871369294607,0.5892116182572614,0.03008298755186722,0.7806016597510373,0.8320539419087136,29.2,30.23,812,801,-11,False,False,outside_top_20
06,037,400602,06037400602,1400000US06037400602,4006.02,Census Tract 4006.02,G5020,S,1541334,1766,+34.1381275,-117.9091006,06,037,400602,Census Tract 4006.02; Los Angeles County; California,4366,571,217,127,4.97,56,54,0,14,56,55.78530272392541,0.2146972760745882,111.7853027239254,0.9961661200700966,usable_with_caution,1.28,25.81,84512.0,9934.0,0.117545437334343,False,0,1,0,3,0,2,0.08973029045643154,0.05705394190871369,0.279045643153527,0.0766597510373444,0.9122406639004149,0.9060165975103736,28.43,28.3,823,827,4,False,False,outside_top_20
06,037,275311,06037275311,1400000US06037275311,2753.11,Census Tract 2753.11,G5020,S,1255305,37063,+33.9882746,-118.4233089,06,037,275311,Census Tract 2753.11; Los Angeles County; California,5234,575,951,436,18.17,352,274,0,19,352,274.6579691179559,77.34203088204413,626.6579691179559,0.7802783213578292,usable_with_caution,6.73,37.01,100977.0,17680.0,0.1750893767887736,False,3,9,3,13,0,4,0.6753112033195021,0.5871369294605809,0.48132780082987553,0.6400414937759337,0.46898340248962656,0.5405601659751037,57.41,58.84,359,332,-27,False,False,outside_top_20
06,037,275400,06037275400,1400000US06037275400,2754,Census Tract 2754,G5020,S,750990,0,+33.9906137,-118.4391729,06,037,275400,Census Tract 2754; Los Angeles County; California,4336,936,811,310,18.7,82,104,69,63,151,121.59358535712316,29.406414642876825,272.5935853571232,0.8052555321663787,usable_with_caution,3.48,18.62,169591.0,73364.0,0.4325937107511601,False,2,11,2,14,0,3,0.39730290456431533,0.3309128630705394,0.9035269709543569,0.370746887966805,0.4593360995850623,0.5729253112033195,49.5,51.77,521,478,-43,False,False,outside_top_20
06,037,297400,06037297400,1400000US06037297400,2974,Census Tract 2974,G5020,S,2092347,955977,+33.7208388,-118.3228117,06,037,297400,Census Tract 2974; Los Angeles County; California,3695,423,330,150,8.93,61,47,20,30,81,55.7584074378026,25.241592562197404,136.7584074378026,0.6883754004666988,usable_with_caution,2.19,24.55,136000.0,34347.0,0.2525514705882353,False,0,2,0,2,0,0,0.18931535269709543,0.17842323651452283,0.7842323651452282,0.1849585062240664,0.8926348547717843,0.9193983402489627,44.63,45.17,605,605,0,False,False,outside_top_20
06,037,407001,06037407001,1400000US06037407001,4070.01,Census Tract 4070.01,G5020,S,976187,15892,+34.0603274,-117.9762210,06,037,407001,Census Tract 4070.01; Los Angeles County; California,5425,760,587,313,10.82,360,254,0,19,360,254.70963860835732,105.29036139164263,614.7096386083574,0.7075267739121037,usable_with_caution,6.64,61.33,87600.0,5736.0,0.0654794520547945,False,1,14,2,22,1,8,0.6825726141078838,0.58298755186722,0.3132780082987552,0.6427385892116183,0.45290456431535264,0.4387966804979253,53.89,53.61,437,450,13,False,False,outside_top_20
06,037,407002,06037407002,1400000US06037407002,4070.02,Census Tract 4070.02,G5020,S,2938927,252971,+34.0555809,-117.9912890,06,037,407002,Census Tract 4070.02; Los Angeles County; California,3639,478,565,139,15.53,179,118,7,20,186,119.68291440301743,66.31708559698255,305.68291440301743,0.6434565290484809,usable_with_caution,5.11,32.92,118516.0,15981.0,0.1348425529042492,False,0,13,0,19,0,6,0.46473029045643155,0.48184647302904565,0.6473029045643154,0.47157676348547717,0.5932572614107885,0.6371369294605809,53.11,53.98,457,439,-18,False,False,outside_top_20
06,037,407102,06037407102,1400000US06037407102,4071.02,Census Tract 4071.02,G5020,S,922628,0,+34.0437456,-117.9767958,06,037,407102,Census Tract 4071.02; Los Angeles County; California,5487,572,585,193,10.66,258,184,0,19,258,184.978377114732,73.02162288526802,442.978377114732,0.7169704539330697,usable_with_caution,4.7,44.1,96645.0,30578.0,0.3163950540638419,False,0,11,0,18,0,7,0.571058091286307,0.4553941908713693,0.4284232365145228,0.5247925311203319,0.6514522821576764,0.6570539419087137,53.09,53.2,458,457,-1,False,False,outside_top_20
06,037,407301,06037407301,1400000US06037407301,4073.01,Census Tract 4073.01,G5020,S,989555,0,+34.0454913,-117.9587133,06,037,407301,Census Tract 4073.01; Los Angeles County; California,3706,537,869,286,23.45,324,221,0,14,324,221.44299492194372,102.55700507805624,545.4429949219438,0.6834660337097029,usable_with_caution,8.74,37.28,78167.0,21935.0,0.2806171402254148,False,3,12,5,22,2,10,0.6509336099585062,0.6649377593360996,0.19813278008298754,0.6565352697095436,0.3787344398340249,0.32551867219917013,50.93,49.87,488,516,28,False,False,outside_top_20
06,037,430701,06037430701,1400000US06037430701,4307.01,Census Tract 4307.01,G5020,S,2977806,13098,+34.1422654,-118.0608911,06,037,430701,Census Tract 4307.01; Los Angeles County; California,4775,618,2253,306,47.18,1340,276,233,136,1573,307.688153818115,1265.311846181885,1880.688153818115,0.1956059464832263,more_reliable,32.94,69.82,104194.0,19977.0,0.191728890339175,False,3,16,10,29,7,13,0.9336099585062241,0.9035269709543569,0.5269709543568465,0.9215767634854772,0.27043568464730294,0.19273858921161824,71.24,69.69,122,135,13,False,False,outside_top_20
06,037,403408,06037403408,1400000US06037403408,4034.08,Census Tract 4034.08,G5020,S,3158643,0,+34.0254873,-117.8819037,06,037,403408,Census Tract 4034.08; Los Angeles County; California,6156,627,4714,659,76.58,1943,669,310,178,2253,692.275234281857,1560.7247657181429,2945.275234281857,0.3072681909817386,more_reliable,36.6,47.79,129934.0,39976.0,0.3076638908984561,False,0,12,0,32,0,20,0.9730290456431535,0.9159751037344398,0.7479253112033195,0.950207468879668,0.6231327800829876,0.4924273858921162,84.43,81.82,17,28,11,True,False,drops_from_top_20
06,037,407400,06037407400,1400000US06037407400,4074,Census Tract 4074,G5020,S,607630,0,+34.0523629,-117.9577582,06,037,407400,Census Tract 4074; Los Angeles County; California,1744,349,599,245,34.35,198,129,47,71,245,147.24808997063425,97.75191002936576,392.2480899706343,0.6010126121250378,usable_with_caution,14.05,40.9,128933.0,15789.0,0.1224589515484786,False,2,11,2,21,0,10,0.549792531120332,0.7780082987551867,0.745850622406639,0.6410788381742738,0.4593360995850623,0.45248962655601666,62.57,62.43,252,251,-1,False,False,outside_top_20
06,037,407701,06037407701,1400000US06037407701,4077.01,Census Tract 4077.01,G5020,S,1141957,0,+34.0139438,-117.9297961,06,037,407701,Census Tract 4077.01; Los Angeles County; California,4311,469,703,217,16.31,318,175,36,64,354,186.3357185297548,167.6642814702452,540.3357185297548,0.5263720862422452,usable_with_caution,8.21,50.36,56950.0,25347.0,0.4450746268656716,False,0,21,0,40,0,19,0.6779045643153527,0.6524896265560166,0.07053941908713693,0.6677385892116183,0.45228215767634855,0.4557053941908714,50.52,50.59,496,506,10,False,False,outside_top_20
06,037,407702,06037407702,1400000US06037407702,4077.02,Census Tract 4077.02,G5020,S,2000942,905,+34.0211206,-117.9466149,06,037,407702,Census Tract 4077.02; Los Angeles County; California,6642,830,1480,453,22.28,657,265,47,51,704,269.8629281690985,434.1370718309015,973.8629281690984,0.3833280229674694,more_reliable,10.6,47.57,93388.0,30451.0,0.3260697305863708,False,0,14,0,30,0,16,0.808091286307054,0.7136929460580913,0.39107883817427386,0.7703319502074689,0.5649377593360996,0.5030082987551867,65.34,64.1,199,217,18,False,False,outside_top_20
06,037,430721,06037430721,1400000US06037430721,4307.21,Census Tract 4307.21,G5020,S,4091501,0,+34.1378492,-118.0416921,06,037,430721,Census Tract 4307.21; Los Angeles County; California,3354,398,1704,432,50.81,1138,367,149,110,1287,383.13052606128895,903.869473938711,1670.130526061289,0.2976927164423379,more_reliable,38.37,75.53,82115.0,35449.0,0.431699445899044,False,3,16,9,33,6,17,0.9076763485477178,0.9263485477178424,0.2479253112033195,0.9151452282157676,0.27043568464730294,0.1741701244813278,65.28,63.35,201,233,32,False,False,outside_top_20
06,037,430803,06037430803,1400000US06037430803,4308.03,Census Tract 4308.03,G5020,S,2277699,0,+34.1156122,-118.0227563,06,037,430803,Census Tract 4308.03; Los Angeles County; California,5215,588,3411,506,65.41,2357,557,297,186,2654,587.2350466380561,2066.764953361944,3241.235046638056,0.221264147188416,more_reliable,50.89,77.81,109896.0,32438.0,0.2951699788891315,False,1,20,3,41,2,21,0.9870331950207469,0.9761410788381742,0.5798755186721992,0.9826763485477179,0.3477178423236515,0.24740663900414936,77.51,75.51,60,75,15,False,False,outside_top_20
06,037,431002,06037431002,1400000US06037431002,4310.02,Census Tract 4310.02,G5020,S,1350081,3559,+34.1447090,-117.9844264,06,037,431002,Census Tract 4310.02; Los Angeles County; California,3146,321,540,136,17.16,142,85,47,63,189,105.80170130957252,83.19829869042748,294.80170130957254,0.5597973614263096,usable_with_caution,6.01,35.0,88700.0,22451.0,0.2531116121758737,False,2,7,2,12,0,5,0.4725103734439834,0.5404564315352697,0.3278008298755187,0.4996887966804979,0.5816390041493776,0.6087136929460581,48.17,48.71,543,538,-5,False,False,outside_top_20
06,037,460502,06037460502,1400000US06037460502,4605.02,Census Tract 4605.02,G5020,S,2614173,0,+34.2062406,-118.1950104,06,037,460502,Census Tract 4605.02; Los Angeles County; California,4711,797,1496,508,31.76,498,229,87,72,585,240.05207768315609,344.9479223168439,825.0520776831561,0.4103454319370189,more_reliable,12.42,39.1,250001.0,,,True,1,3,1,4,0,1,0.7852697095435685,0.7510373443983402,0.9948132780082988,0.7715767634854772,0.7613070539419087,0.8062240663900415,81.42,82.32,32,25,-7,False,False,outside_top_20
06,037,408133,06037408133,1400000US06037408133,4081.33,Census Tract 4081.33,G5020,S,1056841,0,+34.0241485,-117.9093284,06,037,408133,Census Tract 4081.33; Los Angeles County; California,5822,1015,1497,344,25.71,792,188,7,12,799,188.38258942906583,610.6174105709341,987.382589429066,0.2357729529775542,more_reliable,13.72,53.37,101378.0,24039.0,0.2371224526031289,False,1,19,1,41,0,22,0.8267634854771784,0.7743775933609959,0.4854771784232365,0.8058091286307054,0.35643153526970955,0.36400414937759334,65.19,65.34,204,193,-11,False,False,outside_top_20
06,037,400304,06037400304,1400000US06037400304,4003.04,Census Tract 4003.04,G5020,S,3137013,4532,+34.1048517,-117.7978096,06,037,400304,Census Tract 4003.04; Los Angeles County; California,8516,1023,1624,995,19.07,653,697,521,495,1174,854.8882967967219,319.1117032032781,2028.888296796722,0.7281842391794905,usable_with_caution,13.79,72.29,84457.0,23793.0,0.2817173236084634,False,0,4,0,5,0,1,0.8910788381742739,0.7759336099585062,0.2769709543568465,0.8450207468879668,0.8556016597510374,0.8814315352697095,73.35,73.87,101,89,-12,False,False,outside_top_20
06,037,276000,06037276000,1400000US06037276000,2760,Census Tract 2760,G5020,S,2338438,0,+33.9691783,-118.3890198,06,037,276000,Census Tract 2760; Los Angeles County; California,6626,692,1350,377,20.37,382,237,18,21,400,237.92856070678025,162.07143929321978,637.9285607067802,0.5948214017669505,usable_with_caution,6.04,29.63,147470.0,19977.0,0.135464840306503,False,0,12,0,16,0,4,0.7085062240663901,0.5430497925311203,0.828838174273859,0.6423236514522821,0.6231327800829876,0.687551867219917,67.58,68.87,169,147,-22,False,False,outside_top_20
06,037,276400,06037276400,1400000US06037276400,2764,Census Tract 2764,G5020,S,1275965,0,+33.9668881,-118.4095017,06,037,276400,Census Tract 2764; Los Angeles County; California,4233,570,393,180,9.28,166,104,12,18,178,105.54619841567008,72.45380158432991,283.5461984156701,0.5929561708745511,usable_with_caution,4.21,45.29,220350.0,59839.0,0.2715634218289086,False,1,12,1,15,0,3,0.45020746887966806,0.4045643153526971,0.9730290456431535,0.4319502074688797,0.5110995850622406,0.6188796680497926,55.6,57.76,399,353,-46,False,False,outside_top_20
06,037,276500,06037276500,1400000US06037276500,2765,Census Tract 2765,G5020,S,1191958,0,+33.9665412,-118.4180348,06,037,276500,Census Tract 2765; Los Angeles County; California,5464,243,1016,208,18.59,314,111,15,22,329,113.1591799192624,215.8408200807376,442.1591799192624,0.3439488751345361,more_reliable,6.02,32.38,160517.0,35063.0,0.2184379224630413,False,1,11,1,14,0,3,0.6576763485477178,0.5414937759336099,0.8734439834024896,0.6112033195020747,0.5394190871369294,0.6391078838174273,64.93,66.92,215,176,-39,False,False,outside_top_20
06,037,402703,06037402703,1400000US06037402703,4027.03,Census Tract 4027.03,G5020,S,1070958,0,+34.0780801,-117.7254183,06,037,402703,Census Tract 4027.03; Los Angeles County; California,5443,1445,645,273,11.85,197,119,11,17,208,120.20815280171308,87.79184719828692,328.2081528017131,0.5779238115466975,usable_with_caution,3.82,32.25,90302.0,33260.0,0.3683196385462116,False,2,8,2,11,0,3,0.49377593360995853,0.3630705394190871,0.3516597510373444,0.44149377593360994,0.5520746887966805,0.6276970954356846,44.56,46.08,607,589,-18,False,False,outside_top_20
06,037,403702,06037403702,1400000US06037403702,4037.02,Census Tract 4037.02,G5020,S,1706609,5480,+34.0914898,-117.8557417,06,037,403702,Census Tract 4037.02; Los Angeles County; California,4281,670,765,171,17.87,381,175,0,14,381,175.55910685578235,205.44089314421765,556.5591068557824,0.4607850573642581,more_reliable,8.9,49.8,124643.0,26291.0,0.210930417271728,False,2,7,2,9,0,2,0.6986514522821576,0.6721991701244814,0.7085062240663901,0.6880705394190871,0.5816390041493776,0.6656639004149378,67.09,68.77,175,148,-27,False,False,outside_top_20
06,037,403703,06037403703,1400000US06037403703,4037.03,Census Tract 4037.03,G5020,S,2159660,0,+34.0929430,-117.8464352,06,037,403703,Census Tract 4037.03; Los Angeles County; California,4848,707,877,336,18.09,393,248,0,14,393,248.39484696748443,144.60515303251557,641.3948469674845,0.6320479566602657,usable_with_caution,8.11,44.81,120875.0,17082.0,0.1413195449844881,False,0,6,0,6,0,0,0.7033195020746889,0.6493775933609959,0.6732365145228216,0.6817427385892116,0.8061203319502075,0.8686721991701245,70.49,71.74,129,111,-18,False,False,outside_top_20
06,037,403721,06037403721,1400000US06037403721,4037.21,Census Tract 4037.21,G5020,S,1897377,1687,+34.0975730,-117.8769958,06,037,403721,Census Tract 4037.21; Los Angeles County; California,5669,893,636,227,11.22,269,133,0,19,269,134.35028842544403,134.64971157455597,403.350288425444,0.4994434513957027,more_reliable,4.75,42.3,88000.0,18875.0,0.2144886363636363,False,3,6,3,9,0,3,0.5860995850622407,0.46213692946058094,0.31742738589211617,0.5365145228215769,0.5617219917012448,0.6152489626556017,49.77,50.84,512,500,-12,False,False,outside_top_20
06,037,403722,06037403722,1400000US06037403722,4037.22,Census Tract 4037.22,G5020,S,1803301,0,+34.0875430,-117.8722435,06,037,403722,Census Tract 4037.22; Los Angeles County; California,5564,725,736,270,13.23,307,187,0,19,307,187.9627622695517,119.03723773044833,494.9627622695517,0.6122565546239469,usable_with_caution,5.52,41.71,80121.0,19870.0,0.2479999001510215,False,2,6,2,8,0,2,0.6307053941908713,0.5103734439834025,0.22406639004149378,0.5825726141078837,0.6140041493775934,0.6824688796680498,51.72,53.09,475,461,-14,False,False,outside_top_20
06,037,402904,06037402904,1400000US06037402904,4029.04,Census Tract 4029.04,G5020,S,1908562,0,+34.0260758,-117.7361930,06,037,402904,Census Tract 4029.04; Los Angeles County; California,3636,509,82,56,2.26,56,46,0,14,56,48.08326112068523,7.916738879314771,104.08326112068522,0.8586296628693791,usable_with_caution,1.54,68.29,91580.0,20750.0,0.2265778554269491,False,1,5,1,6,0,1,0.08973029045643154,0.09595435684647304,0.36618257261410786,0.09221991701244814,0.7230290456431535,0.7813278008298756,27.32,28.48,834,824,-10,False,False,outside_top_20
06,037,275200,06037275200,1400000US06037275200,2752,Census Tract 2752,G5020,S,462852,1250,+33.9956333,-118.4203026,06,037,275200,Census Tract 2752; Los Angeles County; California,3686,538,776,291,21.05,35,31,18,22,53,38.01315561749642,14.986844382503577,91.01315561749642,0.7172293512735174,usable_with_caution,1.44,6.83,100833.0,12915.0,0.1280830680432001,False,1,10,1,13,0,3,0.07468879668049792,0.08143153526970955,0.47925311203319504,0.07738589211618258,0.5689834024896265,0.6571576763485477,25.61,27.37,863,841,-22,False,False,outside_top_20
06,037,530006,06037530006,1400000US06037530006,5300.06,Census Tract 5300.06,G5020,S,659020,1580,+34.0200190,-118.1126395,06,037,530006,Census Tract 5300.06; Los Angeles County; California,4679,608,1101,450,23.53,477,396,0,14,477,396.2473974677941,80.75260253220591,873.2473974677941,0.8307073322175976,usable_with_caution,10.19,43.32,87679.0,18873.0,0.2152510863490687,False,4,23,4,34,0,11,0.7406639004149378,0.7064315352697096,0.31431535269709543,0.7269709543568466,0.16804979253112035,0.23682572614107888,53.27,54.64,454,418,-36,False,False,outside_top_20
06,037,208710,06037208710,1400000US06037208710,2087.10,Census Tract 2087.10,G5020,S,170380,0,+34.0657276,-118.2825414,06,037,208710,Census Tract 2087.10; Los Angeles County; California,4519,775,2395,639,53.0,112,113,12,20,124,114.75626344561763,9.243736554382352,238.7562634456177,0.9254537374646584,usable_with_caution,2.74,5.18,65467.0,5813.0,0.0887928269204332,False,9,46,13,68,4,22,0.3283195020746888,0.25311203319502074,0.10684647302904564,0.29823651452282157,0.03703319502074687,0.059439834024896276,20.77,21.22,908,904,-4,False,False,outside_top_20
06,037,404902,06037404902,1400000US06037404902,4049.02,Census Tract 4049.02,G5020,S,691898,0,+34.0869985,-117.9791157,06,037,404902,Census Tract 4049.02; Los Angeles County; California,3095,375,948,212,30.63,460,152,15,23,475,153.73028328862208,321.2697167113779,628.7302832886221,0.323642701660257,more_reliable,15.35,50.11,74706.0,14893.0,0.1993548041656627,False,1,9,1,15,0,6,0.7396265560165975,0.7977178423236515,0.1690871369294606,0.7628630705394192,0.6013485477178423,0.6188796680497926,61.18,61.53,284,269,-15,False,False,outside_top_20
06,037,481401,06037481401,1400000US06037481401,4814.01,Census Tract 4814.01,G5020,S,1206575,0,+34.0831934,-118.1039745,06,037,481401,Census Tract 4814.01; Los Angeles County; California,5030,601,3497,465,69.52,2789,513,29,30,2818,513.8764442937621,2304.1235557062378,3331.8764442937622,0.1823550192667715,more_reliable,56.02,80.58,87823.0,16770.0,0.1909522562426699,False,10,47,17,94,7,47,0.9896265560165975,0.9885892116182573,0.3153526970954357,0.9892116182572614,0.028734439834024905,0.014419087136929454,66.23,65.95,184,187,3,False,False,outside_top_20
06,037,181300,06037181300,1400000US06037181300,1813,Census Tract 1813,G5020,S,1441053,0,+34.1360850,-118.2236590,06,037,181300,Census Tract 1813; Los Angeles County; California,4166,531,995,468,23.88,225,179,0,14,225,179.5466513193716,45.45334868062841,404.5466513193716,0.7979851169749849,usable_with_caution,5.4,22.61,152219.0,23510.0,0.1544485248227882,False,3,7,3,13,0,6,0.5202282157676349,0.5031120331950207,0.8433609958506224,0.5133817427385892,0.529356846473029,0.5405601659751037,58.26,58.48,341,340,-1,False,False,outside_top_20
06,037,300901,06037300901,1400000US06037300901,3009.01,Census Tract 3009.01,G5020,S,6947856,3868,+34.1700186,-118.2103257,06,037,300901,Census Tract 3009.01; Los Angeles County; California,5478,651,954,290,17.42,314,186,0,19,314,186.96791168540125,127.03208831459877,500.9679116854013,0.5954392091891759,usable_with_caution,5.73,32.91,166172.0,18902.0,0.1137496088390342,False,0,6,0,8,0,2,0.6379668049792531,0.5254149377593361,0.8941908713692946,0.5929460580912863,0.8061203319502075,0.8359958506224067,69.58,70.18,138,130,-8,False,False,outside_top_20
06,037,430200,06037430200,1400000US06037430200,4302,Census Tract 4302,G5020,S,5160049,3236,+34.1531592,-117.9688184,06,037,430200,Census Tract 4302; Los Angeles County; California,1041,139,297,94,28.53,142,54,47,60,189,80.72174428244226,108.27825571755774,269.7217442824423,0.4270991760975781,more_reliable,18.16,63.64,131159.0,4151.0,0.0316486097027272,False,0,3,0,6,0,3,0.4725103734439834,0.8215767634854771,0.7551867219917012,0.612136929460581,0.8733402489626556,0.8686721991701245,69.3,69.21,144,141,-3,False,False,outside_top_20
06,037,278102,06037278102,1400000US06037278102,2781.02,Census Tract 2781.02,G5020,S,1677533,1611460,+33.9583191,-118.4523594,06,037,278102,Census Tract 2781.02; Los Angeles County; California,2917,354,288,139,9.87,57,48,33,43,90,64.4437739428721,25.5562260571279,154.4437739428721,0.7160419326985789,usable_with_caution,3.09,31.25,174167.0,16142.0,0.0926811623327036,False,0,5,0,5,0,0,0.2204356846473029,0.29512448132780084,0.9128630705394191,0.2503112033195021,0.8350622406639003,0.8814315352697095,49.98,50.9,507,496,-11,False,False,outside_top_20
06,037,183702,06037183702,1400000US06037183702,1837.02,Census Tract 1837.02,G5020,S,862390,30058,+34.1048444,-118.1836835,06,037,183702,Census Tract 1837.02; Los Angeles County; California,2905,460,283,119,9.74,43,37,0,14,43,39.56008088970496,3.439919110295037,82.56008088970496,0.9200018811559294,usable_with_caution,1.48,15.19,93654.0,20310.0,0.2168620667563585,False,3,12,4,15,1,3,0.03734439834024896,0.08869294605809129,0.3941908713692946,0.057883817427385895,0.3787344398340249,0.4649377593360996,18.93,20.66,920,909,-11,False,False,outside_top_20
06,037,186201,06037186201,1400000US06037186201,1862.01,Census Tract 1862.01,G5020,S,522020,0,+34.1213123,-118.2188456,06,037,186201,Census Tract 1862.01; Los Angeles County; California,3187,900,1126,307,35.33,36,33,0,14,36,35.84689665786984,0.1531033421301586,71.84689665786985,0.9957471293852732,usable_with_caution,1.13,3.2,83562.0,11945.0,0.14294775137024,False,0,8,0,15,0,7,0.020228215767634856,0.03941908713692946,0.2645228215767635,0.027904564315352695,0.7441908713692946,0.7062240663900415,21.85,21.09,902,906,4,False,False,outside_top_20
06,037,186203,06037186203,1400000US06037186203,1862.03,Census Tract 1862.03,G5020,S,842698,0,+34.1150031,-118.2153416,06,037,186203,Census Tract 1862.03; Los Angeles County; California,2509,271,310,110,12.36,87,57,0,14,87,58.69412236331676,28.30587763668324,145.69412236331675,0.6746450846358248,usable_with_caution,3.47,28.06,177623.0,27534.0,0.1550137088102329,False,0,9,0,14,0,5,0.21161825726141079,0.3288381742738589,0.9159751037344398,0.25850622406639,0.7133817427385892,0.7264522821576764,48.1,48.36,546,546,0,False,False,outside_top_20
06,037,186302,06037186302,1400000US06037186302,1863.02,Census Tract 1863.02,G5020,S,1685260,0,+34.1126731,-118.2288551,06,037,186302,Census Tract 1863.02; Los Angeles County; California,4958,687,1083,329,21.84,141,90,0,14,141,91.0823802938856,49.9176197061144,232.0823802938856,0.6459743283254298,usable_with_caution,2.84,13.02,102719.0,24666.0,0.2401308423952725,False,0,9,0,16,0,7,0.37344398340248963,0.266597510373444,0.5010373443983402,0.3307053941908714,0.7133817427385892,0.687551867219917,44.13,43.61,615,627,12,False,False,outside_top_20
06,037,406702,06037406702,1400000US06037406702,4067.02,Census Tract 4067.02,G5020,S,2783380,39521,+34.0659535,-117.9382452,06,037,406702,Census Tract 4067.02; Los Angeles County; California,6885,898,2241,778,32.55,593,258,66,107,659,279.30807363912703,379.69192636087297,938.3080736391272,0.4238362270699955,more_reliable,9.57,29.41,90349.0,4738.0,0.0524410895527343,False,2,11,5,21,3,10,0.7987551867219918,0.6929460580912863,0.35269709543568467,0.7564315352697095,0.4593360995850623,0.3392116182572615,61.63,59.22,271,319,48,False,False,outside_top_20
06,037,400403,06037400403,1400000US06037400403,4004.03,Census Tract 4004.03,G5020,S,13123145,9188,+34.1467828,-117.8007925,06,037,400403,Census Tract 4004.03; Los Angeles County; California,4222,773,388,122,9.19,134,71,15,26,149,75.61084578286372,73.38915421713628,224.6108457828637,0.5074553408245888,usable_with_caution,3.53,38.4,128750.0,27301.0,0.2120466019417475,False,0,3,0,3,0,0,0.39367219917012447,0.3355809128630705,0.7437759336099585,0.3704356846473029,0.8733402489626556,0.9060165975103736,54.57,55.22,423,407,-16,False,False,outside_top_20
06,037,576001,06037576001,1400000US06037576001,5760.01,Census Tract 5760.01,G5020,S,1797526,1348822,+33.7607008,-118.1971195,06,037,576001,Census Tract 5760.01; Los Angeles County; California,6518,736,854,339,13.1,143,102,0,19,143,103.75451797391764,39.24548202608236,246.75451797391764,0.7255560697476758,usable_with_caution,2.19,16.74,105933.0,9152.0,0.086394230315388,False,0,0,0,0,0,0,0.38070539419087135,0.17842323651452283,0.5477178423236515,0.29979253112033194,0.929045643153527,0.9436721991701245,47.52,47.82,557,557,0,False,False,outside_top_20
06,037,186404,06037186404,1400000US06037186404,1864.04,Census Tract 1864.04,G5020,S,401149,0,+34.1067595,-118.2354293,06,037,186404,Census Tract 1864.04; Los Angeles County; California,2441,466,186,101,7.62,55,45,0,14,55,47.12748667179272,7.872513328207283,102.12748667179272,0.8568633940325948,usable_with_caution,2.25,29.57,79643.0,22359.0,0.2807403036048366,False,0,9,0,17,0,8,0.08246887966804979,0.18672199170124482,0.2157676348547718,0.1241701244813278,0.7133817427385892,0.6732365145228216,26.03,25.23,859,872,13,False,False,outside_top_20
06,037,187101,06037187101,1400000US06037187101,1871.01,Census Tract 1871.01,G5020,S,760497,27646,+34.1160806,-118.2602407,06,037,187101,Census Tract 1871.01; Los Angeles County; California,3026,559,599,185,19.8,99,94,0,14,99,95.03683496413376,3.9631650358662256,194.0368349641338,0.9599680299407451,usable_with_caution,3.27,16.53,91829.0,24115.0,0.2626076729573446,False,0,8,2,15,2,7,0.25,0.3132780082987552,0.3724066390041494,0.2753112033195021,0.7441908713692946,0.5526970954356847,38.85,35.02,685,746,61,False,False,outside_top_20
06,037,189101,06037189101,1400000US06037189101,1891.01,Census Tract 1891.01,G5020,S,395232,0,+34.1047367,-118.2885050,06,037,189101,Census Tract 1891.01; Los Angeles County; California,2382,255,342,162,14.36,63,53,0,14,63,54.81788029466298,8.182119705337016,117.81788029466298,0.8701250840422696,usable_with_caution,2.64,18.42,106295.0,12722.0,0.1196857801401759,False,2,17,3,28,1,11,0.11981327800829876,0.24481327800829875,0.5529045643153527,0.16981327800829876,0.3034232365145228,0.31307053941908713,27.32,27.51,834,839,5,False,False,outside_top_20
06,037,189102,06037189102,1400000US06037189102,1891.02,Census Tract 1891.02,G5020,S,634459,0,+34.1126894,-118.2884455,06,037,189102,Census Tract 1891.02; Los Angeles County; California,3704,412,623,308,16.82,62,42,37,30,99,51.61395160225576,47.38604839774424,150.61395160225575,0.521353046487432,usable_with_caution,2.67,15.89,126071.0,17292.0,0.1371608062123724,False,1,13,1,22,0,9,0.25,0.24636929460580914,0.7173236514522822,0.24854771784232366,0.48122406639004156,0.5049792531120332,38.88,39.36,684,676,-8,False,False,outside_top_20
06,037,190802,06037190802,1400000US06037190802,1908.02,Census Tract 1908.02,G5020,S,486757,0,+34.0943604,-118.3299158,06,037,190802,Census Tract 1908.02; Los Angeles County; California,2797,441,262,112,9.37,47,57,24,22,71,61.09828148156051,9.901718518439488,132.09828148156052,0.860539175796627,usable_with_caution,2.54,27.1,69000.0,25087.0,0.3635797101449275,False,5,18,9,36,4,18,0.14782157676348548,0.22562240663900415,0.13070539419087138,0.17894190871369298,0.19014522821576768,0.16172199170124477,17.15,16.59,928,931,3,False,False,outside_top_20
06,037,191302,06037191302,1400000US06037191302,1913.02,Census Tract 1913.02,G5020,S,422477,0,+34.0962277,-118.2884036,06,037,191302,Census Tract 1913.02; Los Angeles County; California,1780,283,354,178,19.89,12,21,33,25,45,32.64965543462902,12.350344565370982,77.64965543462901,0.7255478985473115,usable_with_caution,2.53,12.71,49730.0,20936.0,0.4209933641664991,False,3,24,4,39,1,15,0.0487551867219917,0.22199170124481327,0.046680497925311204,0.11804979253112033,0.19543568464730293,0.21939834024896268,11.93,12.4,951,949,-2,False,False,outside_top_20
06,037,191901,06037191901,1400000US06037191901,1919.01,Census Tract 1919.01,G5020,S,773165,0,+34.0906829,-118.3383611,06,037,191901,Census Tract 1919.01; Los Angeles County; California,4328,750,372,158,8.6,58,68,22,36,80,76.94153624668537,3.0584637533146264,156.94153624668536,0.9617692030835672,usable_with_caution,1.85,21.51,77604.0,20164.0,0.2598319674243595,False,2,17,5,33,3,16,0.18360995850622408,0.14315352697095435,0.19398340248962656,0.1674273858921162,0.3034232365145228,0.2175311203319502,19.99,18.28,912,926,14,False,False,outside_top_20
06,037,481605,06037481605,1400000US06037481605,4816.05,Census Tract 4816.05,G5020,S,764937,0,+34.0719026,-118.1255941,06,037,481605,Census Tract 4816.05; Los Angeles County; California,2811,364,1630,381,57.99,1090,406,16,28,1106,406.96437190496175,699.0356280950382,1512.9643719049618,0.3679605532594591,more_reliable,39.35,67.85,82321.0,22219.0,0.2699068281483461,False,13,48,29,90,16,42,0.8838174273858921,0.9299792531120332,0.24896265560165975,0.9022821576763486,0.016182572614107892,0.007053941908713668,59.44,59.26,316,318,2,False,False,outside_top_20
06,037,481606,06037481606,1400000US06037481606,4816.06,Census Tract 4816.06,G5020,S,862066,0,+34.0764499,-118.1259850,06,037,481606,Census Tract 4816.06; Los Angeles County; California,5002,640,3180,589,63.57,2174,408,173,265,2347,486.506937257836,1860.493062742164,2833.506937257836,0.2072888526876165,more_reliable,46.92,73.81,75150.0,9715.0,0.1292747837658017,False,10,47,26,89,16,42,0.9771784232365145,0.9636929460580913,0.17323651452282157,0.9717842323651451,0.028734439834024905,0.009647302904564281,62.35,61.96,258,257,-1,False,False,outside_top_20
06,037,300301,06037300301,1400000US06037300301,3003.01,Census Tract 3003.01,G5020,S,6179910,19081,+34.2511012,-118.2525977,06,037,300301,Census Tract 3003.01; Los Angeles County; California,5914,816,1280,211,21.64,165,129,137,160,302,205.526154053444,96.473845946556,507.526154053444,0.6805501789849139,usable_with_caution,5.11,23.59,135223.0,42068.0,0.3111009221803983,False,0,1,0,3,0,2,0.6286307053941909,0.48184647302904565,0.7769709543568465,0.5699170124481328,0.9122406639004149,0.9060165975103736,67.98,67.85,164,160,-4,False,False,outside_top_20
06,037,134905,06037134905,1400000US06037134905,1349.05,Census Tract 1349.05,G5020,S,2586737,0,+34.1833588,-118.5842954,06,037,134905,Census Tract 1349.05; Los Angeles County; California,6371,1001,927,497,14.55,420,414,11,19,431,414.4357610052492,16.564238994750838,845.4357610052491,0.9615678909634552,usable_with_caution,6.77,46.49,97106.0,21634.0,0.2227874693633761,False,0,13,0,18,0,5,0.7261410788381742,0.5892116182572614,0.4387966804979253,0.6713692946058091,0.5932572614107885,0.6570539419087137,60.92,62.2,291,255,-36,False,False,outside_top_20
06,037,576903,06037576903,1400000US06037576903,5769.03,Census Tract 5769.03,G5020,S,324706,0,+33.7807787,-118.1567668,06,037,576903,Census Tract 5769.03; Los Angeles County; California,4048,439,176,125,4.35,43,39,0,14,43,41.43669871020132,1.5633012897986802,84.43669871020131,0.9636441560511936,usable_with_caution,1.06,24.43,75302.0,9527.0,0.1265172239781148,False,0,2,0,2,0,0,0.03734439834024896,0.030601659751037343,0.17634854771784234,0.03464730290456432,0.8926348547717843,0.9193983402489627,23.46,23.99,890,884,-6,False,False,outside_top_20
06,037,901011,06037901011,1400000US06037901011,9010.11,Census Tract 9010.11,G5020,S,2669162,2720,+34.6708476,-118.1722433,06,037,901011,Census Tract 9010.11; Los Angeles County; California,4830,537,197,115,4.08,27,33,17,26,44,42.01190307520001,1.98809692479999,86.01190307520001,0.9548159789818184,usable_with_caution,0.91,22.34,86573.0,7993.0,0.0923267069409631,False,1,4,2,7,1,3,0.044087136929460584,0.011410788381742738,0.30186721991701243,0.031016597510373445,0.7435684647302905,0.6989626556016597,22.77,21.88,897,899,2,False,False,outside_top_20
06,037,194401,06037194401,1400000US06037194401,1944.01,Census Tract 1944.01,G5020,S,465758,0,+34.0843098,-118.3642238,06,037,194401,Census Tract 1944.01; Los Angeles County; California,2579,331,365,181,14.15,124,97,0,14,124,98.00510190801292,25.994898091987068,222.00510190801293,0.7903637250646204,usable_with_caution,4.81,33.97,88750.0,21782.0,0.2454309859154929,False,1,11,4,24,3,13,0.3283195020746888,0.4657676348547718,0.3288381742738589,0.38329875518672196,0.5394190871369294,0.31898340248962653,40.36,35.95,663,736,73,False,False,outside_top_20
06,037,195902,06037195902,1400000US06037195902,1959.02,Census Tract 1959.02,G5020,S,331573,16124,+34.0871531,-118.2791664,06,037,195902,Census Tract 1959.02; Los Angeles County; California,1839,384,195,144,10.6,118,81,39,68,157,105.75916035975324,51.24083964024676,262.75916035975325,0.6736252252213583,usable_with_caution,8.54,80.51,135606.0,25453.0,0.1876981844461159,False,3,35,4,54,1,19,0.4066390041493776,0.6607883817427386,0.7811203319502075,0.508298755186722,0.16338174273858921,0.18672199170124482,49.39,49.85,525,517,-8,False,False,outside_top_20
06,037,195903,06037195903,1400000US06037195903,1959.03,Census Tract 1959.03,G5020,S,238077,0,+34.0808128,-118.2824400,06,037,195903,Census Tract 1959.03; Los Angeles County; California,2035,234,295,120,14.5,17,15,5,8,22,17.0,5.0,39.0,0.7727272727272727,usable_with_caution,1.08,7.46,94861.0,9050.0,0.0954027471774491,False,4,38,4,61,0,23,0.002074688796680498,0.03475103734439834,0.40767634854771784,0.015145228215767637,0.12261410788381741,0.1699170124481328,11.51,12.46,952,948,-4,False,False,outside_top_20
06,037,201601,06037201601,1400000US06037201601,2016.01,Census Tract 2016.01,G5020,S,540413,0,+34.0726971,-118.1774624,06,037,201601,Census Tract 2016.01; Los Angeles County; California,2098,361,196,92,9.34,170,91,21,33,191,96.79876032264048,94.20123967735952,287.7987603226405,0.5067997922651335,usable_with_caution,9.1,97.45,65938.0,29966.0,0.4544572173860293,False,1,22,1,36,0,14,0.4756224066390041,0.6742738589211619,0.11410788381742738,0.5550829875518672,0.3343360995850623,0.38454356846473026,42.27,43.28,642,632,-10,False,False,outside_top_20
06,037,201602,06037201602,1400000US06037201602,2016.02,Census Tract 2016.02,G5020,S,1065765,0,+34.0771500,-118.1678921,06,037,201602,Census Tract 2016.02; Los Angeles County; California,2577,619,279,86,10.83,102,54,0,14,102,55.78530272392541,46.21469727607459,157.7853027239254,0.546914732587504,usable_with_caution,3.96,36.56,74609.0,27418.0,0.367489176908952,False,3,35,3,57,0,22,0.2619294605809129,0.37396265560165975,0.16804979253112035,0.30674273858921164,0.16338174273858921,0.2200207468879668,25.03,26.17,870,863,-7,False,False,outside_top_20
06,037,207103,06037207103,1400000US06037207103,2071.03,Census Tract 2071.03,G5020,S,324130,0,+34.0644824,-118.2392725,06,037,207103,Census Tract 2071.03; Los Angeles County; California,2024,235,1317,212,65.07,963,200,5,8,968,200.1599360511489,767.8400639488511,1168.1599360511489,0.2067767934412694,more_reliable,47.83,73.5,56652.0,16179.0,0.2855856809997882,False,4,31,6,40,2,9,0.8703319502074689,0.9657676348547718,0.06950207468879668,0.9085062240663901,0.145954356846473,0.1704356846473029,58.82,59.31,327,317,-10,False,False,outside_top_20
06,037,211704,06037211704,1400000US06037211704,2117.04,Census Tract 2117.04,G5020,S,184945,0,+34.0635115,-118.3115783,06,037,211704,Census Tract 2117.04; Los Angeles County; California,2879,432,1274,247,44.25,57,53,4,7,61,53.46026561849464,7.539734381505362,114.46026561849465,0.8763977970245023,usable_with_caution,2.12,4.79,51750.0,20843.0,0.4027632850241546,False,9,41,20,64,11,23,0.11307053941908714,0.1696058091286307,0.054979253112033194,0.13568464730290458,0.060373443983402456,0.05653526970954362,10.45,10.37,957,957,0,False,False,outside_top_20
06,037,262704,06037262704,1400000US06037262704,2627.04,Census Tract 2627.04,G5020,S,1946779,528324,+34.0408050,-118.5419865,06,037,262704,Census Tract 2627.04; Los Angeles County; California,3481,434,202,87,5.8,84,60,0,14,84,61.61168720299745,22.38831279700255,145.61168720299744,0.7334724667023507,usable_with_caution,2.41,41.58,161923.0,12689.0,0.0783644077740654,False,0,0,0,0,0,0,0.19968879668049794,0.20643153526970953,0.8786307053941909,0.20238589211618258,0.929045643153527,0.9436721991701245,48.3,48.59,540,541,1,False,False,outside_top_20
06,037,264102,06037264102,1400000US06037264102,2641.02,Census Tract 2641.02,G5020,S,396480,0,+34.0595085,-118.4693771,06,037,264102,Census Tract 2641.02; Los Angeles County; California,3061,398,494,243,16.14,259,218,99,99,358,239.4263978762576,118.57360212374245,597.4263978762576,0.6687888208834011,usable_with_caution,11.7,72.47,153482.0,40889.0,0.2664090903167798,False,0,13,1,22,1,9,0.6804979253112033,0.7448132780082988,0.8475103734439834,0.7062240663900414,0.5932572614107885,0.5049792531120332,71.19,69.42,123,139,16,False,False,outside_top_20
06,037,620305,06037620305,1400000US06037620305,6203.05,Census Tract 6203.05,G5020,S,1265579,1275093,+33.8923672,-118.4165728,06,037,620305,Census Tract 6203.05; Los Angeles County; California,5844,942,362,209,6.19,81,62,0,19,81,64.8459713474939,16.1540286525061,145.8459713474939,0.8005675474999246,usable_with_caution,1.39,22.38,211158.0,50610.0,0.239678345125451,False,0,6,0,8,0,2,0.18931535269709543,0.07468879668049792,0.9647302904564315,0.14346473029045642,0.8061203319502075,0.8359958506224067,44.02,44.62,616,616,0,False,False,outside_top_20
06,037,621204,06037621204,1400000US06037621204,6212.04,Census Tract 6212.04,G5020,S,1143203,1028847,+33.8499555,-118.3944390,06,037,621204,Census Tract 6212.04; Los Angeles County; California,2819,424,581,223,20.61,36,29,0,14,36,32.202484376209235,3.7975156237907655,68.20248437620924,0.8945134548947009,usable_with_caution,1.28,6.2,98909.0,12159.0,0.1229311791646867,False,1,7,1,12,0,5,0.020228215767634856,0.05705394190871369,0.4533195020746888,0.03495850622406639,0.6617219917012449,0.674896265560166,24.4,24.66,877,878,1,False,False,outside_top_20
06,037,621326,06037621326,1400000US06037621326,6213.26,Census Tract 6213.26,G5020,S,739747,963934,+33.8222769,-118.3903264,06,037,621326,Census Tract 6213.26; Los Angeles County; California,3052,496,216,132,7.08,43,47,10,16,53,49.64876634922564,3.351233650774361,102.64876634922564,0.9367691764004836,usable_with_caution,1.74,24.54,113646.0,34830.0,0.3064780106646956,False,2,11,4,17,2,6,0.07468879668049792,0.129149377593361,0.6068464730290456,0.09647302904564317,0.4593360995850623,0.43195020746887963,27.11,26.56,842,856,14,False,False,outside_top_20
06,037,650004,06037650004,1400000US06037650004,6500.04,Census Tract 6500.04,G5020,S,755674,9874,+33.8773079,-118.3308068,06,037,650004,Census Tract 6500.04; Los Angeles County; California,4337,840,1647,325,37.98,244,136,32,37,276,140.9432509913121,135.0567490086879,416.9432509913121,0.5106639528670729,usable_with_caution,6.36,16.76,103800.0,26087.0,0.2513198458574181,False,0,15,1,22,1,7,0.5995850622406639,0.5632780082987552,0.5155601659751037,0.5850622406639004,0.5387966804979254,0.5049792531120332,56.19,55.51,384,399,15,False,False,outside_top_20
06,037,650401,06037650401,1400000US06037650401,6504.01,Census Tract 6504.01,G5020,S,3507318,716,+33.8428957,-118.3368653,06,037,650401,Census Tract 6504.01; Los Angeles County; California,4360,605,1616,423,37.06,139,111,151,207,290,234.8829495727606,55.117050427239406,524.8829495727606,0.8099412054233124,usable_with_caution,6.65,17.95,142566.0,20306.0,0.1424322769804862,False,5,18,6,26,1,8,0.6115145228215768,0.5850622406639004,0.8070539419087137,0.6009336099585063,0.19014522821576768,0.25072614107883817,56.0,57.21,389,362,-27,False,False,outside_top_20
06,037,650901,06037650901,1400000US06037650901,6509.01,Census Tract 6509.01,G5020,S,3545230,0,+33.8382367,-118.3181299,06,037,650901,Census Tract 6509.01; Los Angeles County; California,4920,542,1604,372,32.6,268,267,0,14,268,267.3667892614937,0.63321073850625,535.3667892614938,0.9976372733637826,usable_with_caution,5.45,16.71,104861.0,23809.0,0.2270529558177015,False,1,16,2,20,1,4,0.5845435684647303,0.5051867219917012,0.5352697095435685,0.5528008298755187,0.4028008298755187,0.4658713692946058,51.93,53.19,474,458,-16,False,False,outside_top_20
06,037,570602,06037570602,1400000US06037570602,5706.02,Census Tract 5706.02,G5020,S,1042596,0,+33.8561560,-118.1729328,06,037,570602,Census Tract 5706.02; Los Angeles County; California,5692,665,2633,691,46.26,263,261,0,19,263,261.6906570743404,1.309342925659621,524.6906570743404,0.9950215097883665,usable_with_caution,4.62,9.99,86645.0,24091.0,0.2780425875699694,False,0,4,0,5,0,1,0.5762448132780082,0.4460580912863071,0.3029045643153527,0.5241701244813277,0.8556016597510374,0.8814315352697095,54.62,55.14,421,413,-8,False,False,outside_top_20
06,037,570800,06037570800,1400000US06037570800,5708,Census Tract 5708,G5020,S,2390631,705,+33.8533032,-118.1353409,06,037,570800,Census Tract 5708; Los Angeles County; California,5489,509,936,184,17.05,220,167,0,19,220,168.0773631397161,51.92263686028389,388.0773631397161,0.7639880142714369,usable_with_caution,4.01,23.5,130625.0,16244.0,0.124355980861244,False,1,8,1,10,0,2,0.5119294605809128,0.3817427385892116,0.7531120331950207,0.45985477178423234,0.6321576763485477,0.7131742738589211,55.3,56.92,406,369,-37,False,False,outside_top_20
06,037,570902,06037570902,1400000US06037570902,5709.02,Census Tract 5709.02,G5020,S,1055804,0,+33.8532314,-118.1210795,06,037,570902,Census Tract 5709.02; Los Angeles County; California,3350,509,325,149,9.7,27,23,0,14,27,26.92582403567252,0.0741759643274804,53.92582403567252,0.9972527420619453,usable_with_caution,0.81,8.31,147063.0,26311.0,0.1789097189639814,False,1,12,1,17,0,5,0.005705394190871369,0.007261410788381743,0.8246887966804979,0.006327800829875519,0.5110995850622406,0.5858921161825725,27.1,28.59,843,822,-21,False,False,outside_top_20
06,037,651302,06037651302,1400000US06037651302,6513.02,Census Tract 6513.02,G5020,S,2388217,0,+33.8068097,-118.3711834,06,037,651302,Census Tract 6513.02; Los Angeles County; California,5847,970,929,261,15.89,189,110,49,58,238,124.35433245367852,113.64566754632148,362.3543324536785,0.5224971951835231,usable_with_caution,4.07,25.62,150237.0,30930.0,0.2058747179456458,False,1,11,5,18,4,7,0.5404564315352697,0.3895228215767635,0.8350622406639004,0.4800829875518672,0.5394190871369294,0.39024896265560166,56.29,53.31,380,455,75,False,False,outside_top_20
06,037,604002,06037604002,1400000US06037604002,6040.02,Census Tract 6040.02,G5020,S,650674,0,+33.8765977,-118.3569295,06,037,604002,Census Tract 6040.02; Los Angeles County; California,3805,434,403,251,10.59,44,34,0,14,44,36.76955262170047,7.23044737829953,80.76955262170047,0.8356716504931925,usable_with_caution,1.16,10.92,85967.0,12547.0,0.1459513534263147,False,0,13,0,22,0,9,0.044087136929460584,0.043568464730290454,0.29564315352697096,0.04387966804979253,0.5932572614107885,0.5923236514522822,20.41,20.39,911,910,-1,False,False,outside_top_20
06,037,701304,06037701304,1400000US06037701304,7013.04,Census Tract 7013.04,G5020,S,2080500,250093,+34.0293136,-118.5076229,06,037,701304,Census Tract 7013.04; Los Angeles County; California,5965,752,618,263,10.36,101,82,105,116,206,142.0563268566381,63.94367314336191,348.05632685663807,0.689593819692418,usable_with_caution,3.45,33.33,134185.0,19899.0,0.1482952640011924,False,0,5,0,6,0,1,0.491701244813278,0.32676348547717843,0.7717842323651453,0.4257261410788381,0.8350622406639003,0.8686721991701245,57.68,58.35,350,344,-6,False,False,outside_top_20
06,037,670413,06037670413,1400000US06037670413,6704.13,Census Tract 6704.13,G5020,S,2187328,0,+33.7725789,-118.3974716,06,037,670413,Census Tract 6704.13; Los Angeles County; California,4897,565,2022,420,41.29,839,296,42,42,881,298.9648808806814,582.0351191193186,1179.9648808806814,0.3393471973674022,more_reliable,17.99,43.57,214625.0,36276.0,0.1690203843913803,False,0,0,0,0,0,0,0.8485477178423236,0.8205394190871369,0.966804979253112,0.8373443983402489,0.929045643153527,0.9436721991701245,88.16,88.45,7,4,-3,True,True,stable_top_20
06,037,111206,06037111206,1400000US06037111206,1112.06,Census Tract 1112.06,G5020,S,2611193,11548,+34.2690645,-118.5343557,06,037,111206,Census Tract 1112.06; Los Angeles County; California,4177,507,954,307,22.84,102,71,15,23,117,74.63243262818116,42.36756737181884,191.6324326281812,0.6378840395571039,usable_with_caution,2.8,12.26,153355.0,39959.0,0.2605653548955039,False,1,7,1,9,0,2,0.3096473029045643,0.26089211618257263,0.8464730290456431,0.29014522821576766,0.6617219917012449,0.7318464730290457,47.57,48.98,554,535,-19,False,False,outside_top_20
06,037,278001,06037278001,1400000US06037278001,2780.01,Census Tract 2780.01,G5020,S,1614008,779,+33.9559664,-118.4022250,06,037,278001,Census Tract 2780.01; Los Angeles County; California,2572,396,323,132,12.56,99,73,9,16,108,74.73285756613352,33.26714243386648,182.73285756613356,0.6919709033901251,usable_with_caution,4.2,33.44,76406.0,40255.0,0.5268565295919169,False,3,16,4,19,1,3,0.2816390041493776,0.4019709543568465,0.1841286307053942,0.32977178423236514,0.27043568464730294,0.395850622406639,28.88,31.39,816,789,-27,False,False,outside_top_20
06,037,404504,06037404504,1400000US06037404504,4045.04,Census Tract 4045.04,G5020,S,672303,0,+34.1104925,-117.9033404,06,037,404504,Census Tract 4045.04; Los Angeles County; California,4856,758,722,489,14.87,179,138,29,45,208,145.15164484083533,62.84835515916467,353.15164484083533,0.6978444463501698,usable_with_caution,4.28,28.81,84954.0,10145.0,0.1194175671539892,False,0,6,0,9,0,3,0.49377593360995853,0.41234439834024894,0.2863070539419087,0.4612033195020747,0.8061203319502075,0.8191908713692946,49.52,49.78,519,520,1,False,False,outside_top_20
06,037,405301,06037405301,1400000US06037405301,4053.01,Census Tract 4053.01,G5020,S,825367,0,+34.0851660,-117.9377973,06,037,405301,Census Tract 4053.01; Los Angeles County; California,3053,403,803,320,26.3,198,132,0,14,198,132.74034804836094,65.25965195163906,330.74034804836094,0.6704057982240451,usable_with_caution,6.49,24.66,92664.0,13761.0,0.1485042735042735,False,0,8,0,13,0,5,0.48651452282157676,0.5726141078838174,0.38070539419087135,0.520954356846473,0.7441908713692946,0.7445020746887967,53.76,53.76,445,446,1,False,False,outside_top_20
06,037,405302,06037405302,1400000US06037405302,4053.02,Census Tract 4053.02,G5020,S,1795072,0,+34.0764607,-117.9439929,06,037,405302,Census Tract 4053.02; Los Angeles County; California,5927,788,1116,236,18.83,770,201,0,19,770,201.89601283829256,568.1039871617074,971.8960128382926,0.2622026140757046,more_reliable,12.99,69.0,104138.0,20061.0,0.1926386141466131,False,1,9,1,16,0,7,0.8205394190871369,0.7629668049792531,0.5259336099585062,0.7975103734439835,0.6013485477178423,0.600207468879668,70.4,70.37,130,125,-5,False,False,outside_top_20
06,037,700102,06037700102,1400000US06037700102,7001.02,Census Tract 7001.02,G5020,S,490971,0,+34.0892775,-118.3538978,06,037,700102,Census Tract 7001.02; Los Angeles County; California,4237,598,211,137,4.98,38,46,16,26,54,52.839379254491625,1.1606207455083748,106.83937925449165,0.9785070232313264,usable_with_caution,1.27,25.59,68036.0,22697.0,0.3336027985184314,False,0,11,2,27,2,16,0.07883817427385892,0.054979253112033194,0.12344398340248963,0.06929460580912863,0.6514522821576764,0.3725103734439834,19.66,14.08,915,943,28,False,False,outside_top_20
06,037,408006,06037408006,1400000US06037408006,4080.06,Census Tract 4080.06,G5020,S,3323281,0,+34.0345437,-117.9014171,06,037,408006,Census Tract 4080.06; Los Angeles County; California,3970,449,1621,379,40.83,491,229,19,38,510,232.13142829009604,277.868571709904,742.131428290096,0.4551596633139138,more_reliable,12.85,31.46,84130.0,26301.0,0.3126233210507548,False,1,11,4,26,3,15,0.7557053941908713,0.7614107883817427,0.2717842323651452,0.7579875518672199,0.5394190871369294,0.29470954356846474,61.7,56.81,270,372,102,False,False,outside_top_20
06,037,430003,06037430003,1400000US06037430003,4300.03,Census Tract 4300.03,G5020,S,11942911,0,+34.1722651,-117.9421585,06,037,430003,Census Tract 4300.03; Los Angeles County; California,4981,769,1016,389,20.4,162,102,32,52,194,114.49017425089367,79.50982574910631,308.4901742508937,0.5901555373757407,usable_with_caution,3.89,19.09,138657.0,26006.0,0.1875563440720627,False,0,0,0,0,0,0,0.48184647302904565,0.36929460580912865,0.7977178423236515,0.43682572614107884,0.929045643153527,0.9436721991701245,60.74,61.04,294,281,-13,False,False,outside_top_20
06,037,430301,06037430301,1400000US06037430301,4303.01,Census Tract 4303.01,G5020,S,24373515,73132,+34.1651251,-117.9854038,06,037,430301,Census Tract 4303.01; Los Angeles County; California,4426,667,560,241,12.65,416,248,41,53,457,253.60007886434104,203.39992113565896,710.6000788643411,0.5549235861364137,usable_with_caution,10.33,81.61,147236.0,15909.0,0.1080510201309462,False,0,3,0,6,0,3,0.733402489626556,0.7085062240663901,0.8278008298755186,0.7234439834024896,0.8733402489626556,0.8686721991701245,77.43,77.34,61,53,-8,False,False,outside_top_20
06,037,274202,06037274202,1400000US06037274202,2742.02,Census Tract 2742.02,G5020,S,952665,1272378,+33.9709011,-118.4615184,06,037,274202,Census Tract 2742.02; Los Angeles County; California,4286,566,211,135,4.92,62,69,58,85,120,109.48059188732952,10.51940811267049,229.48059188732952,0.912338265727746,usable_with_caution,2.8,56.87,116552.0,29877.0,0.2563405175372366,False,0,4,0,4,0,0,0.3184647302904564,0.26089211618257263,0.6307053941908713,0.2954356846473029,0.8556016597510374,0.8935684647302904,47.45,48.21,559,549,-10,False,False,outside_top_20
06,037,113102,06037113102,1400000US06037113102,1131.02,Census Tract 1131.02,G5020,S,3653887,16997,+34.2658924,-118.5667261,06,037,113102,Census Tract 1131.02; Los Angeles County; California,2722,269,512,190,18.81,162,104,12,15,174,105.07616285342742,68.92383714657258,279.07616285342743,0.6038859934105024,usable_with_caution,6.39,33.98,200625.0,61619.0,0.3071352024922118,False,1,5,1,8,0,3,0.4403526970954357,0.566908713692946,0.9553941908713693,0.49097510373443987,0.7230290456431535,0.7486514522821577,63.03,63.54,245,229,-16,False,False,outside_top_20
06,037,119001,06037119001,1400000US06037119001,1190.01,Census Tract 1190.01,G5020,S,1016690,56537,+34.2351095,-118.4203143,06,037,119001,Census Tract 1190.01; Los Angeles County; California,4341,587,935,393,21.54,71,65,0,14,71,66.49060083951716,4.509399160482843,137.49060083951716,0.9364873357678472,usable_with_caution,1.64,7.59,117474.0,28121.0,0.2393806289051194,False,0,12,1,19,1,7,0.14782157676348548,0.11047717842323651,0.6390041493775933,0.1328838174273859,0.6231327800829876,0.549792531120332,33.22,31.75,768,786,18,False,False,outside_top_20
06,037,480304,06037480304,1400000US06037480304,4803.04,Census Tract 4803.04,G5020,S,436639,0,+34.0961677,-118.1316021,06,037,480304,Census Tract 4803.04; Los Angeles County; California,4188,459,2544,444,60.74,1584,370,73,62,1657,375.1586331140469,1281.8413668859532,2032.1586331140468,0.2264083482885014,more_reliable,39.57,65.13,78165.0,12562.0,0.1607113158063071,False,6,40,9,81,3,41,0.9367219917012448,0.9315352697095436,0.1970954356846473,0.9346473029045643,0.08682572614107886,0.05497925311203321,61.76,61.12,268,279,11,False,False,outside_top_20
06,037,543501,06037543501,1400000US06037543501,5435.01,Census Tract 5435.01,G5020,S,2660821,6246,+33.8387785,-118.2825106,06,037,543501,Census Tract 5435.01; Los Angeles County; California,6069,660,3597,744,59.27,230,138,0,19,230,139.30183056945089,90.69816943054911,369.3018305694509,0.605660132910656,usable_with_caution,3.79,6.39,97231.0,18907.0,0.1944544435416688,False,3,15,3,18,0,3,0.5259336099585062,0.36099585062240663,0.43983402489626555,0.4599585062240664,0.29439834024896266,0.4531120331950207,42.28,45.46,641,600,-41,False,False,outside_top_20
06,037,543502,06037543502,1400000US06037543502,5435.02,Census Tract 5435.02,G5020,S,1100396,21255,+33.8387890,-118.2933074,06,037,543502,Census Tract 5435.02; Los Angeles County; California,4813,977,1268,423,26.35,211,184,0,14,211,184.53184007102948,26.46815992897052,395.5318400710295,0.8745584837489548,usable_with_caution,4.38,16.64,100284.0,24581.0,0.245113876590483,False,2,15,2,18,0,3,0.4994813278008299,0.41597510373443985,0.46887966804979253,0.46607883817427387,0.3466804979253112,0.5035269709543568,44.28,47.41,612,565,-47,False,False,outside_top_20
06,037,503106,06037503106,1400000US06037503106,5031.06,Census Tract 5031.06,G5020,S,924881,0,+33.9207603,-118.0236715,06,037,503106,Census Tract 5031.06; Los Angeles County; California,3820,560,217,155,5.68,68,81,27,47,95,93.64827814754524,1.3517218524547587,188.64827814754523,0.9857713489215288,usable_with_caution,2.49,43.78,89958.0,22282.0,0.2476933680161853,False,2,9,2,11,0,2,0.2437759336099585,0.2157676348547718,0.34647302904564314,0.23257261410788382,0.5212655601659751,0.6276970954356846,31.31,33.44,791,766,-25,False,False,outside_top_20
06,037,301801,06037301801,1400000US06037301801,3018.01,Census Tract 3018.01,G5020,S,712358,10923,+34.1556264,-118.2611397,06,037,301801,Census Tract 3018.01; Los Angeles County; California,6185,486,1103,246,17.83,37,34,28,47,65,58.00862004909271,6.991379950907295,123.00862004909273,0.89244030844758,usable_with_caution,1.05,5.89,81586.0,9673.0,0.1185620081876792,False,1,5,3,9,2,4,0.1275933609958506,0.029045643153526972,0.237551867219917,0.08817427385892115,0.7230290456431535,0.6152489626556017,24.5,22.35,876,896,20,False,False,outside_top_20
06,037,131701,06037131701,1400000US06037131701,1317.01,Census Tract 1317.01,G5020,S,659667,0,+34.2046643,-118.5578906,06,037,131701,Census Tract 1317.01; Los Angeles County; California,4896,685,1216,609,24.84,58,52,59,88,117,102.2154587134451,14.784541286554898,219.21545871344512,0.8736363992602145,usable_with_caution,2.39,9.62,72321.0,23424.0,0.3238893267515659,False,0,12,1,20,1,8,0.3096473029045643,0.20280082987551867,0.14937759336099585,0.26690871369294605,0.6231327800829876,0.5320539419087137,31.46,29.64,787,809,22,False,False,outside_top_20
06,037,137103,06037137103,1400000US06037137103,1371.03,Census Tract 1371.03,G5020,S,759715,0,+34.1744854,-118.6013397,06,037,137103,Census Tract 1371.03; Los Angeles County; California,4860,669,852,366,17.53,136,135,0,14,136,135.72398461583714,0.2760153841628607,271.72398461583714,0.9979704751164497,usable_with_caution,2.8,15.96,86029.0,14002.0,0.1627590696160597,False,2,11,3,13,1,2,0.3620331950207469,0.26089211618257263,0.2966804979253112,0.32157676348547715,0.4593360995850623,0.5405601659751037,34.41,36.04,754,735,-19,False,False,outside_top_20
06,037,408136,06037408136,1400000US06037408136,4081.36,Census Tract 4081.36,G5020,S,1009037,0,+34.0089074,-117.8755523,06,037,408136,Census Tract 4081.36; Los Angeles County; California,3620,450,1349,265,37.27,479,209,51,74,530,221.713779454503,308.28622054549703,751.713779454503,0.4183278857632132,more_reliable,14.64,39.29,128359.0,27617.0,0.2151543717230579,False,2,13,3,30,1,17,0.7645228215767634,0.7873443983402489,0.7375518672199171,0.7736514522821576,0.4011410788381743,0.29906639004149377,69.19,67.15,146,175,29,False,False,outside_top_20
06,037,571300,06037571300,1400000US06037571300,5713,Census Tract 5713,G5020,S,2043457,43182,+33.8356395,-118.1500711,06,037,571300,Census Tract 5713; Los Angeles County; California,4685,485,569,195,12.15,56,51,10,16,66,53.45091205957107,12.549087940428931,119.45091205957108,0.8098623039328949,usable_with_caution,1.41,11.6,136806.0,28656.0,0.2094644971711767,False,1,5,1,5,0,0,0.133298755186722,0.07780082987551867,0.7894190871369294,0.11109958506224066,0.7230290456431535,0.7940871369294606,36.91,38.34,716,699,-17,False,False,outside_top_20
06,037,571400,06037571400,1400000US06037571400,5714,Census Tract 5714,G5020,S,1911366,7783,+33.8360220,-118.1583920,06,037,571400,Census Tract 5714; Los Angeles County; California,4779,516,906,303,18.96,32,23,12,18,44,29.206163733020468,14.793836266979532,73.20616373302047,0.6637764484777379,usable_with_caution,0.92,4.86,120588.0,19984.0,0.1657212989683882,False,1,5,1,5,0,0,0.044087136929460584,0.012966804979253113,0.671161825726141,0.03163900414937759,0.7230290456431535,0.7940871369294606,29.78,31.2,804,793,-11,False,False,outside_top_20
06,037,571800,06037571800,1400000US06037571800,5718,Census Tract 5718,G5020,S,2655771,184371,+33.8334835,-118.1970981,06,037,571800,Census Tract 5718; Los Angeles County; California,3005,565,316,180,10.52,206,166,16,26,222,168.0238078368658,53.976192163134215,390.0238078368658,0.7568639992651612,usable_with_caution,7.39,70.25,131204.0,45711.0,0.3483963903539526,False,0,3,0,3,0,0,0.5155601659751037,0.6213692946058091,0.7562240663900415,0.5578838174273859,0.8733402489626556,0.9060165975103736,66.06,66.72,186,179,-7,False,False,outside_top_20
06,037,408139,06037408139,1400000US06037408139,4081.39,Census Tract 4081.39,G5020,S,784402,0,+34.0123196,-117.9134033,06,037,408139,Census Tract 4081.39; Los Angeles County; California,4033,735,477,216,11.83,249,160,0,14,249,160.61133210331082,88.38866789668918,409.6113321033108,0.6450254301337783,usable_with_caution,6.17,52.2,107050.0,23286.0,0.2175245212517515,False,0,19,0,40,0,21,0.5622406639004149,0.5518672199170125,0.5570539419087137,0.558091286307054,0.46846473029045643,0.4557053941908714,54.0,53.74,433,447,14,False,False,outside_top_20
06,037,408724,06037408724,1400000US06037408724,4087.24,Census Tract 4087.24,G5020,S,533587,0,+33.9841386,-117.9033277,06,037,408724,Census Tract 4087.24; Los Angeles County; California,5389,710,1540,418,28.58,867,273,36,56,903,278.6844093235214,624.3155906764787,1181.684409323521,0.3086206083316958,more_reliable,16.76,58.64,70396.0,12777.0,0.1815017898744247,False,5,15,15,32,10,17,0.8568464730290456,0.8112033195020747,0.1441908713692946,0.8385892116182572,0.24896265560165975,0.15923236514522823,58.18,56.38,343,380,37,False,False,outside_top_20
06,037,670003,06037670003,1400000US06037670003,6700.03,Census Tract 6700.03,G5020,S,1496095,0,+33.7964561,-118.3227832,06,037,670003,Census Tract 6700.03; Los Angeles County; California,6034,578,1141,581,18.91,278,274,22,37,300,276.4868893817571,23.51311061824288,576.4868893817571,0.9216229646058572,usable_with_caution,4.97,26.29,92891.0,11357.0,0.1222615753948175,False,0,11,1,16,1,5,0.6234439834024896,0.4730290456431535,0.38381742738589214,0.5632780082987552,0.6514522821576764,0.600207468879668,54.5,53.48,426,453,27,False,False,outside_top_20
06,037,550202,06037550202,1400000US06037550202,5502.02,Census Tract 5502.02,G5020,S,1260099,0,+33.9212703,-118.0897042,06,037,550202,Census Tract 5502.02; Los Angeles County; California,5130,517,549,206,10.7,164,132,0,19,164,133.3604139165742,30.6395860834258,297.3604139165742,0.8131732555888671,usable_with_caution,3.2,29.87,109205.0,30638.0,0.2805549196465363,False,2,11,2,15,0,4,0.42271784232365145,0.30601659751037347,0.5736514522821576,0.37603734439834025,0.4593360995850623,0.5526970954356847,43.22,45.09,624,606,-18,False,False,outside_top_20
06,037,212502,06037212502,1400000US06037212502,2125.02,Census Tract 2125.02,G5020,S,285085,0,+34.0586417,-118.3069674,06,037,212502,Census Tract 2125.02; Los Angeles County; California,3591,485,1553,322,43.25,208,164,26,30,234,166.7213243709394,67.27867562906059,400.7213243709394,0.7124842921835017,usable_with_caution,6.52,15.07,73406.0,17075.0,0.2326104133177124,False,13,44,25,64,12,20,0.533195020746888,0.5757261410788381,0.15767634854771784,0.550207468879668,0.03392116182572615,0.05217842323651454,36.84,37.21,718,718,0,False,False,outside_top_20
06,037,212702,06037212702,1400000US06037212702,2127.02,Census Tract 2127.02,G5020,S,880616,0,+34.0585147,-118.3261907,06,037,212702,Census Tract 2127.02; Los Angeles County; California,3508,507,1973,409,56.24,16,23,40,41,56,47.01063709417264,8.989362905827363,103.01063709417264,0.83947566239594,usable_with_caution,1.6,2.84,74727.0,40852.0,0.5466832604011936,False,3,35,5,58,2,23,0.08973029045643154,0.10477178423236515,0.17012448132780084,0.09574688796680497,0.16338174273858921,0.15373443983402493,12.41,12.22,947,950,3,False,False,outside_top_20
06,037,543503,06037543503,1400000US06037543503,5435.03,Census Tract 5435.03,G5020,S,1663602,12058,+33.8331813,-118.2920619,06,037,543503,Census Tract 5435.03; Los Angeles County; California,5473,800,2443,445,44.64,219,140,0,19,219,141.2834031300209,77.7165968699791,360.28340313002093,0.6451296946576297,usable_with_caution,4.0,8.96,100580.0,18220.0,0.1811493338635911,False,2,14,3,17,1,3,0.5098547717842323,0.379149377593361,0.47614107883817425,0.4575726141078838,0.3728215767634855,0.46929460580912863,44.43,46.36,609,582,-27,False,False,outside_top_20
06,037,214501,06037214501,1400000US06037214501,2145.01,Census Tract 2145.01,G5020,S,752344,0,+34.0712362,-118.3578948,06,037,214501,Census Tract 2145.01; Los Angeles County; California,3809,831,1637,869,42.98,156,127,52,81,208,150.63200191194434,57.36799808805566,358.6320019119444,0.7241923168843478,usable_with_caution,5.46,12.71,118885.0,10836.0,0.0911469066745173,False,1,16,4,33,3,17,0.49377593360995853,0.5067427385892116,0.6504149377593361,0.49896265560165975,0.4028008298755187,0.24304979253112036,51.0,47.81,487,558,71,False,False,outside_top_20
06,037,216402,06037216402,1400000US06037216402,2164.02,Census Tract 2164.02,G5020,S,229443,0,+34.0611535,-118.3804364,06,037,216402,Census Tract 2164.02; Los Angeles County; California,2648,581,180,107,6.8,44,38,0,14,44,40.49691346263317,3.5030865373668263,84.49691346263317,0.9203843968780266,usable_with_caution,1.66,24.44,101470.0,7131.0,0.0702769291416182,False,2,10,6,19,4,9,0.044087136929460584,0.11618257261410789,0.48651452282157676,0.0729253112033195,0.48890041493775926,0.3518672199170124,23.88,21.14,886,905,19,False,False,outside_top_20
06,037,183103,06037183103,1400000US06037183103,1831.03,Census Tract 1831.03,G5020,S,639705,18167,+34.1156486,-118.1749059,06,037,183103,Census Tract 1831.03; Los Angeles County; California,4318,823,428,170,9.91,107,78,0,14,107,79.2464510246358,27.7535489753642,186.2464510246358,0.7406210376134187,usable_with_caution,2.48,25.0,93506.0,22946.0,0.2453960173678694,False,2,10,3,17,1,7,0.2769709543568465,0.21369294605809128,0.3921161825726141,0.2516597510373444,0.48890041493775926,0.46929460580912863,32.72,32.33,772,776,4,False,False,outside_top_20
06,037,183104,06037183104,1400000US06037183104,1831.04,Census Tract 1831.04,G5020,S,662254,4556,+34.1215773,-118.1746179,06,037,183104,Census Tract 1831.04; Los Angeles County; California,2078,191,397,138,19.1,108,55,0,14,108,56.753854494650845,51.24614550534916,164.75385449465085,0.5254986527282486,usable_with_caution,5.2,27.2,94444.0,24059.0,0.2547435517343611,False,2,9,2,13,0,4,0.2816390041493776,0.4880705394190871,0.4045643153526971,0.3642116182572614,0.5212655601659751,0.5909751037344398,40.37,41.76,662,655,-7,False,False,outside_top_20
06,037,670202,06037670202,1400000US06037670202,6702.02,Census Tract 6702.02,G5020,S,2984028,0,+33.7885725,-118.3578962,06,037,670202,Census Tract 6702.02; Los Angeles County; California,2505,453,615,129,24.55,93,67,49,38,142,77.02596964660685,64.97403035339315,219.02596964660685,0.5424364059620201,usable_with_caution,5.67,23.09,208700.0,29759.0,0.1425922376617154,False,0,6,0,11,0,5,0.3770746887966805,0.5197095435684648,0.9626556016597511,0.4341286307053942,0.8061203319502075,0.7812240663900415,61.42,60.93,276,283,7,False,False,outside_top_20
06,037,221402,06037221402,1400000US06037221402,2214.02,Census Tract 2214.02,G5020,S,532313,0,+34.0384431,-118.3090474,06,037,221402,Census Tract 2214.02; Los Angeles County; California,2771,419,517,171,18.66,47,42,0,14,47,44.27188724235731,2.728112757642691,91.27188724235732,0.94195504770973,usable_with_caution,1.7,9.09,36736.0,16782.0,0.4568270905923345,False,3,42,6,58,3,16,0.05186721991701245,0.12344398340248963,0.017634854771784232,0.08049792531120332,0.13288381742738586,0.13526970954356848,7.84,7.89,961,961,0,False,False,outside_top_20
06,037,400207,06037400207,1400000US06037400207,4002.07,Census Tract 4002.07,G5020,S,5024866,2201,+34.1348083,-117.7779112,06,037,400207,Census Tract 4002.07; Los Angeles County; California,4618,598,505,172,10.94,237,147,0,14,237,147.6651617681029,89.3348382318971,384.6651617681029,0.6230597542957929,usable_with_caution,5.13,46.93,149052.0,28110.0,0.188591900813139,False,0,3,0,4,0,1,0.5383817427385892,0.48443983402489627,0.8298755186721992,0.516804979253112,0.8733402489626556,0.8935684647302904,65.07,65.48,211,192,-19,False,False,outside_top_20
06,037,670406,06037670406,1400000US06037670406,6704.06,Census Tract 6704.06,G5020,S,1188202,0,+33.7630528,-118.3853125,06,037,670406,Census Tract 6704.06; Los Angeles County; California,1837,360,798,182,43.44,297,124,57,52,354,134.46189051177288,219.53810948822712,488.4618905117729,0.3798358489033132,more_reliable,19.27,44.36,239792.0,39074.0,0.1629495562821111,False,0,0,0,0,0,0,0.6779045643153527,0.828838174273859,0.983402489626556,0.7382780082987552,0.929045643153527,0.9436721991701245,82.55,82.84,23,21,-2,False,False,outside_top_20
06,037,670407,06037670407,1400000US06037670407,6704.07,Census Tract 6704.07,G5020,S,1258009,0,+33.7735719,-118.3868779,06,037,670407,Census Tract 6704.07; Los Angeles County; California,6031,832,2282,877,37.84,565,293,133,128,698,319.7389560250674,378.2610439749326,1017.7389560250674,0.4580787335602685,more_reliable,11.57,30.59,158149.0,42459.0,0.2684746662957085,False,0,1,0,5,0,4,0.8060165975103735,0.7396265560165975,0.8641078838174274,0.7794605809128631,0.9122406639004149,0.8814315352697095,82.29,81.68,27,29,2,False,False,outside_top_20
06,037,402001,06037402001,1400000US06037402001,4020.01,Census Tract 4020.01,G5020,S,1458683,0,+34.0873245,-117.7243424,06,037,402001,Census Tract 4020.01; Los Angeles County; California,4389,664,640,187,14.58,155,142,38,48,193,149.89329538041386,43.10670461958614,342.89329538041386,0.776649198862248,usable_with_caution,4.4,30.16,64609.0,26688.0,0.4130693866179634,False,3,10,3,13,0,3,0.47925311203319504,0.41804979253112035,0.10062240663900415,0.45477178423236514,0.43661825726141074,0.5405601659751037,38.03,40.11,699,672,-27,False,False,outside_top_20
06,037,402002,06037402002,1400000US06037402002,4020.02,Census Tract 4020.02,G5020,S,1654730,0,+34.0874189,-117.7134868,06,037,402002,Census Tract 4020.02; Los Angeles County; California,3719,456,208,122,5.59,60,54,0,14,60,55.78530272392541,4.214697276074588,115.7853027239254,0.9297550453987568,usable_with_caution,1.61,28.85,104896.0,28351.0,0.2702772269676632,False,2,8,2,11,0,3,0.10995850622406639,0.10736514522821576,0.5363070539419087,0.10892116182572614,0.5520746887966805,0.6276970954356846,28.3,29.82,824,806,-18,False,False,outside_top_20
06,037,207101,06037207101,1400000US06037207101,2071.01,Census Tract 2071.01,G5020,S,300183,0,+34.0612027,-118.2448177,06,037,207101,Census Tract 2071.01; Los Angeles County; California,4264,696,2032,716,47.65,871,436,0,14,871,436.22471273415954,434.77528726584046,1307.2247127341595,0.5008320467671177,usable_with_caution,20.43,42.86,65729.0,16774.0,0.2551993792694244,False,7,37,9,47,2,10,0.8464730290456431,0.8423236514522822,0.11307053941908714,0.8448132780082988,0.09004149377593357,0.13278008298755187,54.75,55.61,417,398,-19,False,False,outside_top_20
06,037,207102,06037207102,1400000US06037207102,2071.02,Census Tract 2071.02,G5020,S,415045,0,+34.0592851,-118.2395097,06,037,207102,Census Tract 2071.02; Los Angeles County; California,3331,405,2253,459,67.64,1578,357,0,14,1578,357.2744043448957,1220.7255956551044,1935.274404344896,0.2264096351995536,more_reliable,47.37,70.04,46952.0,24870.0,0.5296898960640655,False,7,32,10,40,3,8,0.9346473029045643,0.9647302904564315,0.038381742738589214,0.9466804979253112,0.10560165975103733,0.13890041493775937,59.68,60.35,308,297,-11,False,False,outside_top_20
06,037,207502,06037207502,1400000US06037207502,2075.02,Census Tract 2075.02,G5020,S,418380,0,+34.0527070,-118.2530840,06,037,207502,Census Tract 2075.02; Los Angeles County; California,4518,529,2187,410,48.41,369,213,84,93,453,232.4177273789588,220.58227262104123,685.4177273789587,0.5130634158475911,usable_with_caution,10.03,20.71,24515.0,18916.0,0.7716092188456047,False,7,46,8,58,1,12,0.7313278008298755,0.7033195020746889,0.004149377593360996,0.7201244813278008,0.048651452282157656,0.11742738589211621,44.26,45.64,614,596,-18,False,False,outside_top_20
06,037,211703,06037211703,1400000US06037211703,2117.03,Census Tract 2117.03,G5020,S,184109,0,+34.0671466,-118.3115820,06,037,211703,Census Tract 2117.03; Los Angeles County; California,4330,580,2060,567,47.58,50,44,21,35,71,56.22277118748239,14.777228812517611,127.22277118748238,0.791870016725104,usable_with_caution,1.64,3.45,64206.0,6524.0,0.1016104413917702,False,7,43,14,65,7,22,0.14782157676348548,0.11047717842323651,0.09854771784232365,0.1328838174273859,0.06234439834024896,0.06441908713692945,11.19,11.23,955,955,0,False,False,outside_top_20
06,037,212701,06037212701,1400000US06037212701,2127.01,Census Tract 2127.01,G5020,S,469617,0,+34.0543037,-118.3193139,06,037,212701,Census Tract 2127.01; Los Angeles County; California,2525,243,1280,244,50.69,93,76,0,14,93,77.27871634544663,15.721283654553377,170.27871634544664,0.8309539391983508,usable_with_caution,3.68,7.27,85030.0,14417.0,0.1695519228507585,False,5,39,11,58,6,19,0.23236514522821577,0.34854771784232363,0.2894190871369295,0.27883817427385893,0.10269709543568467,0.09937759336099586,24.57,24.51,875,882,7,False,False,outside_top_20
06,037,651304,06037651304,1400000US06037651304,6513.04,Census Tract 6513.04,G5020,S,1431124,808062,+33.8113912,-118.3878823,06,037,651304,Census Tract 6513.04; Los Angeles County; California,5005,746,831,462,16.6,112,104,0,19,112,105.72133181151284,6.278668188487146,217.72133181151287,0.9439404626027932,usable_with_caution,2.24,13.48,125945.0,23863.0,0.1894715947437373,False,2,11,3,17,1,6,0.2946058091286307,0.18516597510373445,0.7147302904564315,0.2508298755186722,0.4593360995850623,0.46929460580912863,38.53,38.73,690,687,-3,False,False,outside_top_20
06,037,651402,06037651402,1400000US06037651402,6514.02,Census Tract 6514.02,G5020,S,1827855,1183,+33.7959818,-118.3446895,06,037,651402,Census Tract 6514.02; Los Angeles County; California,5279,729,2305,562,43.66,488,288,61,88,549,301.14448359549937,247.85551640450063,850.1444835954994,0.5485327570045526,usable_with_caution,10.4,23.82,124053.0,19061.0,0.1536520680676807,False,3,12,4,18,1,6,0.774896265560166,0.7105809128630706,0.7043568464730291,0.7491701244813278,0.3787344398340249,0.41576763485477175,66.61,67.35,180,169,-11,False,False,outside_top_20
06,037,670326,06037670326,1400000US06037670326,6703.26,Census Tract 6703.26,G5020,S,4038741,510448,+33.7882092,-118.4049517,06,037,670326,Census Tract 6703.26; Los Angeles County; California,3184,365,1015,211,31.88,426,192,254,141,680,238.2120903732638,441.7879096267362,918.2120903732638,0.3503118976077409,more_reliable,21.36,67.0,250001.0,,,True,0,3,0,7,0,4,0.8029045643153527,0.8495850622406639,0.9948132780082988,0.8215767634854771,0.8733402489626556,0.8524896265560167,86.66,86.24,13,8,-5,True,True,stable_top_20
06,037,670328,06037670328,1400000US06037670328,6703.28,Census Tract 6703.28,G5020,S,3585614,1405510,+33.7724316,-118.4179511,06,037,670328,Census Tract 6703.28; Los Angeles County; California,4382,566,1050,337,23.96,284,126,124,93,408,156.60459763365824,251.39540236634176,564.6045976336583,0.3838347981217114,more_reliable,9.31,38.86,243269.0,48704.0,0.2002063559269779,False,0,0,0,0,0,0,0.7131742738589212,0.6825726141078838,0.9865145228215768,0.7009336099585062,0.929045643153527,0.9436721991701245,80.37,80.66,39,32,-7,False,False,outside_top_20
06,037,670416,06037670416,1400000US06037670416,6704.16,Census Tract 6704.16,G5020,S,3566475,1123792,+33.7558674,-118.4075895,06,037,670416,Census Tract 6704.16; Los Angeles County; California,4055,693,1354,242,33.39,399,177,154,95,553,200.8830505542964,352.1169494457036,753.8830505542965,0.3632604892482756,more_reliable,13.64,40.84,169481.0,13731.0,0.0810179312135283,False,0,0,0,0,0,0,0.7759336099585062,0.7697095435684648,0.9024896265560166,0.7734439834024897,0.929045643153527,0.9436721991701245,83.04,83.33,21,19,-2,False,True,enters_top_20
06,037,573403,06037573403,1400000US06037573403,5734.03,Census Tract 5734.03,G5020,S,1664763,0,+33.7986098,-118.1589748,06,037,573403,Census Tract 5734.03; Los Angeles County; California,3354,543,1020,265,30.41,107,75,0,14,107,76.2954782408499,30.704521759150097,183.2954782408499,0.7130418527182234,usable_with_caution,3.19,10.49,141950.0,44585.0,0.3140894681225784,False,2,3,2,3,0,0,0.2769709543568465,0.30446058091286304,0.8060165975103735,0.2879668049792531,0.6812240663900415,0.7524896265560166,47.02,48.45,566,544,-22,False,False,outside_top_20
06,037,573700,06037573700,1400000US06037573700,5737,Census Tract 5737,G5020,S,1817080,1861,+33.8262637,-118.1094908,06,037,573700,Census Tract 5737; Los Angeles County; California,5105,570,720,313,14.1,81,98,27,32,108,103.09219175087898,4.907808249121018,211.09219175087895,0.9545573310266572,usable_with_caution,2.12,15.0,154266.0,16480.0,0.1068284651186911,False,0,6,0,9,0,3,0.2816390041493776,0.1696058091286307,0.8495850622406639,0.23682572614107883,0.8061203319502075,0.8191908713692946,47.32,47.59,560,561,1,False,False,outside_top_20
06,037,621301,06037621301,1400000US06037621301,6213.01,Census Tract 6213.01,G5020,S,1562902,0,+33.8350748,-118.3797461,06,037,621301,Census Tract 6213.01; Los Angeles County; California,7118,709,998,285,14.02,221,188,0,19,221,188.95766721676048,32.04233278323952,409.95766721676046,0.8550120688541198,usable_with_caution,3.1,22.14,121763.0,32743.0,0.2689076320392894,False,3,13,4,20,1,7,0.5134854771784232,0.29771784232365145,0.6846473029045643,0.4271784232365145,0.34885892116182576,0.37811203319502074,46.3,46.89,582,576,-6,False,False,outside_top_20
06,037,621400,06037621400,1400000US06037621400,6214,Census Tract 6214,G5020,S,1284962,0,+33.8227217,-118.3796422,06,037,621400,Census Tract 6214; Los Angeles County; California,4399,659,810,380,18.41,28,33,16,28,44,43.2781700167648,0.721829983235196,87.2781700167648,0.983594773108291,usable_with_caution,1.0,5.43,173466.0,31695.0,0.182715921275639,False,3,12,5,18,2,6,0.044087136929460584,0.023340248962655602,0.9118257261410788,0.03578838174273859,0.3787344398340249,0.39024896265560166,27.96,28.19,827,828,1,False,False,outside_top_20
06,037,650001,06037650001,1400000US06037650001,6500.01,Census Tract 6500.01,G5020,S,1584145,26087,+33.8792212,-118.3191730,06,037,650001,Census Tract 6500.01; Los Angeles County; California,6087,638,2811,414,46.18,259,134,13,21,272,135.63554106501732,136.36445893498268,407.6355410650173,0.4986600774449166,more_reliable,4.47,9.68,105573.0,30209.0,0.2861432373807697,False,2,14,5,22,3,8,0.5933609958506224,0.4299792531120332,0.5446058091286307,0.5280082987551867,0.3728215767634855,0.32551867219917013,50.03,49.08,504,533,29,False,False,outside_top_20
06,037,650101,06037650101,1400000US06037650101,6501.01,Census Tract 6501.01,G5020,S,1896575,6911,+33.8681429,-118.3164997,06,037,650101,Census Tract 6501.01; Los Angeles County; California,4841,840,2788,611,57.59,141,89,31,53,172,103.58571330062848,68.41428669937152,275.58571330062847,0.6022425191897005,usable_with_caution,3.55,6.17,100500.0,25275.0,0.2514925373134328,False,3,20,4,27,1,7,0.4346473029045643,0.34024896265560167,0.47199170124481327,0.3968879668049793,0.2153526970954357,0.28475103734439833,37.56,38.95,706,684,-22,False,False,outside_top_20
06,037,650102,06037650102,1400000US06037650102,6501.02,Census Tract 6501.02,G5020,S,852348,0,+33.8697405,-118.3325911,06,037,650102,Census Tract 6501.02; Los Angeles County; California,2187,294,617,120,28.21,139,83,0,14,139,84.17244204607586,54.82755795392414,223.17244204607584,0.6055571370221284,usable_with_caution,6.36,22.53,127628.0,7961.0,0.0623765944777008,False,0,16,0,25,0,9,0.3677385892116183,0.5632780082987552,0.7323651452282157,0.44595435684647305,0.5148340248962656,0.5471991701244814,51.7,52.35,476,469,-7,False,False,outside_top_20
06,037,650200,06037650200,1400000US06037650200,6502,Census Tract 6502,G5020,S,2424178,0,+33.8628071,-118.3318539,06,037,650200,Census Tract 6502; Los Angeles County; California,5945,596,1655,243,27.84,147,96,0,19,147,97.86214794290998,49.137852057090015,244.86214794291,0.6657288975708162,usable_with_caution,2.47,8.88,150742.0,17748.0,0.1177375913813005,False,0,15,0,23,0,8,0.3900414937759336,0.21161825726141079,0.8402489626556017,0.31867219917012446,0.5387966804979254,0.5758298755186722,46.7,47.44,573,564,-9,False,False,outside_top_20
06,037,573800,06037573800,1400000US06037573800,5738,Census Tract 5738,G5020,S,1534014,0,+33.8242122,-118.0984125,06,037,573800,Census Tract 5738; Los Angeles County; California,4377,437,390,200,8.91,74,68,0,14,74,69.42621983083913,4.5737801691608695,143.42621983083913,0.9381921598762044,usable_with_caution,1.69,18.97,135434.0,23580.0,0.1741069450802605,False,0,7,0,10,0,3,0.1628630705394191,0.120850622406639,0.7800829875518672,0.14605809128630706,0.7737551867219918,0.8005186721991702,39.84,40.38,670,670,0,False,False,outside_top_20
06,037,574000,06037574000,1400000US06037574000,5740,Census Tract 5740,G5020,S,1819895,0,+33.8144739,-118.1017387,06,037,574000,Census Tract 5740; Los Angeles County; California,5246,477,345,135,6.58,116,109,0,19,116,110.64357188738984,5.356428112610175,226.64357188738984,0.9538238955809468,usable_with_caution,2.21,33.62,140320.0,9000.0,0.0641391106043329,False,0,1,0,2,0,1,0.3049792531120332,0.1825726141078838,0.8018672199170125,0.2560165975103735,0.9122406639004149,0.9193983402489627,49.64,49.79,514,519,5,False,False,outside_top_20
06,037,650300,06037650300,1400000US06037650300,6503,Census Tract 6503,G5020,S,1876482,0,+33.8662186,-118.3493187,06,037,650300,Census Tract 6503; Los Angeles County; California,7693,1061,3233,1079,42.03,270,254,0,19,270,254.70963860835732,15.290361391642648,524.7096386083574,0.943369031882805,usable_with_caution,3.51,8.35,81885.0,23309.0,0.284655309275203,False,1,17,1,26,0,9,0.5892116182572614,0.33402489626556015,0.24273858921161826,0.48713692946058096,0.38350622406639,0.4486514522821577,41.75,43.06,646,637,-9,False,False,outside_top_20
06,037,650501,06037650501,1400000US06037650501,6505.01,Census Tract 6505.01,G5020,S,992864,0,+33.8538097,-118.3586745,06,037,650501,Census Tract 6505.01; Los Angeles County; California,2772,356,942,205,33.98,186,162,33,38,219,166.39711535961192,52.60288464038808,385.3971153596119,0.7598041797242553,usable_with_caution,7.9,23.25,163750.0,53657.0,0.3276763358778626,False,1,14,1,19,0,5,0.5098547717842323,0.6410788381742739,0.8848547717842323,0.562344398340249,0.45290456431535264,0.549792531120332,60.5,62.43,297,251,-46,False,False,outside_top_20
06,037,650502,06037650502,1400000US06037650502,6505.02,Census Tract 6505.02,G5020,S,1333152,0,+33.8530293,-118.3702823,06,037,650502,Census Tract 6505.02; Los Angeles County; California,4177,579,1174,225,28.11,170,116,0,14,170,116.84177335182824,53.15822664817176,286.84177335182824,0.6873045491284014,usable_with_caution,4.07,14.48,150241.0,16909.0,0.112545843012227,False,1,13,1,18,0,5,0.4299792531120332,0.3895228215767635,0.8360995850622407,0.41379668049792534,0.48122406639004156,0.5697095435684647,51.17,52.94,483,464,-19,False,False,outside_top_20
06,037,650603,06037650603,1400000US06037650603,6506.03,Census Tract 6506.03,G5020,S,1276241,0,+33.8441205,-118.3697251,06,037,650603,Census Tract 6506.03; Los Angeles County; California,3454,384,1335,362,38.65,267,117,207,199,474,230.8462691922917,243.1537308077083,704.8462691922916,0.4870174455533579,more_reliable,13.72,35.51,125417.0,26013.0,0.2074120733233931,False,1,12,1,19,0,7,0.7385892116182573,0.7743775933609959,0.7116182572614108,0.7529045643153527,0.5110995850622406,0.549792531120332,69.63,70.4,137,124,-13,False,False,outside_top_20
06,037,650701,06037650701,1400000US06037650701,6507.01,Census Tract 6507.01,G5020,S,2006328,0,+33.8317827,-118.3529869,06,037,650701,Census Tract 6507.01; Los Angeles County; California,2591,247,865,162,33.38,47,50,25,27,72,56.824290580701486,15.175709419298514,128.82429058070147,0.7892262580652984,usable_with_caution,2.78,8.32,163417.0,25253.0,0.1545310463415679,False,4,13,5,20,1,7,0.15197095435684646,0.25570539419087135,0.8838174273858921,0.1934647302904564,0.3189834024896266,0.35259336099585065,35.66,36.34,734,727,-7,False,False,outside_top_20
06,037,574400,06037574400,1400000US06037574400,5744,Census Tract 5744,G5020,S,3331253,69240,+33.8050344,-118.1023370,06,037,574400,Census Tract 5744; Los Angeles County; California,5484,746,577,344,10.52,40,42,11,18,51,45.69463863518345,5.305361364816548,96.69463863518344,0.8959733065722245,usable_with_caution,0.93,8.84,130455.0,33936.0,0.2601356789697597,False,0,1,0,1,0,0,0.06846473029045644,0.01504149377593361,0.7510373443983402,0.0470954356846473,0.9122406639004149,0.9321576763485477,36.09,36.49,727,725,-2,False,False,outside_top_20
06,037,574500,06037574500,1400000US06037574500,5745,Census Tract 5745,G5020,S,2549290,174070,+33.7873397,-118.1000457,06,037,574500,Census Tract 5745; Los Angeles County; California,6679,861,819,384,12.26,70,80,24,40,94,89.44271909999159,4.557280900008408,183.4427190999916,0.9515182882977828,usable_with_caution,1.41,11.48,161653.0,50639.0,0.3132574093892473,False,0,0,0,0,0,0,0.23858921161825727,0.07780082987551867,0.8765560165975104,0.17427385892116182,0.929045643153527,0.9436721991701245,46.57,46.86,574,578,4,False,False,outside_top_20
06,037,574602,06037574602,1400000US06037574602,5746.02,Census Tract 5746.02,G5020,S,574256,16243,+33.7757438,-118.1050845,06,037,574602,Census Tract 5746.02; Los Angeles County; California,1240,229,243,98,19.6,25,21,11,14,36,25.238858928247925,10.761141071752077,61.23885892824792,0.7010794146735535,usable_with_caution,2.9,14.81,158500.0,24188.0,0.1526056782334384,False,0,0,0,0,0,0,0.020228215767634856,0.2697095435684647,0.8661825726141079,0.12002074688796681,0.929045643153527,0.9436721991701245,43.11,43.4,628,629,1,False,False,outside_top_20
06,037,574800,06037574800,1400000US06037574800,5748,Census Tract 5748,G5020,S,1108069,0,+33.7834928,-118.1274859,06,037,574800,Census Tract 5748; Los Angeles County; California,3170,442,238,109,7.51,66,57,0,14,66,58.69412236331676,7.305877636683242,124.69412236331677,0.8893048842926782,usable_with_caution,2.08,27.73,108321.0,28895.0,0.2667534457769038,False,0,2,0,2,0,0,0.133298755186722,0.16597510373443983,0.5663900414937759,0.1463692946058091,0.8926348547717843,0.9193983402489627,37.96,38.5,700,692,-8,False,False,outside_top_20
06,037,574902,06037574902,1400000US06037574902,5749.02,Census Tract 5749.02,G5020,S,803318,0,+33.7913351,-118.1378252,06,037,574902,Census Tract 5749.02; Los Angeles County; California,5570,613,1319,499,23.68,242,247,69,99,311,266.101484400219,44.89851559978098,577.1014844002191,0.8556317826373602,usable_with_caution,5.58,23.58,88871.0,12833.0,0.1444003105625007,False,0,2,0,2,0,0,0.6348547717842323,0.5145228215767634,0.3309128630705394,0.5867219917012447,0.8926348547717843,0.9193983402489627,59.67,60.21,310,299,-11,False,False,outside_top_20
06,037,575002,06037575002,1400000US06037575002,5750.02,Census Tract 5750.02,G5020,S,965016,0,+33.7857831,-118.1434681,06,037,575002,Census Tract 5750.02; Los Angeles County; California,4632,461,738,266,15.93,67,59,0,14,67,60.63827174318213,6.3617282568178695,127.63827174318212,0.905048831987793,usable_with_caution,1.45,9.08,102083.0,11748.0,0.1150828247602441,False,0,2,0,2,0,0,0.13796680497925312,0.08402489626556017,0.4948132780082988,0.11639004149377594,0.8926348547717843,0.9193983402489627,34.73,35.27,750,743,-7,False,False,outside_top_20
06,037,602900,06037602900,1400000US06037602900,6029,Census Tract 6029,G5020,S,2796885,1146,+33.9079762,-118.3065724,06,037,602900,Census Tract 6029; Los Angeles County; California,4670,681,483,148,10.34,138,133,19,31,157,136.56500283747664,20.43499716252336,293.56500283747664,0.8698407824043098,usable_with_caution,3.36,32.51,106083.0,14066.0,0.1325942893771858,False,1,21,1,28,0,7,0.4066390041493776,0.3215767634854772,0.549792531120332,0.37261410788381744,0.34024896265560167,0.42966804979253115,40.16,41.95,666,654,-12,False,False,outside_top_20
06,037,503401,06037503401,1400000US06037503401,5034.01,Census Tract 5034.01,G5020,S,1952318,0,+33.9355390,-117.9846665,06,037,503401,Census Tract 5034.01; Los Angeles County; California,7641,1223,457,216,5.98,292,182,0,19,292,182.98907071188705,109.01092928811296,474.9890707118871,0.6266748996982433,usable_with_caution,3.82,63.89,109356.0,26315.0,0.2406360876403672,False,2,5,3,7,1,2,0.6141078838174274,0.3630705394190871,0.5757261410788381,0.5136929460580913,0.6429460580912862,0.6485477178423237,55.2,55.31,408,404,-4,False,False,outside_top_20
06,037,575402,06037575402,1400000US06037575402,5754.02,Census Tract 5754.02,G5020,S,323805,0,+33.7862264,-118.1915438,06,037,575402,Census Tract 5754.02; Los Angeles County; California,3565,463,230,130,6.45,56,48,0,14,56,50.0,6.0,106.0,0.8928571428571429,usable_with_caution,1.57,24.35,72623.0,7048.0,0.0970491442105118,False,0,2,0,2,0,0,0.08973029045643154,0.0995850622406639,0.15145228215767634,0.09367219917012448,0.8926348547717843,0.9193983402489627,26.5,27.04,854,845,-9,False,False,outside_top_20
06,037,603200,06037603200,1400000US06037603200,6032,Census Tract 6032,G5020,S,1105763,33318,+33.8701465,-118.3023094,06,037,603200,Census Tract 6032; Los Angeles County; California,3364,434,1652,460,49.11,137,104,33,37,170,110.3856874780422,59.61431252195781,280.3856874780422,0.6493275734002482,usable_with_caution,5.05,10.29,111711.0,9927.0,0.088863227435078,False,4,16,6,23,2,7,0.4299792531120332,0.4782157676348548,0.5954356846473029,0.4492738589211619,0.24056016597510377,0.2905601659751037,43.68,44.68,618,615,-3,False,False,outside_top_20
06,037,603302,06037603302,1400000US06037603302,6033.02,Census Tract 6033.02,G5020,S,1124528,10554,+33.8740638,-118.3082458,06,037,603302,Census Tract 6033.02; Los Angeles County; California,4315,543,2015,432,46.7,106,79,4,8,110,79.40403012442127,30.59596987557873,189.40403012442127,0.7218548193129206,usable_with_caution,2.55,5.46,88889.0,25356.0,0.2852546434316957,False,4,13,7,19,3,6,0.2899377593360996,0.229253112033195,0.33195020746887965,0.2656639004149378,0.3189834024896266,0.3402489626556016,28.96,29.38,814,813,-1,False,False,outside_top_20
06,037,603400,06037603400,1400000US06037603400,6034,Census Tract 6034,G5020,S,1134323,0,+33.8934717,-118.3134344,06,037,603400,Census Tract 6034; Los Angeles County; California,3979,498,1094,280,27.49,194,111,0,14,194,111.879399354841,82.12060064515899,305.879399354841,0.5766979348187681,usable_with_caution,4.88,17.73,96508.0,15372.0,0.1592821320512289,False,3,17,6,25,3,8,0.48184647302904565,0.46939834024896265,0.4263485477178423,0.4768672199170124,0.2511410788381742,0.2619294605809129,42.16,42.38,643,651,8,False,False,outside_top_20
06,037,603500,06037603500,1400000US06037603500,6035,Census Tract 6035,G5020,S,794497,1096,+33.8993747,-118.3208781,06,037,603500,Census Tract 6035; Los Angeles County; California,2749,417,490,122,17.82,41,30,0,14,41,33.1058907144937,7.894109285506303,74.1058907144937,0.8074607491339926,usable_with_caution,1.49,8.37,84712.0,12606.0,0.1488100859382378,False,1,19,3,27,2,8,0.03112033195020747,0.0912863070539419,0.2842323651452282,0.05518672199170124,0.35643153526970955,0.32209543568464727,16.12,15.44,932,935,3,False,False,outside_top_20
06,037,603600,06037603600,1400000US06037603600,6036,Census Tract 6036,G5020,S,937511,0,+33.8893924,-118.3223468,06,037,603600,Census Tract 6036; Los Angeles County; California,3910,509,1245,214,31.84,118,69,38,58,156,90.13878188659972,65.86121811340027,246.13878188659973,0.5778127044012803,usable_with_caution,3.99,12.53,96932.0,21002.0,0.2166673544340362,False,2,15,5,23,3,8,0.4045643153526971,0.3770746887966805,0.4336099585062241,0.3935684647302905,0.3466804979253112,0.3090248962655602,39.22,38.47,678,693,15,False,False,outside_top_20
06,037,603702,06037603702,1400000US06037603702,6037.02,Census Tract 6037.02,G5020,S,2534640,73247,+33.8829956,-118.3393815,06,037,603702,Census Tract 6037.02; Los Angeles County; California,5008,529,890,370,17.77,41,43,28,47,69,63.702433234531945,5.297566765468055,132.70243323453195,0.9232236700656804,usable_with_caution,1.38,7.75,111845.0,28324.0,0.2532433278197505,False,0,15,1,23,1,8,0.14367219917012447,0.07261410788381743,0.5975103734439834,0.11524896265560165,0.5387966804979254,0.4884854771784232,29.64,28.63,808,819,11,False,False,outside_top_20
06,037,503602,06037503602,1400000US06037503602,5036.02,Census Tract 5036.02,G5020,S,3282153,19960,+33.9114235,-117.9990386,06,037,503602,Census Tract 5036.02; Los Angeles County; California,3855,353,731,212,18.96,20,25,100,108,120,110.85576214162258,9.144237858377425,230.85576214162256,0.9237980178468548,usable_with_caution,3.11,16.42,151176.0,25837.0,0.1709067576864052,False,1,6,1,7,0,1,0.3184647302904564,0.2992738589211618,0.8412863070539419,0.3107883817427386,0.6940871369294606,0.7651452282157676,49.35,50.78,526,502,-24,False,False,outside_top_20
06,037,577100,06037577100,1400000US06037577100,5771,Census Tract 5771,G5020,S,1215399,0,+33.7707927,-118.1480649,06,037,577100,Census Tract 5771; Los Angeles County; California,7179,842,504,243,7.02,162,144,0,19,162,145.24806367039804,16.75193632960196,307.24806367039804,0.896592985619741,usable_with_caution,2.26,32.14,97094.0,19315.0,0.1989309329103755,False,0,2,0,2,0,0,0.4196058091286307,0.18827800829875518,0.43775933609958506,0.3270746887966805,0.8926348547717843,0.9193983402489627,46.23,46.77,583,579,-4,False,False,outside_top_20
06,037,620002,06037620002,1400000US06037620002,6200.02,Census Tract 6200.02,G5020,S,1184742,0,+33.9200287,-118.4041547,06,037,620002,Census Tract 6200.02; Los Angeles County; California,3463,476,410,164,11.84,74,67,0,14,74,68.4470598345904,5.552940165409595,142.4470598345904,0.9249602680350056,usable_with_caution,2.14,18.05,150458.0,20164.0,0.134017466668439,False,2,13,2,16,0,3,0.1628630705394191,0.1716804979253112,0.8371369294605809,0.16639004149377595,0.4011410788381743,0.5340248962655602,34.75,37.41,749,712,-37,False,False,outside_top_20
06,037,620102,06037620102,1400000US06037620102,6201.02,Census Tract 6201.02,G5020,S,871913,0,+33.9201935,-118.4180630,06,037,620102,Census Tract 6201.02; Los Angeles County; California,4014,505,339,186,8.45,36,40,52,53,88,66.40030120413611,21.599698795863887,154.4003012041361,0.7545488773197285,usable_with_caution,2.19,25.96,158816.0,29903.0,0.1882870743501914,False,2,7,2,9,0,2,0.21524896265560167,0.17842323651452283,0.8682572614107884,0.20051867219917013,0.5816390041493776,0.6656639004149378,41.03,42.71,656,646,-10,False,False,outside_top_20
06,037,503802,06037503802,1400000US06037503802,5038.02,Census Tract 5038.02,G5020,S,1324945,0,+33.8982866,-118.0035625,06,037,503802,Census Tract 5038.02; Los Angeles County; California,5305,558,1501,272,28.29,206,157,73,114,279,194.02319448973105,84.97680551026895,473.0231944897311,0.6954236361639106,usable_with_caution,5.26,18.59,107965.0,4106.0,0.0380308433288565,False,0,5,0,5,0,0,0.604253112033195,0.495850622406639,0.5632780082987552,0.5608921161825726,0.8350622406639003,0.8814315352697095,61.62,62.55,272,248,-24,False,False,outside_top_20
06,037,504001,06037504001,1400000US06037504001,5040.01,Census Tract 5040.01,G5020,S,1385015,1889,+33.9096153,-118.0157307,06,037,504001,Census Tract 5040.01; Los Angeles County; California,5133,610,880,296,17.14,303,147,24,36,327,151.34397906755325,175.65602093244675,478.3439790675533,0.4628256240597959,more_reliable,6.37,37.16,65698.0,56103.0,0.8539529361624403,False,0,7,0,8,0,1,0.6535269709543569,0.5653526970954357,0.11203319502074689,0.6182572614107884,0.7737551867219918,0.8359958506224067,54.81,56.06,416,389,-27,False,False,outside_top_20
06,037,550700,06037550700,1400000US06037550700,5507,Census Tract 5507,G5020,S,2159784,68553,+33.9642238,-118.1314443,06,037,550700,Census Tract 5507; Los Angeles County; California,6398,1047,1003,618,15.68,129,134,59,95,188,164.2589419179364,23.741058082063603,352.2589419179364,0.8737177761592362,usable_with_caution,2.94,18.74,94327.0,44666.0,0.4735229573716963,False,1,11,1,14,0,3,0.46939834024896265,0.27800829875518673,0.4024896265560166,0.3928423236514523,0.5394190871369294,0.6391078838174273,42.41,44.4,639,619,-20,False,False,outside_top_20
06,037,620501,06037620501,1400000US06037620501,6205.01,Census Tract 6205.01,G5020,S,2590361,0,+33.8873664,-118.3699983,06,037,620501,Census Tract 6205.01; Los Angeles County; California,6133,737,1152,408,18.78,411,270,11,18,422,270.5993348107123,151.40066518928768,692.5993348107123,0.6412306512102187,usable_with_caution,6.88,36.63,182560.0,35262.0,0.1931529360210341,False,0,10,0,15,0,5,0.7204356846473029,0.5969917012448133,0.9253112033195021,0.671058091286307,0.6810165975103735,0.7062240663900415,72.39,72.89,109,98,-11,False,False,outside_top_20
06,037,620522,06037620522,1400000US06037620522,6205.22,Census Tract 6205.22,G5020,S,748359,0,+33.8764601,-118.3749726,06,037,620522,Census Tract 6205.22; Los Angeles County; California,4683,461,1005,178,21.46,179,95,81,76,260,121.65936051122412,138.34063948877588,381.6593605112241,0.467920617350862,more_reliable,5.55,25.87,138617.0,45944.0,0.3314456379809114,False,0,10,1,15,1,5,0.5726141078838174,0.5129668049792531,0.7966804979253111,0.5487551867219916,0.6810165975103735,0.6188796680497926,62.48,61.24,253,275,22,False,False,outside_top_20
06,037,620400,06037620400,1400000US06037620400,6204,Census Tract 6204,G5020,S,2567686,10360,+33.8941912,-118.3862707,06,037,620400,Census Tract 6204; Los Angeles County; California,5045,804,1232,712,24.42,722,741,72,113,794,749.5665414091,44.433458590900045,1543.5665414091,0.9440384652507556,usable_with_caution,15.74,64.45,172188.0,45282.0,0.2629799986061746,False,1,12,2,15,1,3,0.8257261410788381,0.8008298755186722,0.9076763485477178,0.8157676348547718,0.5110995850622406,0.5526970954356847,77.32,78.15,62,47,-15,False,False,outside_top_20
06,037,620601,06037620601,1400000US06037620601,6206.01,Census Tract 6206.01,G5020,S,1365682,0,+33.8695951,-118.3619509,06,037,620601,Census Tract 6206.01; Los Angeles County; California,5881,601,1602,653,27.24,178,150,62,69,240,165.10905486980417,74.89094513019583,405.10905486980414,0.6879543952908507,usable_with_caution,4.08,14.98,132416.0,16204.0,0.1223719188013533,False,1,12,1,18,0,6,0.5446058091286307,0.39107883817427386,0.7645228215767634,0.4831950207468879,0.5110995850622406,0.5697095435684647,54.5,55.68,426,397,-29,False,False,outside_top_20
06,037,504002,06037504002,1400000US06037504002,5040.02,Census Tract 5040.02,G5020,S,1543671,0,+33.9092862,-118.0239805,06,037,504002,Census Tract 5040.02; Los Angeles County; California,4920,477,597,236,12.13,59,45,21,32,80,55.21775076911409,24.78224923088591,135.2177507691141,0.6902218846139261,usable_with_caution,1.63,13.4,129635.0,20899.0,0.1612141782697574,False,2,8,2,9,0,1,0.18360995850622408,0.10892116182572614,0.7468879668049793,0.1537344398340249,0.5520746887966805,0.6656639004149378,35.2,37.48,742,710,-32,False,False,outside_top_20
06,037,530005,06037530005,1400000US06037530005,5300.05,Census Tract 5300.05,G5020,S,2285351,0,+34.0282740,-118.1114285,06,037,530005,Census Tract 5300.05; Los Angeles County; California,3350,330,2004,327,59.82,973,307,83,103,1056,323.81785003300854,732.1821499669915,1379.8178500330089,0.3066456913191369,more_reliable,31.52,52.69,131500.0,41319.0,0.314212927756654,False,1,30,1,48,0,18,0.8817427385892116,0.8993775933609959,0.758298755186722,0.8887966804979254,0.3128630705394191,0.3528008298755187,74.75,75.55,85,74,-11,False,False,outside_top_20
06,037,530101,06037530101,1400000US06037530101,5301.01,Census Tract 5301.01,G5020,S,988894,23239,+34.0116507,-118.0998041,06,037,530101,Census Tract 5301.01; Los Angeles County; California,5319,507,270,121,5.08,249,121,0,19,249,122.4826518328208,126.5173481671792,371.4826518328208,0.4918982001318104,more_reliable,4.68,92.22,51842.0,20557.0,0.396531769607654,False,2,15,2,17,0,2,0.5622406639004149,0.4512448132780083,0.056016597510373446,0.5178423236514522,0.3466804979253112,0.5197095435684647,39.12,42.59,680,647,-33,False,False,outside_top_20
06,037,530102,06037530102,1400000US06037530102,5301.02,Census Tract 5301.02,G5020,S,1322141,0,+34.0153528,-118.1154765,06,037,530102,Census Tract 5301.02; Los Angeles County; California,5160,529,463,139,8.97,344,95,27,34,371,100.90094152187083,270.0990584781292,471.9009415218708,0.271970192781323,more_reliable,7.19,80.13,69917.0,17381.0,0.2485947623610853,False,3,18,3,22,0,4,0.6934647302904564,0.6141078838174274,0.13692946058091288,0.6617219917012448,0.23558091286307054,0.3883817427385892,47.15,50.21,561,509,-52,False,False,outside_top_20
06,037,530204,06037530204,1400000US06037530204,5302.04,Census Tract 5302.04,G5020,S,669927,0,+34.0190693,-118.1283266,06,037,530204,Census Tract 5302.04; Los Angeles County; California,3732,680,185,93,4.96,90,64,0,14,90,65.5133574166368,24.486642583363206,155.51335741663678,0.7279261935181865,usable_with_caution,2.41,48.65,78646.0,29711.0,0.3777814510591765,False,4,20,4,27,0,7,0.2204356846473029,0.20643153526970953,0.20643153526970953,0.21483402489626557,0.18547717842323652,0.28475103734439833,20.73,22.71,909,892,-17,False,False,outside_top_20
06,037,552100,06037552100,1400000US06037552100,5521,Census Tract 5521,G5020,S,1461863,0,+33.9054717,-118.0880792,06,037,552100,Census Tract 5521; Los Angeles County; California,5226,889,613,263,11.73,94,86,0,19,94,88.07383266328314,5.926167336716858,182.0738326632832,0.9369556666306718,usable_with_caution,1.8,15.33,77350.0,11035.0,0.1426632191338073,False,2,13,3,20,1,7,0.23858921161825727,0.1358921161825726,0.1908713692946058,0.1975103734439834,0.4011410788381743,0.4154564315352697,23.69,23.98,888,885,-3,False,False,outside_top_20
06,037,273800,06037273800,1400000US06037273800,2738,Census Tract 2738,G5020,S,741626,0,+33.9927102,-118.4512626,06,037,273800,Census Tract 2738; Los Angeles County; California,2907,306,225,106,7.74,82,70,38,51,120,86.6083136886985,33.3916863113015,206.6083136886985,0.7217359474058208,usable_with_caution,4.13,53.33,98462.0,4540.0,0.0461091588633178,False,2,9,2,10,0,1,0.3184647302904564,0.39367219917012447,0.45020746887966806,0.34854771784232363,0.5212655601659751,0.6469917012448132,40.34,42.86,664,640,-24,False,False,outside_top_20
06,037,274100,06037274100,1400000US06037274100,2741,Census Tract 2741,G5020,S,628049,0,+33.9875224,-118.4489221,06,037,274100,Census Tract 2741; Los Angeles County; California,4386,838,329,187,7.5,123,122,0,14,123,122.80065146407,0.1993485359299853,245.80065146407003,0.9983792801956912,usable_with_caution,2.8,37.39,153068.0,69594.0,0.4546606736875114,False,2,7,2,8,0,1,0.3257261410788382,0.26089211618257263,0.8443983402489627,0.299792531120332,0.5816390041493776,0.6824688796680498,46.51,48.52,575,543,-32,False,False,outside_top_20
06,037,552602,06037552602,1400000US06037552602,5526.02,Census Tract 5526.02,G5020,S,1374588,0,+33.8912309,-118.0639397,06,037,552602,Census Tract 5526.02; Los Angeles County; California,3682,328,1282,248,34.82,166,131,0,14,166,131.7459676802292,34.2540323197708,297.7459676802292,0.7936504077122241,usable_with_caution,4.51,12.95,115227.0,12822.0,0.1112760030201255,False,0,12,1,19,1,7,0.4242738589211618,0.4341286307053942,0.6244813278008299,0.4282157676348548,0.6231327800829876,0.549792531120332,50.65,49.18,493,530,37,False,False,outside_top_20
06,037,221710,06037221710,1400000US06037221710,2217.10,Census Tract 2217.10,G5020,S,327983,0,+34.0346983,-118.2876315,06,037,221710,Census Tract 2217.10; Los Angeles County; California,2469,452,236,98,9.56,139,74,0,14,139,75.31268153505093,63.68731846494907,214.31268153505093,0.5418178527701506,usable_with_caution,5.63,58.9,46563.0,7653.0,0.1643579666258617,False,5,49,6,65,1,16,0.3677385892116183,0.5181535269709544,0.03734439834024896,0.42790456431535273,0.05539419087136928,0.10943983402489624,27.53,28.61,831,820,-11,False,False,outside_top_20
06,037,221900,06037221900,1400000US06037221900,2219,Census Tract 2219,G5020,S,410027,0,+34.0267671,-118.2895580,06,037,221900,Census Tract 2219; Los Angeles County; California,4775,472,1905,389,39.9,745,289,35,36,780,291.2335832283084,488.7664167716917,1071.2335832283084,0.3733763887542415,more_reliable,16.34,40.94,29712.0,7618.0,0.2563947226709747,False,4,49,5,63,1,14,0.8226141078838174,0.8049792531120332,0.008298755186721992,0.8155601659751037,0.070954356846473,0.1381742738589212,50.52,51.86,496,476,-20,False,False,outside_top_20
06,037,222100,06037222100,1400000US06037222100,2221,Census Tract 2221,G5020,S,478935,0,+34.0273170,-118.3023777,06,037,222100,Census Tract 2221; Los Angeles County; California,3964,820,483,248,12.18,113,133,71,94,184,162.8649747490233,21.135025250976696,346.8649747490233,0.8851357323316484,usable_with_caution,4.64,38.1,58040.0,23089.0,0.3978118538938663,False,1,46,2,61,1,15,0.45954356846473027,0.4470954356846473,0.07572614107883817,0.4545643153526971,0.2471991701244813,0.2576763485477178,33.73,33.94,765,758,-7,False,False,outside_top_20
06,037,222700,06037222700,1400000US06037222700,2227,Census Tract 2227,G5020,S,821876,0,+34.0209296,-118.2856599,06,037,222700,Census Tract 2227; Los Angeles County; California,4632,202,1463,223,31.58,446,144,34,31,480,147.29901561110313,332.70098438889687,627.2990156111032,0.3068729491897982,more_reliable,10.36,32.81,54167.0,30182.0,0.5572027249063083,False,4,49,5,58,1,9,0.741701244813278,0.7095435684647303,0.06327800829875518,0.728838174273859,0.070954356846473,0.15373443983402493,46.41,48.07,577,552,-25,False,False,outside_top_20
06,037,224010,06037224010,1400000US06037224010,2240.10,Census Tract 2240.10,G5020,S,830399,0,+34.0367636,-118.2658976,06,037,224010,Census Tract 2240.10; Los Angeles County; California,2964,445,380,143,12.82,151,111,0,14,151,111.879399354841,39.12060064515899,262.879399354841,0.7409231745353709,usable_with_caution,5.09,39.74,39219.0,14548.0,0.3709426553456233,False,6,51,7,69,1,18,0.39730290456431533,0.4802904564315353,0.02074688796680498,0.43049792531120334,0.036721991701244815,0.08661825726141079,26.98,27.98,846,833,-13,False,False,outside_top_20
06,037,265303,06037265303,1400000US06037265303,2653.03,Census Tract 2653.03,G5020,S,147998,0,+34.0672740,-118.4534106,06,037,265303,Census Tract 2653.03; Los Angeles County; California,4184,701,1483,328,35.44,528,202,65,77,593,216.17816726024856,376.8218327397514,809.1781672602485,0.3645500291066586,more_reliable,14.17,39.99,31510.0,6028.0,0.1913043478260869,False,2,11,5,21,3,10,0.7883817427385892,0.779045643153527,0.01037344398340249,0.7846473029045643,0.4593360995850623,0.3392116182572615,56.47,54.07,375,434,59,False,False,outside_top_20
06,037,265304,06037265304,1400000US06037265304,2653.04,Census Tract 2653.04,G5020,S,130983,0,+34.0677546,-118.4511610,06,037,265304,Census Tract 2653.04; Los Angeles County; California,3603,421,1481,324,41.1,430,169,38,45,468,174.88853593074649,293.11146406925354,642.8885359307465,0.3736934528434754,more_reliable,12.99,31.6,19764.0,4467.0,0.2260170006071645,False,2,12,5,22,3,10,0.7365145228215768,0.7629668049792531,0.002074688796680498,0.7470954356846473,0.43101659751037347,0.32551867219917013,53.49,51.38,448,484,36,False,False,outside_top_20
06,037,211000,06037211000,1400000US06037211000,2110,Census Tract 2110,G5020,S,2656762,0,+34.0677859,-118.3317418,06,037,211000,Census Tract 2110; Los Angeles County; California,5054,592,1461,305,28.91,260,166,69,63,329,177.55280904564702,151.44719095435298,506.552809045647,0.5396741916281065,usable_with_caution,6.51,22.52,195603.0,73859.0,0.3775964581320327,False,0,35,0,62,0,27,0.6576763485477178,0.5746887966804979,0.9481327800829875,0.6244813278008299,0.4077800829875519,0.4074688796680498,64.59,64.58,220,206,-14,False,False,outside_top_20
06,037,211310,06037211310,1400000US06037211310,2113.10,Census Tract 2113.10,G5020,S,143939,0,+34.0709091,-118.2984928,06,037,211310,Census Tract 2113.10; Los Angeles County; California,3672,619,862,340,23.47,59,56,0,14,59,57.723478758647246,1.2765212413527536,116.72347875864725,0.9783640467567328,usable_with_caution,1.61,6.84,48096.0,6993.0,0.1453967065868263,False,8,41,16,61,8,20,0.10684647302904564,0.10736514522821576,0.04045643153526971,0.10705394190871369,0.06473029045643149,0.07634854771784229,8.53,8.76,960,960,0,False,False,outside_top_20
06,037,211500,06037211500,1400000US06037211500,2115,Census Tract 2115,G5020,S,909039,0,+34.0724565,-118.3152596,06,037,211500,Census Tract 2115; Los Angeles County; California,3825,517,1210,302,31.63,88,81,0,14,88,82.20097323024831,5.799026769751691,170.2009732302483,0.9341019685255488,usable_with_caution,2.3,7.27,78977.0,27988.0,0.3543816554186662,False,4,41,7,64,3,23,0.21524896265560167,0.18983402489626555,0.21161825726141079,0.20508298755186724,0.10829875518672197,0.10342323651452284,18.7,18.61,921,923,2,False,False,outside_top_20
06,037,211910,06037211910,1400000US06037211910,2119.10,Census Tract 2119.10,G5020,S,137966,0,+34.0672078,-118.2985036,06,037,211910,Census Tract 2119.10; Los Angeles County; California,4039,485,1130,343,27.98,23,25,9,14,32,28.653097563788805,3.346902436211195,60.653097563788805,0.8954092988684001,usable_with_caution,0.79,2.83,72125.0,15698.0,0.2176499133448873,False,8,41,15,61,7,20,0.012448132780082987,0.005705394190871369,0.1483402489626556,0.00975103734439834,0.06473029045643149,0.07800829875518668,4.85,5.11,964,964,0,False,False,outside_top_20
06,037,212204,06037212204,1400000US06037212204,2122.04,Census Tract 2122.04,G5020,S,213185,0,+34.0598252,-118.2865323,06,037,212204,Census Tract 2122.04; Los Angeles County; California,3597,632,1097,289,30.5,185,156,0,14,185,156.62694531912445,28.373054680875555,341.62694531912445,0.8466321368601322,usable_with_caution,5.14,16.86,33636.0,14108.0,0.4194315614222856,False,13,48,18,69,5,21,0.46213692946058094,0.48599585062240663,0.014522821576763486,0.4716804979253112,0.016182572614107892,0.043879668049792556,28.91,29.47,815,812,-3,False,False,outside_top_20
06,037,212306,06037212306,1400000US06037212306,2123.06,Census Tract 2123.06,G5020,S,161926,0,+34.0561280,-118.2940726,06,037,212306,Census Tract 2123.06; Los Angeles County; California,2686,472,1015,226,37.79,85,60,10,15,95,61.84658438426491,33.15341561573509,156.8465843842649,0.6510166777291043,usable_with_caution,3.54,9.36,63194.0,3986.0,0.0630756084438396,False,14,47,24,65,10,18,0.2437759336099585,0.3381742738589212,0.09232365145228216,0.28153526970954357,0.01794605809128631,0.04699170124481324,19.1,19.68,919,913,-6,False,False,outside_top_20
06,037,212620,06037212620,1400000US06037212620,2126.20,Census Tract 2126.20,G5020,S,288619,0,+34.0563607,-118.3130597,06,037,212620,Census Tract 2126.20; Los Angeles County; California,4040,469,1953,434,48.34,71,46,0,14,71,48.08326112068523,22.91673887931477,119.08326112068522,0.6772290298688061,usable_with_caution,1.76,3.64,41125.0,14806.0,0.3600243161094225,False,10,43,20,64,10,21,0.14782157676348548,0.13174273858921162,0.025933609958506226,0.14139004149377593,0.04740663900414939,0.05653526970954362,9.95,10.13,959,958,-1,False,False,outside_top_20
06,037,212800,06037212800,1400000US06037212800,2128,Census Tract 2128,G5020,S,781275,0,+34.0518662,-118.3305985,06,037,212800,Census Tract 2128; Los Angeles County; California,3479,508,1513,433,43.49,32,31,14,26,46,40.45985664828782,5.540143351712182,86.45985664828783,0.8795621010497352,usable_with_caution,1.32,3.04,101932.0,54114.0,0.5308833339873641,False,4,30,6,50,2,20,0.04979253112033195,0.06587136929460581,0.491701244813278,0.056224066390041495,0.15062240663900417,0.15020746887966807,16.22,16.21,931,933,2,False,False,outside_top_20
06,037,265420,06037265420,1400000US06037265420,2654.20,Census Tract 2654.20,G5020,S,730774,0,+34.0704417,-118.4594425,06,037,265420,Census Tract 2654.20; Los Angeles County; California,1696,249,247,123,14.56,113,68,42,64,155,93.38094023943002,61.61905976056998,248.38094023943,0.6024576789640647,usable_with_caution,9.14,62.75,244583.0,57049.0,0.2332500623510219,False,1,11,3,20,2,9,0.40300829875518673,0.6768672199170125,0.9875518672199171,0.5125518672199171,0.5394190871369294,0.4154564315352697,61.29,58.81,280,334,54,False,False,outside_top_20
06,037,267800,06037267800,1400000US06037267800,2678,Census Tract 2678,G5020,S,1151184,0,+34.0395800,-118.4306812,06,037,267800,Census Tract 2678; Los Angeles County; California,3600,403,1094,280,30.39,558,207,148,157,706,259.8037721050255,446.1962278949745,965.8037721050256,0.367994011480206,more_reliable,19.61,64.53,120435.0,14082.0,0.1169261427325943,False,7,17,12,28,5,11,0.8091286307053942,0.8335062240663901,0.6680497925311203,0.8188796680497925,0.18495850622406634,0.19190871369294604,66.19,66.33,185,182,-3,False,False,outside_top_20
06,037,267600,06037267600,1400000US06037267600,2676,Census Tract 2676,G5020,S,1273089,0,+34.0340797,-118.4524613,06,037,267600,Census Tract 2676; Los Angeles County; California,2767,429,730,242,26.38,46,35,16,26,62,43.60045871318328,18.39954128681672,105.60045871318329,0.7032332050513432,usable_with_caution,2.24,8.49,89286.0,27988.0,0.3134645969132899,False,3,20,8,30,5,10,0.11670124481327801,0.18516597510373445,0.33713692946058094,0.14408713692946057,0.2153526970954357,0.199896265560166,19.7,19.39,914,916,2,False,False,outside_top_20
06,037,267700,06037267700,1400000US06037267700,2677,Census Tract 2677,G5020,S,814658,0,+34.0387217,-118.4441579,06,037,267700,Census Tract 2677; Los Angeles County; California,3744,456,1395,395,37.26,294,164,0,14,294,164.59647626847908,129.40352373152092,458.5964762684791,0.5598519600968677,usable_with_caution,7.85,21.08,126656.0,25162.0,0.1986640980293077,False,7,18,12,28,5,10,0.6177385892116183,0.6390041493775933,0.7271784232365145,0.6262448132780083,0.16939834024896266,0.19190871369294604,55.51,55.96,400,391,-9,False,False,outside_top_20
06,037,269800,06037269800,1400000US06037269800,2698,Census Tract 2698,G5020,S,467088,0,+34.0320450,-118.3968111,06,037,269800,Census Tract 2698; Los Angeles County; California,3384,436,690,233,20.39,222,155,15,26,237,157.165517846632,79.83448215336801,394.165517846632,0.6631456449224978,usable_with_caution,7.0,34.35,106621.0,9652.0,0.090526256553587,False,2,18,2,30,0,12,0.5383817427385892,0.6058091286307054,0.5560165975103735,0.5653526970954357,0.2878630705394191,0.34948132780082986,50.8,52.03,491,473,-18,False,False,outside_top_20
06,037,269000,06037269000,1400000US06037269000,2690,Census Tract 2690,G5020,S,2294749,0,+34.0433250,-118.4043050,06,037,269000,Census Tract 2690; Los Angeles County; California,4953,714,736,286,14.86,151,142,185,201,336,246.0995733437992,89.9004266562008,582.0995733437992,0.7324392063803548,usable_with_caution,6.78,45.65,187458.0,70584.0,0.3765323432448869,False,1,17,1,33,0,16,0.6633817427385892,0.5907676348547718,0.9336099585062241,0.6343360995850622,0.38350622406639,0.3969917012448133,64.4,64.67,226,201,-25,False,False,outside_top_20
06,037,269300,06037269300,1400000US06037269300,2693,Census Tract 2693,G5020,S,2205507,3034,+34.0444598,-118.4122005,06,037,269300,Census Tract 2693; Los Angeles County; California,3757,440,158,77,4.21,65,44,0,14,65,46.17358552246078,18.826414477539217,111.17358552246078,0.7103628541917043,usable_with_caution,1.73,41.14,219552.0,43479.0,0.1980350896370791,False,1,17,1,32,0,15,0.1275933609958506,0.1270746887966805,0.970954356846473,0.12738589211618256,0.38350622406639,0.4050829875518672,34.73,35.16,750,744,-6,False,False,outside_top_20
06,037,269500,06037269500,1400000US06037269500,2695,Census Tract 2695,G5020,S,1384207,0,+34.0433812,-118.3937878,06,037,269500,Census Tract 2695; Los Angeles County; California,3962,563,273,151,6.89,92,78,40,64,132,100.89598604503551,31.104013954964486,232.8959860450355,0.7643635306442085,usable_with_caution,3.33,48.35,250001.0,,,True,2,17,2,32,0,15,0.3506224066390041,0.31690871369294604,0.9948132780082988,0.3371369294605809,0.3034232365145228,0.33890041493775935,46.19,46.9,584,575,-9,False,False,outside_top_20
06,037,269700,06037269700,1400000US06037269700,2697,Census Tract 2697,G5020,S,897605,0,+34.0363360,-118.3871530,06,037,269700,Census Tract 2697; Los Angeles County; California,4043,521,260,121,6.43,45,34,40,44,85,55.60575509783138,29.394244902168623,140.60575509783138,0.6541853540921339,usable_with_caution,2.1,32.69,122731.0,26179.0,0.2133038922521612,False,1,15,1,25,0,10,0.20487551867219916,0.16804979253112035,0.6970954356846473,0.19014522821576763,0.42676348547717846,0.4598547717842324,33.89,34.55,759,754,-5,False,False,outside_top_20
06,037,231220,06037231220,1400000US06037231220,2312.20,Census Tract 2312.20,G5020,S,965178,0,+34.0145635,-118.2893753,06,037,231220,Census Tract 2312.20; Los Angeles County; California,4274,854,387,169,9.05,139,103,0,14,139,103.9471019317037,35.0528980682963,242.94710193170368,0.7478208772065015,usable_with_caution,3.25,35.92,37740.0,6908.0,0.1830418653948065,False,2,43,3,50,1,7,0.3677385892116183,0.31224066390041494,0.01867219917012448,0.3455394190871369,0.18080912863070542,0.2315352697095436,24.72,25.74,873,868,-5,False,False,outside_top_20
06,037,270300,06037270300,1400000US06037270300,2703,Census Tract 2703,G5020,S,963539,12995,+34.0399075,-118.3708123,06,037,270300,Census Tract 2703; Los Angeles County; California,2599,402,160,75,6.16,76,56,0,14,76,57.723478758647246,18.276521241352757,133.72347875864725,0.7595194573506217,usable_with_caution,2.92,47.5,84063.0,48359.0,0.5752709277565635,False,1,14,2,24,1,10,0.17271784232365145,0.27230290456431533,0.2676348547717842,0.212551867219917,0.45290456431535264,0.4067427385892116,27.16,26.24,839,860,21,False,False,outside_top_20
06,037,271100,06037271100,1400000US06037271100,2711,Census Tract 2711,G5020,S,804371,0,+34.0339126,-118.4268131,06,037,271100,Census Tract 2711; Los Angeles County; California,2438,308,570,125,23.38,232,133,0,14,232,133.7348122217996,98.2651877782004,365.7348122217997,0.5764431561284467,usable_with_caution,9.52,40.7,137167.0,55170.0,0.4022104442030517,False,2,18,4,30,2,12,0.5285269709543569,0.6898340248962656,0.7925311203319502,0.5930497925311203,0.2878630705394191,0.2617219917012448,57.19,56.67,362,376,14,False,False,outside_top_20
06,037,271200,06037271200,1400000US06037271200,2712,Census Tract 2712,G5020,S,524468,0,+34.0313918,-118.4420025,06,037,271200,Census Tract 2712; Los Angeles County; California,2931,622,455,149,15.52,158,77,66,60,224,97.6165969494942,126.3834030505058,321.6165969494942,0.4357883792388133,more_reliable,7.64,49.23,121366.0,28520.0,0.2349916780646968,False,2,19,7,29,5,10,0.5176348547717843,0.6343360995850622,0.6784232365145229,0.5643153526970954,0.27634854771784234,0.212655601659751,52.95,51.68,460,479,19,False,False,outside_top_20
06,037,271300,06037271300,1400000US06037271300,2713,Census Tract 2713,G5020,S,1470376,0,+34.0259601,-118.4413946,06,037,271300,Census Tract 2713; Los Angeles County; California,4865,646,1021,282,20.99,211,161,90,96,301,187.44865963777923,113.55134036222076,488.4486596377792,0.6227530220524227,usable_with_caution,6.19,29.48,97721.0,28840.0,0.2951259197101953,False,2,21,5,31,3,10,0.6260373443983402,0.5560165975103735,0.4460580912863071,0.5980290456431535,0.2601659751037344,0.23153526970954358,50.01,49.43,505,524,19,False,False,outside_top_20
06,037,271400,06037271400,1400000US06037271400,2714,Census Tract 2714,G5020,S,1149044,0,+34.0100779,-118.4473997,06,037,271400,Census Tract 2714; Los Angeles County; California,3331,379,619,265,18.58,333,246,35,39,368,249.07227866625385,118.92772133374618,617.0722786662539,0.6768268442017767,usable_with_caution,11.05,59.45,197992.0,25227.0,0.1274142389591498,False,0,18,0,25,0,7,0.6903526970954357,0.7261410788381742,0.9512448132780082,0.7046680497925311,0.47997925311203327,0.5471991701244814,70.9,72.25,126,101,-25,False,False,outside_top_20
06,037,261200,06037261200,1400000US06037261200,2612,Census Tract 2612,G5020,S,7267513,323001,+34.1132765,-118.4418058,06,037,261200,Census Tract 2612; Los Angeles County; California,3929,495,421,149,10.72,110,58,11,18,121,60.728905802755904,60.271094197244096,181.7289058027559,0.5018917834938504,usable_with_caution,3.08,28.74,169432.0,55945.0,0.3301914632418905,False,0,1,0,1,0,0,0.3220954356846473,0.2920124481327801,0.9014522821576764,0.3100622406639004,0.9122406639004149,0.9321576763485477,54.88,55.28,414,406,-8,False,False,outside_top_20
06,037,219700,06037219700,1400000US06037219700,2197,Census Tract 2197,G5020,S,1092488,0,+34.0277561,-118.3490693,06,037,219700,Census Tract 2197; Los Angeles County; California,3876,843,78,45,2.01,50,34,0,14,50,36.76955262170047,13.23044737829953,86.76955262170047,0.7353910524340094,usable_with_caution,1.29,64.1,82586.0,30503.0,0.3693483156951541,False,2,15,2,25,0,10,0.06535269709543569,0.06016597510373444,0.25103734439834025,0.06327800829875518,0.3466804979253112,0.3936721991701245,15.75,16.69,935,930,-5,False,False,outside_top_20
06,037,221820,06037221820,1400000US06037221820,2218.20,Census Tract 2218.20,G5020,S,204263,0,+34.0304526,-118.2864985,06,037,221820,Census Tract 2218.20; Los Angeles County; California,2700,414,987,327,36.56,229,124,18,21,247,125.76565508913792,121.23434491086208,372.7656550891379,0.5091726926685746,usable_with_caution,9.15,25.03,28466.0,5175.0,0.1817958266001545,False,4,48,5,64,1,16,0.5554979253112033,0.6784232365145229,0.006224066390041493,0.6046680497925312,0.07593360995850625,0.1335062240663901,37.92,39.07,701,681,-20,False,False,outside_top_20
06,037,267502,06037267502,1400000US06037267502,2675.02,Census Tract 2675.02,G5020,S,434714,0,+34.0375502,-118.4621616,06,037,267502,Census Tract 2675.02; Los Angeles County; California,3403,372,471,167,13.84,107,52,0,14,107,53.85164807134504,53.14835192865496,160.85164807134504,0.5032864305733181,usable_with_caution,3.14,22.72,84671.0,23621.0,0.2789739107840937,False,1,16,2,25,1,9,0.2769709543568465,0.3029045643153527,0.28112033195020747,0.28734439834024894,0.4028008298755187,0.3936721991701245,30.92,30.74,796,796,0,False,False,outside_top_20
06,037,463800,06037463800,1400000US06037463800,4638,Census Tract 4638,G5020,S,2842600,24382,+34.1341118,-118.1745514,06,037,463800,Census Tract 4638; Los Angeles County; California,3978,542,592,166,14.88,315,144,0,14,315,144.6789549312546,170.3210450687454,459.67895493125457,0.4592982696230304,more_reliable,7.92,53.21,215714.0,36976.0,0.1714121475657583,False,0,6,0,9,0,3,0.6405601659751037,0.6426348547717843,0.9678423236514523,0.6413900414937759,0.8061203319502075,0.8191908713692946,73.96,74.22,93,86,-7,False,False,outside_top_20
06,037,463900,06037463900,1400000US06037463900,4639,Census Tract 4639,G5020,S,1873331,8647,+34.1292208,-118.1565380,06,037,463900,Census Tract 4639; Los Angeles County; California,3007,333,560,188,18.62,213,81,88,107,301,134.2013412749664,166.7986587250336,435.2013412749664,0.4458516321427455,more_reliable,10.01,53.75,132163.0,24283.0,0.1837352360342909,False,1,11,1,20,0,9,0.6260373443983402,0.7022821576763485,0.7603734439834025,0.6565352697095436,0.5394190871369294,0.5320539419087137,65.39,65.24,197,194,-3,False,False,outside_top_20
06,037,464000,06037464000,1400000US06037464000,4640,Census Tract 4640,G5020,S,3144311,1838,+34.1265375,-118.1384937,06,037,464000,Census Tract 4640; Los Angeles County; California,5455,715,1351,302,24.77,541,218,331,221,872,310.42712510346126,561.5728748965387,1182.427125103461,0.355994409522318,more_reliable,15.99,64.54,144607.0,33147.0,0.2292212686799394,False,1,11,2,20,1,9,0.8475103734439834,0.8029045643153527,0.8174273858921162,0.8296680497925311,0.5394190871369294,0.4658713692946058,76.92,75.45,65,77,12,False,False,outside_top_20
06,037,464200,06037464200,1400000US06037464200,4642,Census Tract 4642,G5020,S,3448978,11524,+34.1273015,-118.0983767,06,037,464200,Census Tract 4642; Los Angeles County; California,5451,904,3949,754,72.45,2260,519,586,217,2846,562.5388875446746,2283.4611124553253,3408.5388875446747,0.1976594826228652,more_reliable,52.21,72.07,190991.0,40960.0,0.2144603672424355,False,0,18,2,39,2,21,0.9906639004149378,0.9813278008298755,0.9398340248962656,0.9869294605809129,0.47997925311203327,0.30715767634854774,87.61,84.16,9,14,5,True,True,stable_top_20
06,037,271500,06037271500,1400000US06037271500,2715,Census Tract 2715,G5020,S,910071,0,+34.0166821,-118.4382414,06,037,271500,Census Tract 2715; Los Angeles County; California,3094,451,433,180,13.99,173,112,0,14,173,112.8716084761797,60.1283915238203,285.8716084761797,0.6524370432149116,usable_with_caution,5.59,39.95,107679.0,30060.0,0.2791630680076895,False,0,19,0,27,0,8,0.43775933609958506,0.5160788381742739,0.5622406639004149,0.46908713692946064,0.46846473029045643,0.5260373443983403,48.76,49.91,535,515,-20,False,False,outside_top_20
06,037,272301,06037272301,1400000US06037272301,2723.01,Census Tract 2723.01,G5020,S,604024,0,+34.0050155,-118.4222404,06,037,272301,Census Tract 2723.01; Los Angeles County; California,3310,478,355,160,10.73,44,40,0,14,44,42.37924020083418,1.6207597991658176,86.37924020083418,0.9631645500189588,usable_with_caution,1.33,12.39,128655.0,12868.0,0.1000194318137654,False,1,14,2,22,1,8,0.044087136929460584,0.06898340248962656,0.7427385892116183,0.05404564315352697,0.45290456431535264,0.4387966804979253,27.16,26.87,839,849,10,False,False,outside_top_20
06,037,273100,06037273100,1400000US06037273100,2731,Census Tract 2731,G5020,S,1177012,0,+34.0034845,-118.4598118,06,037,273100,Census Tract 2731; Los Angeles County; California,3110,341,266,142,8.55,37,26,28,31,65,40.45985664828782,24.54014335171218,105.45985664828784,0.6224593330505819,usable_with_caution,2.09,24.44,167143.0,35641.0,0.2132365698832736,False,1,10,1,17,0,7,0.1275933609958506,0.16701244813278007,0.8962655601659751,0.1433609958506224,0.5689834024896265,0.5858921161825725,37.91,38.24,702,701,-1,False,False,outside_top_20
06,037,273200,06037273200,1400000US06037273200,2732,Census Tract 2732,G5020,S,642773,0,+33.9975912,-118.4669822,06,037,273200,Census Tract 2732; Los Angeles County; California,2792,424,179,95,6.41,27,29,57,63,84,69.35416353759881,14.645836462401192,153.35416353759882,0.8256448040190334,usable_with_caution,3.01,46.93,143702.0,20358.0,0.1416681744165008,False,1,7,1,7,0,0,0.19968879668049794,0.2868257261410788,0.8132780082987552,0.2345435684647303,0.6617219917012449,0.7651452282157676,43.57,45.64,619,596,-23,False,False,outside_top_20
06,037,480803,06037480803,1400000US06037480803,4808.03,Census Tract 4808.03,G5020,S,1091613,0,+34.0909207,-118.1536066,06,037,480803,Census Tract 4808.03; Los Angeles County; California,2980,332,647,212,21.71,371,171,0,14,371,171.572142260916,199.427857739084,542.572142260916,0.4624586044768625,more_reliable,12.45,57.34,114531.0,18883.0,0.1648723926273236,False,3,32,3,58,0,26,0.6934647302904564,0.7520746887966805,0.616701244813278,0.7169087136929461,0.1717842323651452,0.216597510373444,58.78,59.68,328,311,-17,False,False,outside_top_20
06,037,503202,06037503202,1400000US06037503202,5032.02,Census Tract 5032.02,G5020,S,1140900,0,+33.9393795,-118.0348881,06,037,503202,Census Tract 5032.02; Los Angeles County; California,4394,744,720,361,16.39,88,73,0,14,88,74.33034373659252,13.669656263407475,162.3303437365925,0.8446629970067332,usable_with_caution,2.0,12.22,108779.0,19436.0,0.178674192629092,False,1,9,1,11,0,2,0.21524896265560167,0.1592323651452282,0.5705394190871369,0.1928423236514523,0.6013485477178423,0.6938796680497925,35.01,36.86,745,722,-23,False,False,outside_top_20
06,037,501504,06037501504,1400000US06037501504,5015.04,Census Tract 5015.04,G5020,S,745545,0,+33.9792515,-118.0369951,06,037,501504,Census Tract 5015.04; Los Angeles County; California,3551,599,230,97,6.48,142,82,0,14,142,83.18653737234169,58.81346262765831,225.1865373723417,0.5858206857207161,usable_with_caution,4.0,61.74,56576.0,10609.0,0.1875176753393665,False,1,3,1,6,0,3,0.3770746887966805,0.379149377593361,0.06846473029045644,0.3779045643153527,0.7613070539419087,0.7813278008298756,39.27,39.67,676,674,-2,False,False,outside_top_20
06,037,480804,06037480804,1400000US06037480804,4808.04,Census Tract 4808.04,G5020,S,838408,0,+34.0957577,-118.1472584,06,037,480804,Census Tract 4808.04; Los Angeles County; California,4717,659,1911,482,40.51,1414,451,65,62,1479,455.24169404833737,1023.7583059516626,1934.2416940483372,0.3078037147047582,more_reliable,31.35,77.39,91291.0,10272.0,0.1125193063938394,False,2,37,5,67,3,30,0.9253112033195021,0.8973029045643154,0.36099585062240663,0.9141078838174275,0.20850622406639002,0.12385892116182573,66.24,64.54,183,207,24,False,False,outside_top_20
06,037,480903,06037480903,1400000US06037480903,4809.03,Census Tract 4809.03,G5020,S,803827,0,+34.0736606,-118.1393490,06,037,480903,Census Tract 4809.03; Los Angeles County; California,2860,493,1813,416,63.39,1420,388,27,36,1447,389.6665240946417,1057.3334759053582,1836.6665240946415,0.2692926911504089,more_reliable,50.59,79.81,106250.0,35538.0,0.334475294117647,False,8,41,17,74,9,33,0.9221991701244814,0.9740663900414938,0.5518672199170125,0.9429460580912863,0.06473029045643149,0.036514522821576745,68.91,68.34,153,155,2,False,False,outside_top_20
06,037,481002,06037481002,1400000US06037481002,4810.02,Census Tract 4810.02,G5020,S,934855,0,+34.0951891,-118.1189727,06,037,481002,Census Tract 4810.02; Los Angeles County; California,5794,569,2363,368,40.78,1647,296,123,93,1770,310.26601489689455,1459.7339851031054,2080.2660148968944,0.1752915338400534,more_reliable,30.55,74.9,84261.0,14662.0,0.1740069545815976,False,6,46,11,92,5,46,0.9481327800829875,0.8931535269709544,0.27385892116182575,0.9261410788381743,0.058195020746887954,0.03246887966804977,62.21,61.7,261,265,4,False,False,outside_top_20
06,037,481101,06037481101,1400000US06037481101,4811.01,Census Tract 4811.01,G5020,S,889216,0,+34.0991227,-118.1069720,06,037,481101,Census Tract 4811.01; Los Angeles County; California,4468,681,2040,479,45.66,1427,457,23,29,1450,457.91920684767086,992.0807931523292,1907.919206847671,0.3158063495501178,more_reliable,32.45,71.08,94550.0,27086.0,0.2864727657324167,False,3,44,9,91,6,47,0.9232365145228216,0.9014522821576764,0.40560165975103735,0.9145228215767636,0.12354771784232366,0.045020746887966784,65.45,63.88,194,222,28,False,False,outside_top_20
06,037,481102,06037481102,1400000US06037481102,4811.02,Census Tract 4811.02,G5020,S,615716,0,+34.0998357,-118.0944550,06,037,481102,Census Tract 4811.02; Los Angeles County; California,3702,418,1356,347,36.63,882,294,15,23,897,294.89828755013144,602.1017124498685,1191.8982875501315,0.3287606327203249,more_reliable,24.23,66.15,86037.0,18208.0,0.2116298801678347,False,2,38,9,78,7,40,0.8516597510373444,0.8692946058091287,0.29771784232365145,0.8587136929460581,0.20477178423236514,0.05778008298755187,61.57,58.63,273,336,63,False,False,outside_top_20
06,037,481103,06037481103,1400000US06037481103,4811.03,Census Tract 4811.03,G5020,S,1413607,0,+34.0934580,-118.0983355,06,037,481103,Census Tract 4811.03; Los Angeles County; California,5489,750,3074,555,56.0,2143,417,95,82,2238,424.9858821184535,1813.0141178815463,2662.985882118453,0.1898953896865297,more_reliable,40.77,72.8,77565.0,13663.0,0.176149036292142,False,8,44,18,91,10,47,0.9719917012448133,0.9377593360995851,0.19294605809128632,0.9582987551867219,0.05010373443983403,0.015560165975103724,62.36,61.67,257,267,10,False,False,outside_top_20
06,037,481201,06037481201,1400000US06037481201,4812.01,Census Tract 4812.01,G5020,S,1034688,0,+34.0976021,-118.0712136,06,037,481201,Census Tract 4812.01; Los Angeles County; California,3784,553,2176,390,57.51,1439,401,70,63,1509,405.9187110740277,1103.0812889259723,1914.918711074028,0.2689984831504491,more_reliable,39.88,69.35,95169.0,13319.0,0.139951034475512,False,2,36,3,76,1,40,0.9273858921161826,0.9336099585062241,0.4107883817427386,0.9298755186721992,0.21099585062240667,0.16618257261410788,68.23,67.33,163,173,10,False,False,outside_top_20
06,037,481300,06037481300,1400000US06037481300,4813,Census Tract 4813,G5020,S,896760,0,+34.0762772,-118.0825326,06,037,481300,Census Tract 4813; Los Angeles County; California,3032,440,2105,386,69.43,1121,336,0,14,1121,336.2915401850008,784.7084598149993,1457.2915401850007,0.2999924533318472,more_reliable,36.97,53.25,76250.0,12992.0,0.1703868852459016,False,10,42,19,85,9,43,0.8869294605809128,0.9180497925311203,0.18205394190871368,0.8993775933609959,0.05176348547717842,0.020228215767634894,58.64,58.01,332,345,13,False,False,outside_top_20
06,037,502100,06037502100,1400000US06037502100,5021,Census Tract 5021,G5020,S,1936985,0,+33.9726646,-118.0522272,06,037,502100,Census Tract 5021; Los Angeles County; California,5996,637,796,268,13.28,44,42,87,92,131,101.13357503816424,29.866424961835747,232.13357503816425,0.7720120231920935,usable_with_caution,2.18,16.46,95372.0,15657.0,0.1641676802415803,False,1,6,1,12,0,6,0.34647302904564314,0.1758298755186722,0.41286307053941906,0.2782157676348548,0.6940871369294606,0.674896265560166,38.83,38.45,686,696,10,False,False,outside_top_20
06,037,481604,06037481604,1400000US06037481604,4816.04,Census Tract 4816.04,G5020,S,623010,0,+34.0832452,-118.1260625,06,037,481604,Census Tract 4816.04; Los Angeles County; California,4000,703,2072,455,51.8,1506,448,11,17,1517,448.3224286158345,1068.6775713841655,1965.3224286158345,0.2955322535371354,more_reliable,37.92,73.21,79871.0,27840.0,0.3485620563158092,False,8,45,18,88,10,43,0.9294605809128631,0.9253112033195021,0.21991701244813278,0.9278008298755187,0.04574688796680493,0.02085062240663904,60.98,60.48,289,296,7,False,False,outside_top_20
06,037,481712,06037481712,1400000US06037481712,4817.12,Census Tract 4817.12,G5020,S,736600,0,+34.0663894,-118.1118998,06,037,481712,Census Tract 4817.12; Los Angeles County; California,5269,818,4670,871,88.63,3580,908,0,19,3580,908.1987667906184,2671.8012332093817,4488.198766790619,0.2536868063660945,more_reliable,67.94,76.66,46387.0,16410.0,0.3537629077112122,False,8,51,19,95,11,44,1.0,0.9979253112033195,0.03630705394190872,0.9991701244813278,0.019917012448132754,0.008091286307053958,61.07,60.84,287,287,0,False,False,outside_top_20
06,037,481713,06037481713,1400000US06037481713,4817.13,Census Tract 4817.13,G5020,S,466197,0,+34.0679641,-118.1291575,06,037,481713,Census Tract 4817.13; Los Angeles County; California,2892,454,2012,446,69.57,1820,465,26,30,1846,465.966737010272,1380.033262989728,2311.966737010272,0.2524196841875796,more_reliable,63.83,91.75,74453.0,30514.0,0.4098424509422051,False,13,44,29,79,16,35,0.9522821576763485,0.995850622406639,0.16597510373443983,0.9697095435684647,0.03392116182572615,0.016701244813278015,62.18,61.84,262,260,-2,False,False,outside_top_20
06,037,481714,06037481714,1400000US06037481714,4817.14,Census Tract 4817.14,G5020,S,455081,0,+34.0643060,-118.1290008,06,037,481714,Census Tract 4817.14; Los Angeles County; California,2595,329,1991,253,76.72,1577,248,29,44,1606,251.87298386289865,1354.1270161371012,1857.8729838628988,0.1568324930653167,more_reliable,61.89,80.66,42675.0,11671.0,0.273485647334505,False,11,44,26,79,15,35,0.9356846473029046,0.9937759336099585,0.028008298755186723,0.9589211618257262,0.039937759336099624,0.01773858921161826,58.89,58.45,325,342,17,False,False,outside_top_20
06,037,481800,06037481800,1400000US06037481800,4818,Census Tract 4818,G5020,S,822038,0,+34.0653167,-118.1407538,06,037,481800,Census Tract 4818; Los Angeles County; California,2382,228,1633,221,68.56,1207,228,31,28,1238,229.71286424577968,1008.2871357542203,1467.7128642457797,0.185551586628255,more_reliable,51.97,75.81,124219.0,19027.0,0.1531730250605785,False,9,40,15,68,6,28,0.9024896265560166,0.9802904564315352,0.7053941908713693,0.9336099585062241,0.06566390041493778,0.05404564315352696,71.44,71.21,119,117,-2,False,False,outside_top_20
06,037,481901,06037481901,1400000US06037481901,4819.01,Census Tract 4819.01,G5020,S,1833961,0,+34.0710196,-118.1550450,06,037,481901,Census Tract 4819.01; Los Angeles County; California,5581,547,1898,294,34.01,1298,300,31,34,1329,301.9205193424256,1027.0794806575743,1630.9205193424257,0.22717872034795,more_reliable,23.81,70.02,113607.0,22125.0,0.1947503234835881,False,3,30,3,53,0,23,0.9097510373443983,0.8682572614107884,0.6058091286307054,0.8931535269709543,0.18049792531120334,0.22624481327800827,69.32,70.23,142,128,-14,False,False,outside_top_20
06,037,481500,06037481500,1400000US06037481500,4815,Census Tract 4815,G5020,S,2188073,0,+34.0821843,-118.1127589,06,037,481500,Census Tract 4815; Los Angeles County; California,4458,484,3306,366,74.16,2385,414,47,46,2432,416.5477163543212,2015.4522836456788,2848.547716354321,0.1712778438956912,more_reliable,54.55,73.56,82604.0,16969.0,0.2054258873662292,False,10,44,17,90,7,46,0.9782157676348547,0.9865145228215768,0.2520746887966805,0.9815352697095435,0.04242738589211621,0.020331950207468853,64.78,64.34,216,211,-5,False,False,outside_top_20
06,037,481902,06037481902,1400000US06037481902,4819.02,Census Tract 4819.02,G5020,S,886368,1730,+34.0661164,-118.1501366,06,037,481902,Census Tract 4819.02; Los Angeles County; California,3172,468,1370,371,43.19,884,262,14,22,898,262.9220416777566,635.0779583222434,1160.9220416777566,0.292786237948504,more_reliable,28.31,65.55,84700.0,12072.0,0.1425265643447461,False,7,35,8,62,1,27,0.8526970954356846,0.8869294605809128,0.28319502074688796,0.866390041493776,0.09719917012448134,0.10435684647302905,59.59,59.73,312,308,-4,False,False,outside_top_20
06,037,482001,06037482001,1400000US06037482001,4820.01,Census Tract 4820.01,G5020,S,2920360,24958,+34.0529634,-118.1585861,06,037,482001,Census Tract 4820.01; Los Angeles County; California,2549,279,1633,182,64.06,978,217,25,31,1003,219.2031021678297,783.7968978321703,1222.2031021678297,0.2185474597884643,more_reliable,39.35,61.42,143750.0,25280.0,0.1758608695652174,False,1,30,1,52,0,22,0.8744813278008299,0.9299792531120332,0.8143153526970954,0.8966804979253112,0.3128630705394191,0.3447095435684647,76.34,76.98,72,58,-14,False,False,outside_top_20
06,037,482101,06037482101,1400000US06037482101,4821.01,Census Tract 4821.01,G5020,S,1152249,0,+34.0587488,-118.1353858,06,037,482101,Census Tract 4821.01; Los Angeles County; California,3885,550,2667,433,68.65,2038,458,53,48,2091,460.5084146896775,1630.4915853103223,2551.508414689677,0.2202335794785641,more_reliable,53.82,78.4,75511.0,36108.0,0.4781819867304101,False,11,42,22,72,11,30,0.9647302904564315,0.9844398340248963,0.17842323651452283,0.9726141078838174,0.04927385892116183,0.0310165975103734,62.91,62.55,247,248,1,False,False,outside_top_20
06,037,482102,06037482102,1400000US06037482102,4821.02,Census Tract 4821.02,G5020,S,1098019,0,+34.0506590,-118.1328703,06,037,482102,Census Tract 4821.02; Los Angeles County; California,3131,465,1860,410,59.41,1211,267,19,23,1230,267.9888057363591,962.0111942636408,1497.9888057363592,0.2178770778344383,more_reliable,39.28,66.13,91500.0,27548.0,0.3010710382513661,False,7,41,14,70,7,29,0.9004149377593361,0.9284232365145229,0.3651452282157676,0.9116182572614108,0.07199170124481324,0.049792531120331995,63.44,63.0,240,241,1,False,False,outside_top_20
06,037,134424,06037134424,1400000US06037134424,1344.24,Census Tract 1344.24,G5020,S,3713069,0,+34.2135678,-118.6565672,06,037,134424,Census Tract 1344.24; Los Angeles County; California,2748,319,577,132,21.0,274,165,72,72,346,180.02499826412998,165.97500173587002,526.02499826413,0.5203034631911271,usable_with_caution,12.59,59.97,157980.0,17212.0,0.1089505000632991,False,0,3,0,3,0,0,0.6727178423236515,0.7572614107883817,0.8620331950207469,0.7065352697095436,0.8733402489626556,0.9060165975103736,77.1,77.75,64,50,-14,False,False,outside_top_20
06,037,500500,06037500500,1400000US06037500500,5005,Census Tract 5005,G5020,S,645194,23163,+34.0153870,-118.0846905,06,037,500500,Census Tract 5005; Los Angeles County; California,2764,440,138,90,4.99,103,79,0,14,103,80.23091673413684,22.76908326586316,183.23091673413683,0.7789409391663771,usable_with_caution,3.73,74.64,66818.0,23513.0,0.3518961956359065,False,1,12,2,14,1,2,0.2645228215767635,0.3537344398340249,0.12136929460580913,0.3002074688796681,0.5110995850622406,0.5729253112033195,30.66,31.9,797,784,-13,False,False,outside_top_20
06,037,480400,06037480400,1400000US06037480400,4804,Census Tract 4804,G5020,S,1285545,0,+34.1039997,-118.1321698,06,037,480400,Census Tract 4804; Los Angeles County; California,5899,658,2226,492,37.74,1223,362,172,203,1395,415.03373356873055,979.9662664312694,1810.0337335687304,0.2975152211962226,more_reliable,23.65,62.67,93341.0,11927.0,0.1277787895994257,False,5,34,9,69,4,35,0.9159751037344398,0.8661825726141079,0.38900414937759337,0.896058091286307,0.12261410788381744,0.07334024896265562,64.0,63.01,231,240,9,False,False,outside_top_20
06,037,480500,06037480500,1400000US06037480500,4805,Census Tract 4805,G5020,S,2111457,0,+34.1082685,-118.1449206,06,037,480500,Census Tract 4805; Los Angeles County; California,5287,574,1491,465,28.2,628,268,163,157,791,310.60103026229643,480.3989697377036,1101.6010302622965,0.392668811962448,more_reliable,14.96,53.05,121620.0,27194.0,0.22359809241901,False,2,22,3,40,1,18,0.8246887966804979,0.7904564315352697,0.6825726141078838,0.8109958506224066,0.25425311203319506,0.2517634854771785,67.4,67.35,172,169,-3,False,False,outside_top_20
06,037,554512,06037554512,1400000US06037554512,5545.12,Census Tract 5545.12,G5020,S,3833212,0,+33.8767524,-118.0551677,06,037,554512,Census Tract 5545.12; Los Angeles County; California,6504,654,4008,465,61.62,601,284,217,180,818,336.23801093868013,481.7619890613199,1154.2380109386802,0.4110489131279708,more_reliable,12.58,20.41,181179.0,26856.0,0.1482290993989369,False,0,10,1,18,1,8,0.8309128630705395,0.7562240663900415,0.921161825726141,0.8010373443983403,0.6810165975103735,0.5697095435684647,80.11,77.88,40,49,9,False,False,outside_top_20
06,037,554514,06037554514,1400000US06037554514,5545.14,Census Tract 5545.14,G5020,S,1506540,0,+33.8741129,-118.0696560,06,037,554514,Census Tract 5545.14; Los Angeles County; California,4571,563,2335,287,51.08,399,154,87,87,486,176.87566254292872,309.1243374570713,662.8756625429287,0.363941692475162,more_reliable,10.63,20.81,146946.0,12858.0,0.0875015311747172,False,3,11,6,19,3,8,0.7484439834024896,0.7157676348547718,0.8236514522821576,0.7353734439834025,0.4070539419087137,0.3518672199170124,68.74,67.63,157,162,5,False,False,outside_top_20
06,037,532101,06037532101,1400000US06037532101,5321.01,Census Tract 5321.01,G5020,S,1383697,52358,+34.0048535,-118.1062505,06,037,532101,Census Tract 5321.01; Los Angeles County; California,6979,1149,456,196,6.53,261,225,0,19,261,225.8007971642261,35.19920283577386,486.8007971642261,0.8651371538859239,usable_with_caution,3.74,57.24,56989.0,21525.0,0.3777044692835459,False,2,14,2,19,0,5,0.5736514522821576,0.3552904564315353,0.07157676348547717,0.48630705394190865,0.3728215767634855,0.48360995850622407,38.07,40.28,698,671,-27,False,False,outside_top_20
06,037,532002,06037532002,1400000US06037532002,5320.02,Census Tract 5320.02,G5020,S,833503,0,+34.0035292,-118.1174050,06,037,532002,Census Tract 5320.02; Los Angeles County; California,3487,413,258,127,7.4,102,85,0,14,102,86.14522621712709,15.854773782872911,188.1452262171271,0.8445610413443833,usable_with_caution,2.93,39.53,82750.0,9440.0,0.1140785498489426,False,2,17,2,22,0,5,0.2619294605809129,0.274896265560166,0.25622406639004147,0.2671161825726141,0.3034232365145228,0.4387966804979253,27.22,29.93,837,803,-34,False,False,outside_top_20
06,037,554515,06037554515,1400000US06037554515,5545.15,Census Tract 5545.15,G5020,S,1209028,0,+33.8520795,-118.0774113,06,037,554515,Census Tract 5545.15; Los Angeles County; California,3263,386,2091,352,64.08,144,99,0,14,144,99.98499887483122,44.01500112516878,243.9849988748312,0.6943402699641057,usable_with_caution,4.41,6.89,89161.0,11468.0,0.1286212581734166,False,4,9,6,16,2,7,0.383298755186722,0.42012448132780084,0.3360995850622407,0.39802904564315356,0.4391078838174274,0.4022821576763485,39.39,38.65,673,689,16,False,False,outside_top_20
06,037,554516,06037554516,1400000US06037554516,5545.16,Census Tract 5545.16,G5020,S,1453809,0,+33.8553141,-118.0672795,06,037,554516,Census Tract 5545.16; Los Angeles County; California,3922,693,2836,690,72.31,536,242,426,326,962,406.00492607848986,555.9950739215101,1368.00492607849,0.4220425427011329,more_reliable,24.53,33.92,165357.0,42479.0,0.256892662542257,False,2,9,3,16,1,7,0.8682572614107884,0.8724066390041494,0.8921161825726142,0.8699170124481328,0.5212655601659751,0.483609958506224,80.46,79.71,37,39,2,False,False,outside_top_20
06,037,554518,06037554518,1400000US06037554518,5545.18,Census Tract 5545.18,G5020,S,1749314,57989,+33.8682287,-118.0397288,06,037,554518,Census Tract 5545.18; Los Angeles County; California,4993,477,3529,370,70.68,897,303,44,36,941,305.1311193569086,635.8688806430914,1246.1311193569086,0.3242626135567573,more_reliable,18.85,26.66,117120.0,20906.0,0.1785006830601093,False,0,7,0,13,0,6,0.8620331950207469,0.8267634854771784,0.6358921161825726,0.8479253112033196,0.7737551867219918,0.7445020746887967,79.07,78.48,46,42,-4,False,False,outside_top_20
06,037,554519,06037554519,1400000US06037554519,5545.19,Census Tract 5545.19,G5020,S,1643430,90226,+33.8534170,-118.0578794,06,037,554519,Census Tract 5545.19; Los Angeles County; California,3201,652,2524,637,78.85,295,156,249,147,544,214.34784813475505,329.65215186524495,758.347848134755,0.3940217796594761,more_reliable,16.99,21.55,115058.0,22187.0,0.1928331797875853,False,1,8,1,15,0,7,0.7712655601659751,0.8132780082987552,0.6224066390041494,0.7880705394190872,0.6321576763485477,0.6188796680497926,72.38,72.11,110,103,-7,False,False,outside_top_20
06,037,554521,06037554521,1400000US06037554521,5545.21,Census Tract 5545.21,G5020,S,4833208,114000,+33.8721330,-118.1001151,06,037,554521,Census Tract 5545.21; Los Angeles County; California,5809,655,2540,566,43.73,322,166,52,65,374,178.27226368675525,195.72773631324475,552.2722636867552,0.4766638066490782,more_reliable,6.44,14.72,122148.0,13244.0,0.1084258440580279,False,1,15,2,23,1,8,0.6950207468879668,0.5700207468879668,0.6898340248962656,0.6450207468879667,0.42676348547717846,0.42230290456431535,61.03,60.94,288,282,-6,False,False,outside_top_20
06,037,554522,06037554522,1400000US06037554522,5545.22,Census Tract 5545.22,G5020,S,2153694,39477,+33.8523009,-118.0931498,06,037,554522,Census Tract 5545.22; Los Angeles County; California,4934,694,2531,580,51.3,283,178,37,45,320,183.60010893242955,136.39989106757045,503.6001089324295,0.5737503404138423,usable_with_caution,6.49,12.64,122243.0,40848.0,0.3341541028934172,False,3,9,6,16,3,7,0.6441908713692946,0.5726141078838174,0.6908713692946058,0.6155601659751038,0.46898340248962656,0.4022821576763485,60.13,58.8,302,335,33,False,False,outside_top_20
06,037,554802,06037554802,1400000US06037554802,5548.02,Census Tract 5548.02,G5020,S,1535465,0,+33.8693943,-118.0806897,06,037,554802,Census Tract 5548.02; Los Angeles County; California,5630,579,3603,646,64.0,358,210,129,114,487,238.9476930208785,248.05230697912148,725.9476930208785,0.4906523470654589,more_reliable,8.65,13.52,109000.0,20044.0,0.1838899082568807,False,7,14,11,22,4,8,0.7505186721991701,0.6628630705394191,0.5715767634854771,0.7154564315352696,0.25435684647302903,0.27116182572614106,59.45,59.78,315,307,-8,False,False,outside_top_20
06,037,620602,06037620602,1400000US06037620602,6206.02,Census Tract 6206.02,G5020,S,1348736,0,+33.8622506,-118.3649802,06,037,620602,Census Tract 6206.02; Los Angeles County; California,5899,773,1164,343,19.73,270,228,144,132,414,263.4539808012018,150.5460191987982,677.4539808012019,0.636362272466671,usable_with_caution,7.02,35.57,158000.0,41931.0,0.2653860759493671,False,1,12,1,18,0,6,0.7188796680497925,0.6073651452282157,0.8630705394190872,0.6742738589211618,0.5110995850622406,0.5697095435684647,67.94,69.11,165,143,-22,False,False,outside_top_20
06,037,620701,06037620701,1400000US06037620701,6207.01,Census Tract 6207.01,G5020,S,1019068,0,+33.8699757,-118.3812879,06,037,620701,Census Tract 6207.01; Los Angeles County; California,7033,712,1185,316,16.85,249,168,0,19,249,169.07099100673656,79.92900899326344,418.07099100673656,0.6789999638824762,usable_with_caution,3.54,21.01,205080.0,34718.0,0.1692900331577921,False,0,8,1,13,1,5,0.5622406639004149,0.3381742738589212,0.9605809128630706,0.4726141078838174,0.7441908713692946,0.6571576763485477,62.45,60.71,255,289,34,False,False,outside_top_20
06,037,620901,06037620901,1400000US06037620901,6209.01,Census Tract 6209.01,G5020,S,873408,0,+33.8828078,-118.4003277,06,037,620901,Census Tract 6209.01; Los Angeles County; California,2722,451,238,136,8.74,151,128,40,42,191,134.7145129523913,56.28548704760871,325.71451295239126,0.7053115861381742,usable_with_caution,7.02,80.25,250001.0,,,True,1,8,2,11,1,3,0.4756224066390041,0.6073651452282157,0.9948132780082988,0.5283195020746888,0.6321576763485477,0.6276970954356846,64.24,64.15,228,216,-12,False,False,outside_top_20
06,037,621001,06037621001,1400000US06037621001,6210.01,Census Tract 6210.01,G5020,S,951843,0,+33.8698475,-118.3939677,06,037,621001,Census Tract 6210.01; Los Angeles County; California,4954,550,448,235,9.04,150,116,19,20,169,117.71151175649727,51.28848824350271,286.7115117564973,0.6965178210443627,usable_with_caution,3.41,37.72,175699.0,34905.0,0.198663623583515,False,1,7,2,11,1,4,0.42738589211618255,0.3236514522821577,0.9139004149377593,0.3858921161825726,0.6617219917012449,0.6276970954356846,54.67,53.99,420,438,18,False,False,outside_top_20
06,037,554900,06037554900,1400000US06037554900,5549,Census Tract 5549,G5020,S,1757679,0,+33.8612644,-118.0792347,06,037,554900,Census Tract 5549; Los Angeles County; California,7222,719,2889,909,40.0,196,240,86,137,282,276.3494165001982,5.650583499801826,558.3494165001982,0.9799624698588588,usable_with_caution,3.9,9.76,91471.0,14097.0,0.154114418777536,False,6,10,10,18,4,8,0.6073651452282157,0.3703319502074689,0.36410788381742737,0.512551867219917,0.3799792531120331,0.3402489626556016,45.63,44.84,592,610,18,False,False,outside_top_20
06,037,555001,06037555001,1400000US06037555001,5550.01,Census Tract 5550.01,G5020,S,1262437,25935,+33.8430305,-118.0882639,06,037,555001,Census Tract 5550.01; Los Angeles County; California,5158,549,1701,490,32.98,436,367,45,53,481,370.8072275455267,110.1927724544733,851.8072275455268,0.770908996976147,usable_with_caution,9.33,28.28,92967.0,17619.0,0.1895188615315111,False,0,9,1,14,1,5,0.7442946058091287,0.6836099585062241,0.3848547717842324,0.7200207468879669,0.7133817427385892,0.6391078838174273,65.17,63.68,205,226,21,False,False,outside_top_20
06,037,650702,06037650702,1400000US06037650702,6507.02,Census Tract 6507.02,G5020,S,1398966,0,+33.8322224,-118.3675832,06,037,650702,Census Tract 6507.02; Los Angeles County; California,4754,471,1354,396,28.48,288,146,27,24,315,147.95945390545344,167.04054609454656,462.9594539054534,0.4697125520808046,more_reliable,6.63,23.26,158493.0,21613.0,0.1363656439085638,False,1,13,2,20,1,7,0.6405601659751037,0.5809128630705395,0.8651452282157677,0.616701244813278,0.48122406639004156,0.4658713692946058,63.93,63.62,233,227,-6,False,False,outside_top_20
06,037,651001,06037651001,1400000US06037651001,6510.01,Census Tract 6510.01,G5020,S,1416729,1784,+33.8123572,-118.3130811,06,037,651001,Census Tract 6510.01; Los Angeles County; California,5360,647,1495,450,27.89,86,62,32,39,118,73.24616030891995,44.753839691080046,191.24616030892,0.6207301721094911,usable_with_caution,2.2,7.89,123191.0,26095.0,0.2118255392033509,False,0,16,0,22,0,6,0.31224066390041494,0.18049792531120332,0.6981327800829875,0.2595435684647303,0.5148340248962656,0.5923236514522822,39.83,41.38,671,662,-9,False,False,outside_top_20
06,037,651002,06037651002,1400000US06037651002,6510.02,Census Tract 6510.02,G5020,S,1184085,0,+33.8139782,-118.3240422,06,037,651002,Census Tract 6510.02; Los Angeles County; California,4571,544,2071,440,45.31,184,79,56,55,240,96.26006440887105,143.73993559112898,336.260064408871,0.4010836017036293,more_reliable,5.25,11.59,119868.0,18256.0,0.1523008642840458,False,0,12,0,18,0,6,0.5446058091286307,0.49377593360995853,0.6618257261410788,0.5242738589211617,0.6231327800829876,0.6570539419087137,57.16,57.83,363,350,-13,False,False,outside_top_20
06,037,570100,06037570100,1400000US06037570100,5701,Census Tract 5701,G5020,S,1159348,0,+33.8644443,-118.1532248,06,037,570100,Census Tract 5701; Los Angeles County; California,3044,497,990,420,32.52,11,14,17,20,28,24.413111231467404,3.586888768532596,52.41311123146741,0.8718968296952644,usable_with_caution,0.92,2.83,113478.0,4708.0,0.0414882179805777,False,1,9,1,10,0,1,0.007261410788381743,0.012966804979253113,0.6037344398340249,0.009543568464730291,0.6013485477178423,0.7131742738589211,24.67,26.91,874,848,-26,False,False,outside_top_20
06,037,651101,06037651101,1400000US06037651101,6511.01,Census Tract 6511.01,G5020,S,5571430,2404,+33.8072129,-118.3366655,06,037,651101,Census Tract 6511.01; Los Angeles County; California,4732,532,1978,470,41.8,261,156,40,39,301,160.80111939908875,140.19888060091125,461.8011193990888,0.5342229880368397,usable_with_caution,6.36,15.22,126535.0,9565.0,0.0755917335124669,False,3,13,3,20,0,7,0.6260373443983402,0.5632780082987552,0.7230290456431535,0.6009336099585062,0.34885892116182576,0.4154564315352697,57.49,58.83,357,333,-24,False,False,outside_top_20
06,037,651102,06037651102,1400000US06037651102,6511.02,Census Tract 6511.02,G5020,S,839418,0,+33.8211157,-118.3462592,06,037,651102,Census Tract 6511.02; Los Angeles County; California,4179,646,1804,450,43.17,346,128,105,137,451,187.49133313302775,263.50866686697225,638.4913331330278,0.4157235767916358,more_reliable,10.79,25.0,84688.0,18488.0,0.2183071981862837,False,3,13,3,21,0,8,0.7302904564315352,0.7188796680497925,0.2821576763485477,0.7257261410788381,0.34885892116182576,0.4020746887966805,56.16,57.23,386,360,-26,False,False,outside_top_20
06,037,651201,06037651201,1400000US06037651201,6512.01,Census Tract 6512.01,G5020,S,1742825,0,+33.8209946,-118.3675156,06,037,651201,Census Tract 6512.01; Los Angeles County; California,4391,904,1311,731,29.86,303,149,11,17,314,149.96666296213968,164.03333703786032,463.9666629621397,0.4776008374590436,more_reliable,7.15,23.95,162875.0,50228.0,0.3083837298541826,False,1,13,4,19,3,6,0.6379668049792531,0.6130705394190872,0.8817427385892116,0.6280082987551867,0.48122406639004156,0.395850622406639,64.94,63.23,214,236,22,False,False,outside_top_20
06,037,651222,06037651222,1400000US06037651222,6512.22,Census Tract 6512.22,G5020,S,1503295,26109,+33.8120550,-118.3581565,06,037,651222,Census Tract 6512.22; Los Angeles County; California,6113,878,2138,716,34.97,349,288,15,26,364,289.1712295509358,74.82877044906422,653.1712295509358,0.7944264548102631,usable_with_caution,5.95,17.03,105276.0,12048.0,0.1144420380713552,False,4,12,7,19,3,7,0.6851659751037344,0.5373443983402489,0.5414937759336099,0.6260373443983402,0.3488589211618257,0.3402489626556016,55.37,55.2,405,409,4,False,False,outside_top_20
06,037,480902,06037480902,1400000US06037480902,4809.02,Census Tract 4809.02,G5020,S,513493,0,+34.0802799,-118.1389262,06,037,480902,Census Tract 4809.02; Los Angeles County; California,4009,690,2119,754,52.86,1453,721,16,26,1469,721.4686410371555,747.5313589628445,2190.4686410371555,0.4911290953282202,more_reliable,36.64,69.33,64932.0,10736.0,0.165342204152036,False,9,42,18,76,9,34,0.9242738589211619,0.91701244813278,0.10477178423236515,0.9213692946058092,0.055082987551867205,0.030497925311203322,58.48,57.99,336,346,10,False,False,outside_top_20
06,037,181400,06037181400,1400000US06037181400,1814,Census Tract 1814,G5020,S,879184,0,+34.1367194,-118.2088736,06,037,181400,Census Tract 1814; Los Angeles County; California,4247,597,1166,252,27.45,56,36,0,14,56,38.62641583165593,17.373584168344067,94.62641583165592,0.6897574255652845,usable_with_caution,1.32,4.8,106075.0,11003.0,0.1037284939901013,False,1,7,2,12,1,5,0.08973029045643154,0.06587136929460581,0.5487551867219918,0.08018672199170124,0.6617219917012449,0.6087136929460581,29.02,27.96,813,835,22,False,False,outside_top_20
